zona,secao,codigo_local,local_id,nome_local,bairro,endereco,latitude,longitude
1,31,1023,1_1023,COLEGIO BOA VIAGEM,BOA VIAGEM,"RUA PROFESSOR EDUARDO WANDERLEY FILHO, 539 BOA VIAGEM",-8.1107234,-34.8945368
1,32,1023,1_1023,COLEGIO BOA VIAGEM,BOA VIAGEM,"RUA PROFESSOR EDUARDO WANDERLEY FILHO, 539 BOA VIAGEM",-8.1107234,-34.8945368
1,33,1023,1_1023,COLEGIO BOA VIAGEM,BOA VIAGEM,"RUA PROFESSOR EDUARDO WANDERLEY FILHO, 539 BOA VIAGEM",-8.1107234,-34.8945368
1,34,1023,1_1023,COLEGIO BOA VIAGEM,BOA VIAGEM,"RUA PROFESSOR EDUARDO WANDERLEY FILHO, 539 BOA VIAGEM",-8.1107234,-34.8945368
1,35,1023,1_1023,COLEGIO BOA VIAGEM,BOA VIAGEM,"RUA PROFESSOR EDUARDO WANDERLEY FILHO, 539 BOA VIAGEM",-8.1107234,-34.8945368
1,36,1023,1_1023,COLEGIO BOA VIAGEM,BOA VIAGEM,"RUA PROFESSOR EDUARDO WANDERLEY FILHO, 539 BOA VIAGEM",-8.1107234,-34.8945368
1,37,1023,1_1023,COLEGIO BOA VIAGEM,BOA VIAGEM,"RUA PROFESSOR EDUARDO WANDERLEY FILHO, 539 BOA VIAGEM",-8.1107234,-34.8945368
1,38,1023,1_1023,COLEGIO BOA VIAGEM,BOA VIAGEM,"RUA PROFESSOR EDUARDO WANDERLEY FILHO, 539 BOA VIAGEM",-8.1107234,-34.8945368
1,39,1023,1_1023,COLEGIO BOA VIAGEM,BOA VIAGEM,"RUA PROFESSOR EDUARDO WANDERLEY FILHO, 539 BOA VIAGEM",-8.1107234,-34.8945368
1,40,1023,1_1023,COLEGIO BOA VIAGEM,BOA VIAGEM,"RUA PROFESSOR EDUARDO WANDERLEY FILHO, 539 BOA VIAGEM",-8.1107234,-34.8945368
1,41,1023,1_1023,COLEGIO BOA VIAGEM,BOA VIAGEM,"RUA PROFESSOR EDUARDO WANDERLEY FILHO, 539 BOA VIAGEM",-8.1107234,-34.8945368
1,42,1023,1_1023,COLEGIO BOA VIAGEM,BOA VIAGEM,"RUA PROFESSOR EDUARDO WANDERLEY FILHO, 539 BOA VIAGEM",-8.1107234,-34.8945368
1,219,1023,1_1023,COLEGIO BOA VIAGEM,BOA VIAGEM,"RUA PROFESSOR EDUARDO WANDERLEY FILHO, 539 BOA VIAGEM",-8.1107234,-34.8945368
1,225,1023,1_1023,COLEGIO BOA VIAGEM,BOA VIAGEM,"RUA PROFESSOR EDUARDO WANDERLEY FILHO, 539 BOA VIAGEM",-8.1107234,-34.8945368
1,230,1023,1_1023,COLEGIO BOA VIAGEM,BOA VIAGEM,"RUA PROFESSOR EDUARDO WANDERLEY FILHO, 539 BOA VIAGEM",-8.1107234,-34.8945368
1,232,1023,1_1023,COLEGIO BOA VIAGEM,BOA VIAGEM,"RUA PROFESSOR EDUARDO WANDERLEY FILHO, 539 BOA VIAGEM",-8.1107234,-34.8945368
1,239,1023,1_1023,COLEGIO BOA VIAGEM,BOA VIAGEM,"RUA PROFESSOR EDUARDO WANDERLEY FILHO, 539 BOA VIAGEM",-8.1107234,-34.8945368
1,247,1023,1_1023,COLEGIO BOA VIAGEM,BOA VIAGEM,"RUA PROFESSOR EDUARDO WANDERLEY FILHO, 539 BOA VIAGEM",-8.1107234,-34.8945368
1,316,1023,1_1023,COLEGIO BOA VIAGEM,BOA VIAGEM,"RUA PROFESSOR EDUARDO WANDERLEY FILHO, 539 BOA VIAGEM",-8.1107234,-34.8945368
1,319,1023,1_1023,COLEGIO BOA VIAGEM,BOA VIAGEM,"RUA PROFESSOR EDUARDO WANDERLEY FILHO, 539 BOA VIAGEM",-8.1107234,-34.8945368
1,329,1023,1_1023,COLEGIO BOA VIAGEM,BOA VIAGEM,"RUA PROFESSOR EDUARDO WANDERLEY FILHO, 539 BOA VIAGEM",-8.1107234,-34.8945368
1,338,1023,1_1023,COLEGIO BOA VIAGEM,BOA VIAGEM,"RUA PROFESSOR EDUARDO WANDERLEY FILHO, 539 BOA VIAGEM",-8.1107234,-34.8945368
1,339,1023,1_1023,COLEGIO BOA VIAGEM,BOA VIAGEM,"RUA PROFESSOR EDUARDO WANDERLEY FILHO, 539 BOA VIAGEM",-8.1107234,-34.8945368
1,340,1023,1_1023,COLEGIO BOA VIAGEM,BOA VIAGEM,"RUA PROFESSOR EDUARDO WANDERLEY FILHO, 539 BOA VIAGEM",-8.1107234,-34.8945368
1,341,1023,1_1023,COLEGIO BOA VIAGEM,BOA VIAGEM,"RUA PROFESSOR EDUARDO WANDERLEY FILHO, 539 BOA VIAGEM",-8.1107234,-34.8945368
1,342,1023,1_1023,COLEGIO BOA VIAGEM,BOA VIAGEM,"RUA PROFESSOR EDUARDO WANDERLEY FILHO, 539 BOA VIAGEM",-8.1107234,-34.8945368
1,448,1023,1_1023,COLEGIO BOA VIAGEM,BOA VIAGEM,"RUA PROFESSOR EDUARDO WANDERLEY FILHO, 539 BOA VIAGEM",-8.1107234,-34.8945368
1,55,1040,1_1040,COLEGIO SANTA MARIA,BOA VIAGEM,"RUA PADRE BERNARDINO PESSOA, 512 BOA VIAGEM",-8.1126771,-34.8971096
1,56,1040,1_1040,COLEGIO SANTA MARIA,BOA VIAGEM,"RUA PADRE BERNARDINO PESSOA, 512 BOA VIAGEM",-8.1126771,-34.8971096
1,57,1040,1_1040,COLEGIO SANTA MARIA,BOA VIAGEM,"RUA PADRE BERNARDINO PESSOA, 512 BOA VIAGEM",-8.1126771,-34.8971096
1,58,1040,1_1040,COLEGIO SANTA MARIA,BOA VIAGEM,"RUA PADRE BERNARDINO PESSOA, 512 BOA VIAGEM",-8.1126771,-34.8971096
1,59,1040,1_1040,COLEGIO SANTA MARIA,BOA VIAGEM,"RUA PADRE BERNARDINO PESSOA, 512 BOA VIAGEM",-8.1126771,-34.8971096
1,60,1040,1_1040,COLEGIO SANTA MARIA,BOA VIAGEM,"RUA PADRE BERNARDINO PESSOA, 512 BOA VIAGEM",-8.1126771,-34.8971096
1,61,1040,1_1040,COLEGIO SANTA MARIA,BOA VIAGEM,"RUA PADRE BERNARDINO PESSOA, 512 BOA VIAGEM",-8.1126771,-34.8971096
1,62,1040,1_1040,COLEGIO SANTA MARIA,BOA VIAGEM,"RUA PADRE BERNARDINO PESSOA, 512 BOA VIAGEM",-8.1126771,-34.8971096
1,63,1040,1_1040,COLEGIO SANTA MARIA,BOA VIAGEM,"RUA PADRE BERNARDINO PESSOA, 512 BOA VIAGEM",-8.1126771,-34.8971096
1,64,1040,1_1040,COLEGIO SANTA MARIA,BOA VIAGEM,"RUA PADRE BERNARDINO PESSOA, 512 BOA VIAGEM",-8.1126771,-34.8971096
1,65,1040,1_1040,COLEGIO SANTA MARIA,BOA VIAGEM,"RUA PADRE BERNARDINO PESSOA, 512 BOA VIAGEM",-8.1126771,-34.8971096
1,66,1040,1_1040,COLEGIO SANTA MARIA,BOA VIAGEM,"RUA PADRE BERNARDINO PESSOA, 512 BOA VIAGEM",-8.1126771,-34.8971096
1,67,1040,1_1040,COLEGIO SANTA MARIA,BOA VIAGEM,"RUA PADRE BERNARDINO PESSOA, 512 BOA VIAGEM",-8.1126771,-34.8971096
1,68,1040,1_1040,COLEGIO SANTA MARIA,BOA VIAGEM,"RUA PADRE BERNARDINO PESSOA, 512 BOA VIAGEM",-8.1126771,-34.8971096
1,69,1040,1_1040,COLEGIO SANTA MARIA,BOA VIAGEM,"RUA PADRE BERNARDINO PESSOA, 512 BOA VIAGEM",-8.1126771,-34.8971096
1,70,1040,1_1040,COLEGIO SANTA MARIA,BOA VIAGEM,"RUA PADRE BERNARDINO PESSOA, 512 BOA VIAGEM",-8.1126771,-34.8971096
1,71,1040,1_1040,COLEGIO SANTA MARIA,BOA VIAGEM,"RUA PADRE BERNARDINO PESSOA, 512 BOA VIAGEM",-8.1126771,-34.8971096
1,72,1040,1_1040,COLEGIO SANTA MARIA,BOA VIAGEM,"RUA PADRE BERNARDINO PESSOA, 512 BOA VIAGEM",-8.1126771,-34.8971096
1,73,1040,1_1040,COLEGIO SANTA MARIA,BOA VIAGEM,"RUA PADRE BERNARDINO PESSOA, 512 BOA VIAGEM",-8.1126771,-34.8971096
1,74,1040,1_1040,COLEGIO SANTA MARIA,BOA VIAGEM,"RUA PADRE BERNARDINO PESSOA, 512 BOA VIAGEM",-8.1126771,-34.8971096
1,75,1040,1_1040,COLEGIO SANTA MARIA,BOA VIAGEM,"RUA PADRE BERNARDINO PESSOA, 512 BOA VIAGEM",-8.1126771,-34.8971096
1,210,1040,1_1040,COLEGIO SANTA MARIA,BOA VIAGEM,"RUA PADRE BERNARDINO PESSOA, 512 BOA VIAGEM",-8.1126771,-34.8971096
1,246,1040,1_1040,COLEGIO SANTA MARIA,BOA VIAGEM,"RUA PADRE BERNARDINO PESSOA, 512 BOA VIAGEM",-8.1126771,-34.8971096
1,256,1040,1_1040,COLEGIO SANTA MARIA,BOA VIAGEM,"RUA PADRE BERNARDINO PESSOA, 512 BOA VIAGEM",-8.1126771,-34.8971096
1,304,1040,1_1040,COLEGIO SANTA MARIA,BOA VIAGEM,"RUA PADRE BERNARDINO PESSOA, 512 BOA VIAGEM",-8.1126771,-34.8971096
1,307,1040,1_1040,COLEGIO SANTA MARIA,BOA VIAGEM,"RUA PADRE BERNARDINO PESSOA, 512 BOA VIAGEM",-8.1126771,-34.8971096
1,312,1040,1_1040,COLEGIO SANTA MARIA,BOA VIAGEM,"RUA PADRE BERNARDINO PESSOA, 512 BOA VIAGEM",-8.1126771,-34.8971096
1,313,1040,1_1040,COLEGIO SANTA MARIA,BOA VIAGEM,"RUA PADRE BERNARDINO PESSOA, 512 BOA VIAGEM",-8.1126771,-34.8971096
1,320,1040,1_1040,COLEGIO SANTA MARIA,BOA VIAGEM,"RUA PADRE BERNARDINO PESSOA, 512 BOA VIAGEM",-8.1126771,-34.8971096
1,328,1040,1_1040,COLEGIO SANTA MARIA,BOA VIAGEM,"RUA PADRE BERNARDINO PESSOA, 512 BOA VIAGEM",-8.1126771,-34.8971096
1,442,1040,1_1040,COLEGIO SANTA MARIA,BOA VIAGEM,"RUA PADRE BERNARDINO PESSOA, 512 BOA VIAGEM",-8.1126771,-34.8971096
1,445,1040,1_1040,COLEGIO SANTA MARIA,BOA VIAGEM,"RUA PADRE BERNARDINO PESSOA, 512 BOA VIAGEM",-8.1126771,-34.8971096
1,93,1066,1_1066,ESCOLA ESTADUAL SARGENTO CAMARGO,BOA VIAGEM,"RUA ANTONIO FALCAO, 136 BOA VIAGEM",-8.1166912,-34.8940292
1,94,1066,1_1066,ESCOLA ESTADUAL SARGENTO CAMARGO,BOA VIAGEM,"RUA ANTONIO FALCAO, 136 BOA VIAGEM",-8.1166912,-34.8940292
1,95,1066,1_1066,ESCOLA ESTADUAL SARGENTO CAMARGO,BOA VIAGEM,"RUA ANTONIO FALCAO, 136 BOA VIAGEM",-8.1166912,-34.8940292
1,96,1066,1_1066,ESCOLA ESTADUAL SARGENTO CAMARGO,BOA VIAGEM,"RUA ANTONIO FALCAO, 136 BOA VIAGEM",-8.1166912,-34.8940292
1,97,1066,1_1066,ESCOLA ESTADUAL SARGENTO CAMARGO,BOA VIAGEM,"RUA ANTONIO FALCAO, 136 BOA VIAGEM",-8.1166912,-34.8940292
1,98,1066,1_1066,ESCOLA ESTADUAL SARGENTO CAMARGO,BOA VIAGEM,"RUA ANTONIO FALCAO, 136 BOA VIAGEM",-8.1166912,-34.8940292
1,287,1066,1_1066,ESCOLA ESTADUAL SARGENTO CAMARGO,BOA VIAGEM,"RUA ANTONIO FALCAO, 136 BOA VIAGEM",-8.1166912,-34.8940292
1,131,1104,1_1104,ESCOLA MUNICIPAL JOÃO CABRAL DE MELO NETO,PINA,"AV. ENCANTA MOCA, S/N",-8.0916765,-34.8860153
1,132,1104,1_1104,ESCOLA MUNICIPAL JOÃO CABRAL DE MELO NETO,PINA,"AV. ENCANTA MOCA, S/N",-8.0916765,-34.8860153
1,133,1104,1_1104,ESCOLA MUNICIPAL JOÃO CABRAL DE MELO NETO,PINA,"AV. ENCANTA MOCA, S/N",-8.0916765,-34.8860153
1,134,1104,1_1104,ESCOLA MUNICIPAL JOÃO CABRAL DE MELO NETO,PINA,"AV. ENCANTA MOCA, S/N",-8.0916765,-34.8860153
1,206,1104,1_1104,ESCOLA MUNICIPAL JOÃO CABRAL DE MELO NETO,PINA,"AV. ENCANTA MOCA, S/N",-8.0916765,-34.8860153
1,138,1112,1_1112,ESCOLA MUNICIPAL UMBERTO GONDIM,PINA,"RUA DAS OFICINAS, 13",-8.0847435,-34.8841292
1,140,1112,1_1112,ESCOLA MUNICIPAL UMBERTO GONDIM,PINA,"RUA DAS OFICINAS, 13",-8.0847435,-34.8841292
1,142,1112,1_1112,ESCOLA MUNICIPAL UMBERTO GONDIM,PINA,"RUA DAS OFICINAS, 13",-8.0847435,-34.8841292
1,212,1112,1_1112,ESCOLA MUNICIPAL UMBERTO GONDIM,PINA,"RUA DAS OFICINAS, 13",-8.0847435,-34.8841292
1,454,1112,1_1112,ESCOLA MUNICIPAL UMBERTO GONDIM,PINA,"RUA DAS OFICINAS, 13",-8.0847435,-34.8841292
1,147,1120,1_1120,DEPARTAMENTO NACIONAL DE INFRAESTRUTURA E TRANSPORTE,PINA,"AV. ENGENHEIRO ANTONIO DE GOIS ,520",-8.0847523,-34.8869718
1,149,1120,1_1120,DEPARTAMENTO NACIONAL DE INFRAESTRUTURA E TRANSPORTE,PINA,"AV. ENGENHEIRO ANTONIO DE GOIS ,520",-8.0847523,-34.8869718
1,151,1120,1_1120,DEPARTAMENTO NACIONAL DE INFRAESTRUTURA E TRANSPORTE,PINA,"AV. ENGENHEIRO ANTONIO DE GOIS ,520",-8.0847523,-34.8869718
1,153,1120,1_1120,DEPARTAMENTO NACIONAL DE INFRAESTRUTURA E TRANSPORTE,PINA,"AV. ENGENHEIRO ANTONIO DE GOIS ,520",-8.0847523,-34.8869718
1,135,1139,1_1139,ESCOLA MUNICIPAL OSVALDO LIMA FILHO,BOA VIAGEM,"AV. ENGENHEIRO DOMINGOS FERREIRA , S/N",-8.0990131,-34.8865853
1,136,1139,1_1139,ESCOLA MUNICIPAL OSVALDO LIMA FILHO,BOA VIAGEM,"AV. ENGENHEIRO DOMINGOS FERREIRA , S/N",-8.0990131,-34.8865853
1,137,1139,1_1139,ESCOLA MUNICIPAL OSVALDO LIMA FILHO,BOA VIAGEM,"AV. ENGENHEIRO DOMINGOS FERREIRA , S/N",-8.0990131,-34.8865853
1,144,1139,1_1139,ESCOLA MUNICIPAL OSVALDO LIMA FILHO,BOA VIAGEM,"AV. ENGENHEIRO DOMINGOS FERREIRA , S/N",-8.0990131,-34.8865853
1,145,1139,1_1139,ESCOLA MUNICIPAL OSVALDO LIMA FILHO,BOA VIAGEM,"AV. ENGENHEIRO DOMINGOS FERREIRA , S/N",-8.0990131,-34.8865853
1,146,1139,1_1139,ESCOLA MUNICIPAL OSVALDO LIMA FILHO,BOA VIAGEM,"AV. ENGENHEIRO DOMINGOS FERREIRA , S/N",-8.0990131,-34.8865853
1,184,1139,1_1139,ESCOLA MUNICIPAL OSVALDO LIMA FILHO,BOA VIAGEM,"AV. ENGENHEIRO DOMINGOS FERREIRA , S/N",-8.0990131,-34.8865853
1,185,1139,1_1139,ESCOLA MUNICIPAL OSVALDO LIMA FILHO,BOA VIAGEM,"AV. ENGENHEIRO DOMINGOS FERREIRA , S/N",-8.0990131,-34.8865853
1,215,1139,1_1139,ESCOLA MUNICIPAL OSVALDO LIMA FILHO,BOA VIAGEM,"AV. ENGENHEIRO DOMINGOS FERREIRA , S/N",-8.0990131,-34.8865853
1,223,1139,1_1139,ESCOLA MUNICIPAL OSVALDO LIMA FILHO,BOA VIAGEM,"AV. ENGENHEIRO DOMINGOS FERREIRA , S/N",-8.0990131,-34.8865853
1,227,1139,1_1139,ESCOLA MUNICIPAL OSVALDO LIMA FILHO,BOA VIAGEM,"AV. ENGENHEIRO DOMINGOS FERREIRA , S/N",-8.0990131,-34.8865853
1,235,1139,1_1139,ESCOLA MUNICIPAL OSVALDO LIMA FILHO,BOA VIAGEM,"AV. ENGENHEIRO DOMINGOS FERREIRA , S/N",-8.0990131,-34.8865853
1,238,1139,1_1139,ESCOLA MUNICIPAL OSVALDO LIMA FILHO,BOA VIAGEM,"AV. ENGENHEIRO DOMINGOS FERREIRA , S/N",-8.0990131,-34.8865853
1,335,1139,1_1139,ESCOLA MUNICIPAL OSVALDO LIMA FILHO,BOA VIAGEM,"AV. ENGENHEIRO DOMINGOS FERREIRA , S/N",-8.0990131,-34.8865853
1,165,1147,1_1147,ESCOLA ESTADUAL ASSIS CHATEAUBRIAND,PINA,"RUA FRANCISCO VALPASSOS, SN, BRASÍLIA TEIMOSA",-8.0866075,-34.882666
1,166,1147,1_1147,ESCOLA ESTADUAL ASSIS CHATEAUBRIAND,PINA,"RUA FRANCISCO VALPASSOS, SN, BRASÍLIA TEIMOSA",-8.0866075,-34.882666
1,167,1147,1_1147,ESCOLA ESTADUAL ASSIS CHATEAUBRIAND,PINA,"RUA FRANCISCO VALPASSOS, SN, BRASÍLIA TEIMOSA",-8.0866075,-34.882666
1,168,1147,1_1147,ESCOLA ESTADUAL ASSIS CHATEAUBRIAND,PINA,"RUA FRANCISCO VALPASSOS, SN, BRASÍLIA TEIMOSA",-8.0866075,-34.882666
1,169,1147,1_1147,ESCOLA ESTADUAL ASSIS CHATEAUBRIAND,PINA,"RUA FRANCISCO VALPASSOS, SN, BRASÍLIA TEIMOSA",-8.0866075,-34.882666
1,170,1147,1_1147,ESCOLA ESTADUAL ASSIS CHATEAUBRIAND,PINA,"RUA FRANCISCO VALPASSOS, SN, BRASÍLIA TEIMOSA",-8.0866075,-34.882666
1,221,1147,1_1147,ESCOLA ESTADUAL ASSIS CHATEAUBRIAND,PINA,"RUA FRANCISCO VALPASSOS, SN, BRASÍLIA TEIMOSA",-8.0866075,-34.882666
1,240,1147,1_1147,ESCOLA ESTADUAL ASSIS CHATEAUBRIAND,PINA,"RUA FRANCISCO VALPASSOS, SN, BRASÍLIA TEIMOSA",-8.0866075,-34.882666
1,258,1147,1_1147,ESCOLA ESTADUAL ASSIS CHATEAUBRIAND,PINA,"RUA FRANCISCO VALPASSOS, SN, BRASÍLIA TEIMOSA",-8.0866075,-34.882666
1,270,1147,1_1147,ESCOLA ESTADUAL ASSIS CHATEAUBRIAND,PINA,"RUA FRANCISCO VALPASSOS, SN, BRASÍLIA TEIMOSA",-8.0866075,-34.882666
1,275,1147,1_1147,ESCOLA ESTADUAL ASSIS CHATEAUBRIAND,PINA,"RUA FRANCISCO VALPASSOS, SN, BRASÍLIA TEIMOSA",-8.0866075,-34.882666
1,279,1147,1_1147,ESCOLA ESTADUAL ASSIS CHATEAUBRIAND,PINA,"RUA FRANCISCO VALPASSOS, SN, BRASÍLIA TEIMOSA",-8.0866075,-34.882666
1,171,1155,1_1155,ESCOLA ESTADUAL DELMIRO GOUVEIA,PINA,"AV. CONSELHEIRO AGUIAR, S/N",-8.0927662,-34.8839828
1,172,1155,1_1155,ESCOLA ESTADUAL DELMIRO GOUVEIA,PINA,"AV. CONSELHEIRO AGUIAR, S/N",-8.0927662,-34.8839828
1,173,1155,1_1155,ESCOLA ESTADUAL DELMIRO GOUVEIA,PINA,"AV. CONSELHEIRO AGUIAR, S/N",-8.0927662,-34.8839828
1,174,1155,1_1155,ESCOLA ESTADUAL DELMIRO GOUVEIA,PINA,"AV. CONSELHEIRO AGUIAR, S/N",-8.0927662,-34.8839828
1,186,1155,1_1155,ESCOLA ESTADUAL DELMIRO GOUVEIA,PINA,"AV. CONSELHEIRO AGUIAR, S/N",-8.0927662,-34.8839828
1,187,1155,1_1155,ESCOLA ESTADUAL DELMIRO GOUVEIA,PINA,"AV. CONSELHEIRO AGUIAR, S/N",-8.0927662,-34.8839828
1,253,1155,1_1155,ESCOLA ESTADUAL DELMIRO GOUVEIA,PINA,"AV. CONSELHEIRO AGUIAR, S/N",-8.0927662,-34.8839828
1,160,1163,1_1163,ESCOLA ESTADUAL JOAO BEZERRA,PINA,"RUA FRANCISCO VALPASSOS, SN",-8.0860511,-34.8829294
1,161,1163,1_1163,ESCOLA ESTADUAL JOAO BEZERRA,PINA,"RUA FRANCISCO VALPASSOS, SN",-8.0860511,-34.8829294
1,162,1163,1_1163,ESCOLA ESTADUAL JOAO BEZERRA,PINA,"RUA FRANCISCO VALPASSOS, SN",-8.0860511,-34.8829294
1,179,1163,1_1163,ESCOLA ESTADUAL JOAO BEZERRA,PINA,"RUA FRANCISCO VALPASSOS, SN",-8.0860511,-34.8829294
1,180,1163,1_1163,ESCOLA ESTADUAL JOAO BEZERRA,PINA,"RUA FRANCISCO VALPASSOS, SN",-8.0860511,-34.8829294
1,190,1163,1_1163,ESCOLA ESTADUAL JOAO BEZERRA,PINA,"RUA FRANCISCO VALPASSOS, SN",-8.0860511,-34.8829294
1,196,1163,1_1163,ESCOLA ESTADUAL JOAO BEZERRA,PINA,"RUA FRANCISCO VALPASSOS, SN",-8.0860511,-34.8829294
1,197,1163,1_1163,ESCOLA ESTADUAL JOAO BEZERRA,PINA,"RUA FRANCISCO VALPASSOS, SN",-8.0860511,-34.8829294
1,200,1163,1_1163,ESCOLA ESTADUAL JOAO BEZERRA,PINA,"RUA FRANCISCO VALPASSOS, SN",-8.0860511,-34.8829294
1,202,1163,1_1163,ESCOLA ESTADUAL JOAO BEZERRA,PINA,"RUA FRANCISCO VALPASSOS, SN",-8.0860511,-34.8829294
1,204,1163,1_1163,ESCOLA ESTADUAL JOAO BEZERRA,PINA,"RUA FRANCISCO VALPASSOS, SN",-8.0860511,-34.8829294
1,245,1163,1_1163,ESCOLA ESTADUAL JOAO BEZERRA,PINA,"RUA FRANCISCO VALPASSOS, SN",-8.0860511,-34.8829294
1,254,1163,1_1163,ESCOLA ESTADUAL JOAO BEZERRA,PINA,"RUA FRANCISCO VALPASSOS, SN",-8.0860511,-34.8829294
1,273,1163,1_1163,ESCOLA ESTADUAL JOAO BEZERRA,PINA,"RUA FRANCISCO VALPASSOS, SN",-8.0860511,-34.8829294
1,277,1163,1_1163,ESCOLA ESTADUAL JOAO BEZERRA,PINA,"RUA FRANCISCO VALPASSOS, SN",-8.0860511,-34.8829294
1,181,1171,1_1171,ESCOLA ESTADUAL LANDELINO ROCHA,PINA,"AV. CONSELHEIRO AGUIAR , SN",-8.0928228,-34.8836534
1,182,1171,1_1171,ESCOLA ESTADUAL LANDELINO ROCHA,PINA,"AV. CONSELHEIRO AGUIAR , SN",-8.0928228,-34.8836534
1,183,1171,1_1171,ESCOLA ESTADUAL LANDELINO ROCHA,PINA,"AV. CONSELHEIRO AGUIAR , SN",-8.0928228,-34.8836534
1,205,1171,1_1171,ESCOLA ESTADUAL LANDELINO ROCHA,PINA,"AV. CONSELHEIRO AGUIAR , SN",-8.0928228,-34.8836534
1,334,1171,1_1171,ESCOLA ESTADUAL LANDELINO ROCHA,PINA,"AV. CONSELHEIRO AGUIAR , SN",-8.0928228,-34.8836534
1,155,1236,1_1236,ESCOLA MUNICIPAL NOVO PINA,PINA,"RUA EURICO VITRUVIO, S/N",-8.0916098,-34.8876861
1,156,1236,1_1236,ESCOLA MUNICIPAL NOVO PINA,PINA,"RUA EURICO VITRUVIO, S/N",-8.0916098,-34.8876861
1,157,1236,1_1236,ESCOLA MUNICIPAL NOVO PINA,PINA,"RUA EURICO VITRUVIO, S/N",-8.0916098,-34.8876861
1,158,1236,1_1236,ESCOLA MUNICIPAL NOVO PINA,PINA,"RUA EURICO VITRUVIO, S/N",-8.0916098,-34.8876861
1,159,1236,1_1236,ESCOLA MUNICIPAL NOVO PINA,PINA,"RUA EURICO VITRUVIO, S/N",-8.0916098,-34.8876861
1,244,1236,1_1236,ESCOLA MUNICIPAL NOVO PINA,PINA,"RUA EURICO VITRUVIO, S/N",-8.0916098,-34.8876861
1,255,1236,1_1236,ESCOLA MUNICIPAL NOVO PINA,PINA,"RUA EURICO VITRUVIO, S/N",-8.0916098,-34.8876861
1,266,1236,1_1236,ESCOLA MUNICIPAL NOVO PINA,PINA,"RUA EURICO VITRUVIO, S/N",-8.0916098,-34.8876861
1,286,1236,1_1236,ESCOLA MUNICIPAL NOVO PINA,PINA,"RUA EURICO VITRUVIO, S/N",-8.0916098,-34.8876861
1,293,1236,1_1236,ESCOLA MUNICIPAL NOVO PINA,PINA,"RUA EURICO VITRUVIO, S/N",-8.0916098,-34.8876861
1,301,1236,1_1236,ESCOLA MUNICIPAL NOVO PINA,PINA,"RUA EURICO VITRUVIO, S/N",-8.0916098,-34.8876861
1,163,1244,1_1244,ESCOLA LUIS DE CAMOES,BRASILIA TEIMOSA,"RUA DOUTOR HENRIQUE LINS ,S/N",-8.0848464,-34.8826088
1,164,1244,1_1244,ESCOLA LUIS DE CAMOES,BRASILIA TEIMOSA,"RUA DOUTOR HENRIQUE LINS ,S/N",-8.0848464,-34.8826088
1,175,1244,1_1244,ESCOLA LUIS DE CAMOES,BRASILIA TEIMOSA,"RUA DOUTOR HENRIQUE LINS ,S/N",-8.0848464,-34.8826088
1,176,1244,1_1244,ESCOLA LUIS DE CAMOES,BRASILIA TEIMOSA,"RUA DOUTOR HENRIQUE LINS ,S/N",-8.0848464,-34.8826088
1,177,1244,1_1244,ESCOLA LUIS DE CAMOES,BRASILIA TEIMOSA,"RUA DOUTOR HENRIQUE LINS ,S/N",-8.0848464,-34.8826088
1,178,1244,1_1244,ESCOLA LUIS DE CAMOES,BRASILIA TEIMOSA,"RUA DOUTOR HENRIQUE LINS ,S/N",-8.0848464,-34.8826088
1,229,1244,1_1244,ESCOLA LUIS DE CAMOES,BRASILIA TEIMOSA,"RUA DOUTOR HENRIQUE LINS ,S/N",-8.0848464,-34.8826088
1,231,1244,1_1244,ESCOLA LUIS DE CAMOES,BRASILIA TEIMOSA,"RUA DOUTOR HENRIQUE LINS ,S/N",-8.0848464,-34.8826088
1,252,1244,1_1244,ESCOLA LUIS DE CAMOES,BRASILIA TEIMOSA,"RUA DOUTOR HENRIQUE LINS ,S/N",-8.0848464,-34.8826088
1,281,1244,1_1244,ESCOLA LUIS DE CAMOES,BRASILIA TEIMOSA,"RUA DOUTOR HENRIQUE LINS ,S/N",-8.0848464,-34.8826088
1,289,1244,1_1244,ESCOLA LUIS DE CAMOES,BRASILIA TEIMOSA,"RUA DOUTOR HENRIQUE LINS ,S/N",-8.0848464,-34.8826088
1,111,1252,1_1252,UNIVERSIDADE SALGADO DE OLIVEIRA - UNIVERSO,IMBIRIBEIRA,"AV. MASCARENHAS DE MORAES, 2169",-8.1032052,-34.9105553
1,112,1252,1_1252,UNIVERSIDADE SALGADO DE OLIVEIRA - UNIVERSO,IMBIRIBEIRA,"AV. MASCARENHAS DE MORAES, 2169",-8.1032052,-34.9105553
1,113,1252,1_1252,UNIVERSIDADE SALGADO DE OLIVEIRA - UNIVERSO,IMBIRIBEIRA,"AV. MASCARENHAS DE MORAES, 2169",-8.1032052,-34.9105553
1,114,1252,1_1252,UNIVERSIDADE SALGADO DE OLIVEIRA - UNIVERSO,IMBIRIBEIRA,"AV. MASCARENHAS DE MORAES, 2169",-8.1032052,-34.9105553
1,115,1252,1_1252,UNIVERSIDADE SALGADO DE OLIVEIRA - UNIVERSO,IMBIRIBEIRA,"AV. MASCARENHAS DE MORAES, 2169",-8.1032052,-34.9105553
1,116,1252,1_1252,UNIVERSIDADE SALGADO DE OLIVEIRA - UNIVERSO,IMBIRIBEIRA,"AV. MASCARENHAS DE MORAES, 2169",-8.1032052,-34.9105553
1,117,1252,1_1252,UNIVERSIDADE SALGADO DE OLIVEIRA - UNIVERSO,IMBIRIBEIRA,"AV. MASCARENHAS DE MORAES, 2169",-8.1032052,-34.9105553
1,118,1252,1_1252,UNIVERSIDADE SALGADO DE OLIVEIRA - UNIVERSO,IMBIRIBEIRA,"AV. MASCARENHAS DE MORAES, 2169",-8.1032052,-34.9105553
1,119,1252,1_1252,UNIVERSIDADE SALGADO DE OLIVEIRA - UNIVERSO,IMBIRIBEIRA,"AV. MASCARENHAS DE MORAES, 2169",-8.1032052,-34.9105553
1,120,1252,1_1252,UNIVERSIDADE SALGADO DE OLIVEIRA - UNIVERSO,IMBIRIBEIRA,"AV. MASCARENHAS DE MORAES, 2169",-8.1032052,-34.9105553
1,121,1252,1_1252,UNIVERSIDADE SALGADO DE OLIVEIRA - UNIVERSO,IMBIRIBEIRA,"AV. MASCARENHAS DE MORAES, 2169",-8.1032052,-34.9105553
1,122,1252,1_1252,UNIVERSIDADE SALGADO DE OLIVEIRA - UNIVERSO,IMBIRIBEIRA,"AV. MASCARENHAS DE MORAES, 2169",-8.1032052,-34.9105553
1,123,1252,1_1252,UNIVERSIDADE SALGADO DE OLIVEIRA - UNIVERSO,IMBIRIBEIRA,"AV. MASCARENHAS DE MORAES, 2169",-8.1032052,-34.9105553
1,124,1252,1_1252,UNIVERSIDADE SALGADO DE OLIVEIRA - UNIVERSO,IMBIRIBEIRA,"AV. MASCARENHAS DE MORAES, 2169",-8.1032052,-34.9105553
1,125,1252,1_1252,UNIVERSIDADE SALGADO DE OLIVEIRA - UNIVERSO,IMBIRIBEIRA,"AV. MASCARENHAS DE MORAES, 2169",-8.1032052,-34.9105553
1,261,1252,1_1252,UNIVERSIDADE SALGADO DE OLIVEIRA - UNIVERSO,IMBIRIBEIRA,"AV. MASCARENHAS DE MORAES, 2169",-8.1032052,-34.9105553
1,269,1252,1_1252,UNIVERSIDADE SALGADO DE OLIVEIRA - UNIVERSO,IMBIRIBEIRA,"AV. MASCARENHAS DE MORAES, 2169",-8.1032052,-34.9105553
1,276,1252,1_1252,UNIVERSIDADE SALGADO DE OLIVEIRA - UNIVERSO,IMBIRIBEIRA,"AV. MASCARENHAS DE MORAES, 2169",-8.1032052,-34.9105553
1,280,1252,1_1252,UNIVERSIDADE SALGADO DE OLIVEIRA - UNIVERSO,IMBIRIBEIRA,"AV. MASCARENHAS DE MORAES, 2169",-8.1032052,-34.9105553
1,283,1252,1_1252,UNIVERSIDADE SALGADO DE OLIVEIRA - UNIVERSO,IMBIRIBEIRA,"AV. MASCARENHAS DE MORAES, 2169",-8.1032052,-34.9105553
1,288,1252,1_1252,UNIVERSIDADE SALGADO DE OLIVEIRA - UNIVERSO,IMBIRIBEIRA,"AV. MASCARENHAS DE MORAES, 2169",-8.1032052,-34.9105553
1,292,1252,1_1252,UNIVERSIDADE SALGADO DE OLIVEIRA - UNIVERSO,IMBIRIBEIRA,"AV. MASCARENHAS DE MORAES, 2169",-8.1032052,-34.9105553
1,299,1252,1_1252,UNIVERSIDADE SALGADO DE OLIVEIRA - UNIVERSO,IMBIRIBEIRA,"AV. MASCARENHAS DE MORAES, 2169",-8.1032052,-34.9105553
1,260,1279,1_1279,ESCOLA MUNICIPAL KARLA PATRICIA,BOA VIAGEM,"RUA PROFESSOR EDUARDO WANDERLEY FILHO, 700",-8.1089216,-34.8959428
1,272,1279,1_1279,ESCOLA MUNICIPAL KARLA PATRICIA,BOA VIAGEM,"RUA PROFESSOR EDUARDO WANDERLEY FILHO, 700",-8.1089216,-34.8959428
1,274,1279,1_1279,ESCOLA MUNICIPAL KARLA PATRICIA,BOA VIAGEM,"RUA PROFESSOR EDUARDO WANDERLEY FILHO, 700",-8.1089216,-34.8959428
1,278,1279,1_1279,ESCOLA MUNICIPAL KARLA PATRICIA,BOA VIAGEM,"RUA PROFESSOR EDUARDO WANDERLEY FILHO, 700",-8.1089216,-34.8959428
1,282,1279,1_1279,ESCOLA MUNICIPAL KARLA PATRICIA,BOA VIAGEM,"RUA PROFESSOR EDUARDO WANDERLEY FILHO, 700",-8.1089216,-34.8959428
1,290,1279,1_1279,ESCOLA MUNICIPAL KARLA PATRICIA,BOA VIAGEM,"RUA PROFESSOR EDUARDO WANDERLEY FILHO, 700",-8.1089216,-34.8959428
1,298,1279,1_1279,ESCOLA MUNICIPAL KARLA PATRICIA,BOA VIAGEM,"RUA PROFESSOR EDUARDO WANDERLEY FILHO, 700",-8.1089216,-34.8959428
1,447,1279,1_1279,ESCOLA MUNICIPAL KARLA PATRICIA,BOA VIAGEM,"RUA PROFESSOR EDUARDO WANDERLEY FILHO, 700",-8.1089216,-34.8959428
1,294,1317,1_1317,ESCOLA ESTADUAL MENINO JESUS,BOA VIAGEM,"AV. DOMINGOS FERREIRA, S/N",-8.1002108,-34.8870776
1,300,1317,1_1317,ESCOLA ESTADUAL MENINO JESUS,BOA VIAGEM,"AV. DOMINGOS FERREIRA, S/N",-8.1002108,-34.8870776
1,314,1317,1_1317,ESCOLA ESTADUAL MENINO JESUS,BOA VIAGEM,"AV. DOMINGOS FERREIRA, S/N",-8.1002108,-34.8870776
1,297,1325,1_1325,ESCOLA MUNICIPAL SOLANO MAGALHAES,PINA,"RUA JEMIL ASFORA, S/N JARDIM BEIRA RIO",-8.087968,-34.8933762
1,311,1325,1_1325,ESCOLA MUNICIPAL SOLANO MAGALHAES,PINA,"RUA JEMIL ASFORA, S/N JARDIM BEIRA RIO",-8.087968,-34.8933762
1,324,1325,1_1325,ESCOLA MUNICIPAL SOLANO MAGALHAES,PINA,"RUA JEMIL ASFORA, S/N JARDIM BEIRA RIO",-8.087968,-34.8933762
1,330,1325,1_1325,ESCOLA MUNICIPAL SOLANO MAGALHAES,PINA,"RUA JEMIL ASFORA, S/N JARDIM BEIRA RIO",-8.087968,-34.8933762
1,337,1325,1_1325,ESCOLA MUNICIPAL SOLANO MAGALHAES,PINA,"RUA JEMIL ASFORA, S/N JARDIM BEIRA RIO",-8.087968,-34.8933762
1,453,1325,1_1325,ESCOLA MUNICIPAL SOLANO MAGALHAES,PINA,"RUA JEMIL ASFORA, S/N JARDIM BEIRA RIO",-8.087968,-34.8933762
1,285,1333,1_1333,CENTRO DE EDUCAÇÃO INFANTIL BERNARD VAN LEER,BRASILIA TEIMOSA,"RUA FRANCISCO VALPASSOS, S/N",-8.0852583,-34.8829894
1,291,1333,1_1333,CENTRO DE EDUCAÇÃO INFANTIL BERNARD VAN LEER,BRASILIA TEIMOSA,"RUA FRANCISCO VALPASSOS, S/N",-8.0852583,-34.8829894
1,295,1333,1_1333,CENTRO DE EDUCAÇÃO INFANTIL BERNARD VAN LEER,BRASILIA TEIMOSA,"RUA FRANCISCO VALPASSOS, S/N",-8.0852583,-34.8829894
1,306,1333,1_1333,CENTRO DE EDUCAÇÃO INFANTIL BERNARD VAN LEER,BRASILIA TEIMOSA,"RUA FRANCISCO VALPASSOS, S/N",-8.0852583,-34.8829894
1,315,1333,1_1333,CENTRO DE EDUCAÇÃO INFANTIL BERNARD VAN LEER,BRASILIA TEIMOSA,"RUA FRANCISCO VALPASSOS, S/N",-8.0852583,-34.8829894
1,321,1333,1_1333,CENTRO DE EDUCAÇÃO INFANTIL BERNARD VAN LEER,BRASILIA TEIMOSA,"RUA FRANCISCO VALPASSOS, S/N",-8.0852583,-34.8829894
1,296,1341,1_1341,ESCOLA MUNICIPAL JOSUÉ DE CASTRO,BRASILIA TEIMOSA,"RUA GUARAJUBA, S/N",-8.0842529,-34.8818459
1,308,1341,1_1341,ESCOLA MUNICIPAL JOSUÉ DE CASTRO,BRASILIA TEIMOSA,"RUA GUARAJUBA, S/N",-8.0842529,-34.8818459
1,322,1341,1_1341,ESCOLA MUNICIPAL JOSUÉ DE CASTRO,BRASILIA TEIMOSA,"RUA GUARAJUBA, S/N",-8.0842529,-34.8818459
1,302,1350,1_1350,CLUBE DOS RODOVIÁRIOS - AO LADO DO VIADUTO TANCREDO NEVES,IMBIRIBEIRA,"AV. MASCARENHA DE MORAIS, 4223",-8.1219423,-34.9141219
1,309,1350,1_1350,CLUBE DOS RODOVIÁRIOS - AO LADO DO VIADUTO TANCREDO NEVES,IMBIRIBEIRA,"AV. MASCARENHA DE MORAIS, 4223",-8.1219423,-34.9141219
1,317,1350,1_1350,CLUBE DOS RODOVIÁRIOS - AO LADO DO VIADUTO TANCREDO NEVES,IMBIRIBEIRA,"AV. MASCARENHA DE MORAIS, 4223",-8.1219423,-34.9141219
1,325,1350,1_1350,CLUBE DOS RODOVIÁRIOS - AO LADO DO VIADUTO TANCREDO NEVES,IMBIRIBEIRA,"AV. MASCARENHA DE MORAIS, 4223",-8.1219423,-34.9141219
1,327,1350,1_1350,CLUBE DOS RODOVIÁRIOS - AO LADO DO VIADUTO TANCREDO NEVES,IMBIRIBEIRA,"AV. MASCARENHA DE MORAIS, 4223",-8.1219423,-34.9141219
1,333,1350,1_1350,CLUBE DOS RODOVIÁRIOS - AO LADO DO VIADUTO TANCREDO NEVES,IMBIRIBEIRA,"AV. MASCARENHA DE MORAIS, 4223",-8.1219423,-34.9141219
1,303,1368,1_1368,ESCOLA ESTADUAL SÃO FRANCISCO DE ASSIS,IMBIRIBEIRA,"RUA SARGENTO SÍLVIO DELMAR HOLLEMBACK, S/N",-8.1048035,-34.9092206
1,318,1368,1_1368,ESCOLA ESTADUAL SÃO FRANCISCO DE ASSIS,IMBIRIBEIRA,"RUA SARGENTO SÍLVIO DELMAR HOLLEMBACK, S/N",-8.1048035,-34.9092206
1,326,1368,1_1368,ESCOLA ESTADUAL SÃO FRANCISCO DE ASSIS,IMBIRIBEIRA,"RUA SARGENTO SÍLVIO DELMAR HOLLEMBACK, S/N",-8.1048035,-34.9092206
1,331,1368,1_1368,ESCOLA ESTADUAL SÃO FRANCISCO DE ASSIS,IMBIRIBEIRA,"RUA SARGENTO SÍLVIO DELMAR HOLLEMBACK, S/N",-8.1048035,-34.9092206
1,440,1368,1_1368,ESCOLA ESTADUAL SÃO FRANCISCO DE ASSIS,IMBIRIBEIRA,"RUA SARGENTO SÍLVIO DELMAR HOLLEMBACK, S/N",-8.1048035,-34.9092206
1,305,1384,1_1384,COLÉGIO MÁRCIA CRISTINA,PINA,"AV. ENCANTA MOÇA, 136 - PINA",-8.0894454,-34.8858766
1,310,1384,1_1384,COLÉGIO MÁRCIA CRISTINA,PINA,"AV. ENCANTA MOÇA, 136 - PINA",-8.0894454,-34.8858766
1,323,1384,1_1384,COLÉGIO MÁRCIA CRISTINA,PINA,"AV. ENCANTA MOÇA, 136 - PINA",-8.0894454,-34.8858766
1,332,1406,1_1406,NÚCLEO COLÉGIO  -  (ANTIGO COLEGIO GGE),BOA VIAGEM,"AV. DOMINGOS FERREIRA, 2142 - (PRÓXIMO À IMOBILIÁRIA PAULO MIRANDA)",-8.1084724,-34.8908372
1,336,1406,1_1406,NÚCLEO COLÉGIO  -  (ANTIGO COLEGIO GGE),BOA VIAGEM,"AV. DOMINGOS FERREIRA, 2142 - (PRÓXIMO À IMOBILIÁRIA PAULO MIRANDA)",-8.1084724,-34.8908372
1,457,1406,1_1406,NÚCLEO COLÉGIO  -  (ANTIGO COLEGIO GGE),BOA VIAGEM,"AV. DOMINGOS FERREIRA, 2142 - (PRÓXIMO À IMOBILIÁRIA PAULO MIRANDA)",-8.1084724,-34.8908372
1,460,1406,1_1406,NÚCLEO COLÉGIO  -  (ANTIGO COLEGIO GGE),BOA VIAGEM,"AV. DOMINGOS FERREIRA, 2142 - (PRÓXIMO À IMOBILIÁRIA PAULO MIRANDA)",-8.1084724,-34.8908372
1,344,1430,1_1430,ESCOLA MUNICIPAL ALMIRANTE SOARES DUTRA,CABANGA,RUA CAMUTANGA S/N,-8.0790855,-34.8950788
1,345,1430,1_1430,ESCOLA MUNICIPAL ALMIRANTE SOARES DUTRA,CABANGA,RUA CAMUTANGA S/N,-8.0790855,-34.8950788
1,346,1430,1_1430,ESCOLA MUNICIPAL ALMIRANTE SOARES DUTRA,CABANGA,RUA CAMUTANGA S/N,-8.0790855,-34.8950788
1,347,1430,1_1430,ESCOLA MUNICIPAL ALMIRANTE SOARES DUTRA,CABANGA,RUA CAMUTANGA S/N,-8.0790855,-34.8950788
1,348,1430,1_1430,ESCOLA MUNICIPAL ALMIRANTE SOARES DUTRA,CABANGA,RUA CAMUTANGA S/N,-8.0790855,-34.8950788
1,349,1430,1_1430,ESCOLA MUNICIPAL ALMIRANTE SOARES DUTRA,CABANGA,RUA CAMUTANGA S/N,-8.0790855,-34.8950788
1,350,1449,1_1449,COLÉGIO GGE (ANTIGO ATUAL I / FAPE),IMBIRIBEIRA,"RUA JOSÉ DA SILVA LUCENA, 20",-8.1156868,-34.9048323
1,352,1449,1_1449,COLÉGIO GGE (ANTIGO ATUAL I / FAPE),IMBIRIBEIRA,"RUA JOSÉ DA SILVA LUCENA, 20",-8.1156868,-34.9048323
1,354,1449,1_1449,COLÉGIO GGE (ANTIGO ATUAL I / FAPE),IMBIRIBEIRA,"RUA JOSÉ DA SILVA LUCENA, 20",-8.1156868,-34.9048323
1,356,1449,1_1449,COLÉGIO GGE (ANTIGO ATUAL I / FAPE),IMBIRIBEIRA,"RUA JOSÉ DA SILVA LUCENA, 20",-8.1156868,-34.9048323
1,358,1449,1_1449,COLÉGIO GGE (ANTIGO ATUAL I / FAPE),IMBIRIBEIRA,"RUA JOSÉ DA SILVA LUCENA, 20",-8.1156868,-34.9048323
1,360,1449,1_1449,COLÉGIO GGE (ANTIGO ATUAL I / FAPE),IMBIRIBEIRA,"RUA JOSÉ DA SILVA LUCENA, 20",-8.1156868,-34.9048323
1,362,1449,1_1449,COLÉGIO GGE (ANTIGO ATUAL I / FAPE),IMBIRIBEIRA,"RUA JOSÉ DA SILVA LUCENA, 20",-8.1156868,-34.9048323
1,364,1449,1_1449,COLÉGIO GGE (ANTIGO ATUAL I / FAPE),IMBIRIBEIRA,"RUA JOSÉ DA SILVA LUCENA, 20",-8.1156868,-34.9048323
1,367,1449,1_1449,COLÉGIO GGE (ANTIGO ATUAL I / FAPE),IMBIRIBEIRA,"RUA JOSÉ DA SILVA LUCENA, 20",-8.1156868,-34.9048323
1,368,1449,1_1449,COLÉGIO GGE (ANTIGO ATUAL I / FAPE),IMBIRIBEIRA,"RUA JOSÉ DA SILVA LUCENA, 20",-8.1156868,-34.9048323
1,443,1449,1_1449,COLÉGIO GGE (ANTIGO ATUAL I / FAPE),IMBIRIBEIRA,"RUA JOSÉ DA SILVA LUCENA, 20",-8.1156868,-34.9048323
1,446,1449,1_1449,COLÉGIO GGE (ANTIGO ATUAL I / FAPE),IMBIRIBEIRA,"RUA JOSÉ DA SILVA LUCENA, 20",-8.1156868,-34.9048323
1,449,1449,1_1449,COLÉGIO GGE (ANTIGO ATUAL I / FAPE),IMBIRIBEIRA,"RUA JOSÉ DA SILVA LUCENA, 20",-8.1156868,-34.9048323
1,450,1449,1_1449,COLÉGIO GGE (ANTIGO ATUAL I / FAPE),IMBIRIBEIRA,"RUA JOSÉ DA SILVA LUCENA, 20",-8.1156868,-34.9048323
1,451,1449,1_1449,COLÉGIO GGE (ANTIGO ATUAL I / FAPE),IMBIRIBEIRA,"RUA JOSÉ DA SILVA LUCENA, 20",-8.1156868,-34.9048323
1,452,1449,1_1449,COLÉGIO GGE (ANTIGO ATUAL I / FAPE),IMBIRIBEIRA,"RUA JOSÉ DA SILVA LUCENA, 20",-8.1156868,-34.9048323
1,455,1449,1_1449,COLÉGIO GGE (ANTIGO ATUAL I / FAPE),IMBIRIBEIRA,"RUA JOSÉ DA SILVA LUCENA, 20",-8.1156868,-34.9048323
1,370,1457,1_1457,FACULDADE BOA VIAGEM - FBV,IMBIRIBEIRA,"RUA JEAN EMILE FAVRE, 422",-8.1066778,-34.9149772
1,371,1457,1_1457,FACULDADE BOA VIAGEM - FBV,IMBIRIBEIRA,"RUA JEAN EMILE FAVRE, 422",-8.1066778,-34.9149772
1,372,1457,1_1457,FACULDADE BOA VIAGEM - FBV,IMBIRIBEIRA,"RUA JEAN EMILE FAVRE, 422",-8.1066778,-34.9149772
1,373,1457,1_1457,FACULDADE BOA VIAGEM - FBV,IMBIRIBEIRA,"RUA JEAN EMILE FAVRE, 422",-8.1066778,-34.9149772
1,374,1457,1_1457,FACULDADE BOA VIAGEM - FBV,IMBIRIBEIRA,"RUA JEAN EMILE FAVRE, 422",-8.1066778,-34.9149772
1,375,1457,1_1457,FACULDADE BOA VIAGEM - FBV,IMBIRIBEIRA,"RUA JEAN EMILE FAVRE, 422",-8.1066778,-34.9149772
1,376,1457,1_1457,FACULDADE BOA VIAGEM - FBV,IMBIRIBEIRA,"RUA JEAN EMILE FAVRE, 422",-8.1066778,-34.9149772
1,377,1457,1_1457,FACULDADE BOA VIAGEM - FBV,IMBIRIBEIRA,"RUA JEAN EMILE FAVRE, 422",-8.1066778,-34.9149772
1,378,1457,1_1457,FACULDADE BOA VIAGEM - FBV,IMBIRIBEIRA,"RUA JEAN EMILE FAVRE, 422",-8.1066778,-34.9149772
1,379,1457,1_1457,FACULDADE BOA VIAGEM - FBV,IMBIRIBEIRA,"RUA JEAN EMILE FAVRE, 422",-8.1066778,-34.9149772
1,380,1457,1_1457,FACULDADE BOA VIAGEM - FBV,IMBIRIBEIRA,"RUA JEAN EMILE FAVRE, 422",-8.1066778,-34.9149772
1,381,1457,1_1457,FACULDADE BOA VIAGEM - FBV,IMBIRIBEIRA,"RUA JEAN EMILE FAVRE, 422",-8.1066778,-34.9149772
1,382,1457,1_1457,FACULDADE BOA VIAGEM - FBV,IMBIRIBEIRA,"RUA JEAN EMILE FAVRE, 422",-8.1066778,-34.9149772
1,383,1457,1_1457,FACULDADE BOA VIAGEM - FBV,IMBIRIBEIRA,"RUA JEAN EMILE FAVRE, 422",-8.1066778,-34.9149772
1,384,1457,1_1457,FACULDADE BOA VIAGEM - FBV,IMBIRIBEIRA,"RUA JEAN EMILE FAVRE, 422",-8.1066778,-34.9149772
1,385,1457,1_1457,FACULDADE BOA VIAGEM - FBV,IMBIRIBEIRA,"RUA JEAN EMILE FAVRE, 422",-8.1066778,-34.9149772
1,386,1457,1_1457,FACULDADE BOA VIAGEM - FBV,IMBIRIBEIRA,"RUA JEAN EMILE FAVRE, 422",-8.1066778,-34.9149772
1,387,1457,1_1457,FACULDADE BOA VIAGEM - FBV,IMBIRIBEIRA,"RUA JEAN EMILE FAVRE, 422",-8.1066778,-34.9149772
1,388,1457,1_1457,FACULDADE BOA VIAGEM - FBV,IMBIRIBEIRA,"RUA JEAN EMILE FAVRE, 422",-8.1066778,-34.9149772
1,389,1457,1_1457,FACULDADE BOA VIAGEM - FBV,IMBIRIBEIRA,"RUA JEAN EMILE FAVRE, 422",-8.1066778,-34.9149772
1,390,1457,1_1457,FACULDADE BOA VIAGEM - FBV,IMBIRIBEIRA,"RUA JEAN EMILE FAVRE, 422",-8.1066778,-34.9149772
1,391,1457,1_1457,FACULDADE BOA VIAGEM - FBV,IMBIRIBEIRA,"RUA JEAN EMILE FAVRE, 422",-8.1066778,-34.9149772
1,392,1457,1_1457,FACULDADE BOA VIAGEM - FBV,IMBIRIBEIRA,"RUA JEAN EMILE FAVRE, 422",-8.1066778,-34.9149772
1,393,1457,1_1457,FACULDADE BOA VIAGEM - FBV,IMBIRIBEIRA,"RUA JEAN EMILE FAVRE, 422",-8.1066778,-34.9149772
1,394,1457,1_1457,FACULDADE BOA VIAGEM - FBV,IMBIRIBEIRA,"RUA JEAN EMILE FAVRE, 422",-8.1066778,-34.9149772
1,395,1457,1_1457,FACULDADE BOA VIAGEM - FBV,IMBIRIBEIRA,"RUA JEAN EMILE FAVRE, 422",-8.1066778,-34.9149772
1,396,1465,1_1465,ASSOCIAÇÃO DOS FORNECEDORES DE CANA DE PE,IMBIRIBEIRA,AV MAL MASCARENHAS DE MORAIS 2028,-8.1023919,-34.9107612
1,397,1465,1_1465,ASSOCIAÇÃO DOS FORNECEDORES DE CANA DE PE,IMBIRIBEIRA,AV MAL MASCARENHAS DE MORAIS 2028,-8.1023919,-34.9107612
1,398,1465,1_1465,ASSOCIAÇÃO DOS FORNECEDORES DE CANA DE PE,IMBIRIBEIRA,AV MAL MASCARENHAS DE MORAIS 2028,-8.1023919,-34.9107612
1,399,1465,1_1465,ASSOCIAÇÃO DOS FORNECEDORES DE CANA DE PE,IMBIRIBEIRA,AV MAL MASCARENHAS DE MORAIS 2028,-8.1023919,-34.9107612
1,400,1465,1_1465,ASSOCIAÇÃO DOS FORNECEDORES DE CANA DE PE,IMBIRIBEIRA,AV MAL MASCARENHAS DE MORAIS 2028,-8.1023919,-34.9107612
1,401,1465,1_1465,ASSOCIAÇÃO DOS FORNECEDORES DE CANA DE PE,IMBIRIBEIRA,AV MAL MASCARENHAS DE MORAIS 2028,-8.1023919,-34.9107612
1,402,1465,1_1465,ASSOCIAÇÃO DOS FORNECEDORES DE CANA DE PE,IMBIRIBEIRA,AV MAL MASCARENHAS DE MORAIS 2028,-8.1023919,-34.9107612
1,403,1465,1_1465,ASSOCIAÇÃO DOS FORNECEDORES DE CANA DE PE,IMBIRIBEIRA,AV MAL MASCARENHAS DE MORAIS 2028,-8.1023919,-34.9107612
1,404,1465,1_1465,ASSOCIAÇÃO DOS FORNECEDORES DE CANA DE PE,IMBIRIBEIRA,AV MAL MASCARENHAS DE MORAIS 2028,-8.1023919,-34.9107612
1,405,1465,1_1465,ASSOCIAÇÃO DOS FORNECEDORES DE CANA DE PE,IMBIRIBEIRA,AV MAL MASCARENHAS DE MORAIS 2028,-8.1023919,-34.9107612
1,406,1465,1_1465,ASSOCIAÇÃO DOS FORNECEDORES DE CANA DE PE,IMBIRIBEIRA,AV MAL MASCARENHAS DE MORAIS 2028,-8.1023919,-34.9107612
1,407,1465,1_1465,ASSOCIAÇÃO DOS FORNECEDORES DE CANA DE PE,IMBIRIBEIRA,AV MAL MASCARENHAS DE MORAIS 2028,-8.1023919,-34.9107612
1,408,1465,1_1465,ASSOCIAÇÃO DOS FORNECEDORES DE CANA DE PE,IMBIRIBEIRA,AV MAL MASCARENHAS DE MORAIS 2028,-8.1023919,-34.9107612
1,409,1473,1_1473,COLÉGIO SANTA TEREZINHA,IMBIRIBEIRA,"RUA ZEFERINO PINHO, 507",-8.0989472,-34.9115342
1,444,1473,1_1473,COLÉGIO SANTA TEREZINHA,IMBIRIBEIRA,"RUA ZEFERINO PINHO, 507",-8.0989472,-34.9115342
1,410,1481,1_1481,ESCOLA ELEONOR ROOSEVELT,IPSEP,"RUA JEAN EMILE FAVRE S/N, PÇA DA MAURICÉIA",-8.1080517,-34.9165719
1,411,1481,1_1481,ESCOLA ELEONOR ROOSEVELT,IPSEP,"RUA JEAN EMILE FAVRE S/N, PÇA DA MAURICÉIA",-8.1080517,-34.9165719
1,412,1481,1_1481,ESCOLA ELEONOR ROOSEVELT,IPSEP,"RUA JEAN EMILE FAVRE S/N, PÇA DA MAURICÉIA",-8.1080517,-34.9165719
1,413,1481,1_1481,ESCOLA ELEONOR ROOSEVELT,IPSEP,"RUA JEAN EMILE FAVRE S/N, PÇA DA MAURICÉIA",-8.1080517,-34.9165719
1,414,1481,1_1481,ESCOLA ELEONOR ROOSEVELT,IPSEP,"RUA JEAN EMILE FAVRE S/N, PÇA DA MAURICÉIA",-8.1080517,-34.9165719
1,415,1481,1_1481,ESCOLA ELEONOR ROOSEVELT,IPSEP,"RUA JEAN EMILE FAVRE S/N, PÇA DA MAURICÉIA",-8.1080517,-34.9165719
1,416,1481,1_1481,ESCOLA ELEONOR ROOSEVELT,IPSEP,"RUA JEAN EMILE FAVRE S/N, PÇA DA MAURICÉIA",-8.1080517,-34.9165719
1,417,1481,1_1481,ESCOLA ELEONOR ROOSEVELT,IPSEP,"RUA JEAN EMILE FAVRE S/N, PÇA DA MAURICÉIA",-8.1080517,-34.9165719
1,418,1481,1_1481,ESCOLA ELEONOR ROOSEVELT,IPSEP,"RUA JEAN EMILE FAVRE S/N, PÇA DA MAURICÉIA",-8.1080517,-34.9165719
1,419,1490,1_1490,COLÉGIO MOTIVO,IMBIRIBEIRA,RUA ALAMEDA DAS HORTÊNCIAS,-8.1166467,-34.9058835
1,420,1490,1_1490,COLÉGIO MOTIVO,IMBIRIBEIRA,RUA ALAMEDA DAS HORTÊNCIAS,-8.1166467,-34.9058835
1,421,1490,1_1490,COLÉGIO MOTIVO,IMBIRIBEIRA,RUA ALAMEDA DAS HORTÊNCIAS,-8.1166467,-34.9058835
1,422,1490,1_1490,COLÉGIO MOTIVO,IMBIRIBEIRA,RUA ALAMEDA DAS HORTÊNCIAS,-8.1166467,-34.9058835
1,423,1490,1_1490,COLÉGIO MOTIVO,IMBIRIBEIRA,RUA ALAMEDA DAS HORTÊNCIAS,-8.1166467,-34.9058835
1,424,1490,1_1490,COLÉGIO MOTIVO,IMBIRIBEIRA,RUA ALAMEDA DAS HORTÊNCIAS,-8.1166467,-34.9058835
1,425,1490,1_1490,COLÉGIO MOTIVO,IMBIRIBEIRA,RUA ALAMEDA DAS HORTÊNCIAS,-8.1166467,-34.9058835
1,426,1490,1_1490,COLÉGIO MOTIVO,IMBIRIBEIRA,RUA ALAMEDA DAS HORTÊNCIAS,-8.1166467,-34.9058835
1,427,1490,1_1490,COLÉGIO MOTIVO,IMBIRIBEIRA,RUA ALAMEDA DAS HORTÊNCIAS,-8.1166467,-34.9058835
1,428,1490,1_1490,COLÉGIO MOTIVO,IMBIRIBEIRA,RUA ALAMEDA DAS HORTÊNCIAS,-8.1166467,-34.9058835
1,429,1490,1_1490,COLÉGIO MOTIVO,IMBIRIBEIRA,RUA ALAMEDA DAS HORTÊNCIAS,-8.1166467,-34.9058835
1,430,1490,1_1490,COLÉGIO MOTIVO,IMBIRIBEIRA,RUA ALAMEDA DAS HORTÊNCIAS,-8.1166467,-34.9058835
1,431,1490,1_1490,COLÉGIO MOTIVO,IMBIRIBEIRA,RUA ALAMEDA DAS HORTÊNCIAS,-8.1166467,-34.9058835
1,432,1490,1_1490,COLÉGIO MOTIVO,IMBIRIBEIRA,RUA ALAMEDA DAS HORTÊNCIAS,-8.1166467,-34.9058835
1,433,1490,1_1490,COLÉGIO MOTIVO,IMBIRIBEIRA,RUA ALAMEDA DAS HORTÊNCIAS,-8.1166467,-34.9058835
1,434,1490,1_1490,COLÉGIO MOTIVO,IMBIRIBEIRA,RUA ALAMEDA DAS HORTÊNCIAS,-8.1166467,-34.9058835
1,435,1490,1_1490,COLÉGIO MOTIVO,IMBIRIBEIRA,RUA ALAMEDA DAS HORTÊNCIAS,-8.1166467,-34.9058835
1,436,1490,1_1490,COLÉGIO MOTIVO,IMBIRIBEIRA,RUA ALAMEDA DAS HORTÊNCIAS,-8.1166467,-34.9058835
1,437,1490,1_1490,COLÉGIO MOTIVO,IMBIRIBEIRA,RUA ALAMEDA DAS HORTÊNCIAS,-8.1166467,-34.9058835
1,438,1490,1_1490,COLÉGIO MOTIVO,IMBIRIBEIRA,RUA ALAMEDA DAS HORTÊNCIAS,-8.1166467,-34.9058835
1,456,1511,1_1511,FACULDADE NOVA ROMA - UNIDADE BOA VIAGEM,BOA VIAGEM,"RUA PADRE CARAPUCEIRO, 590",-8.1177563,-34.9001164
1,458,1511,1_1511,FACULDADE NOVA ROMA - UNIDADE BOA VIAGEM,BOA VIAGEM,"RUA PADRE CARAPUCEIRO, 590",-8.1177563,-34.9001164
1,459,1511,1_1511,FACULDADE NOVA ROMA - UNIDADE BOA VIAGEM,BOA VIAGEM,"RUA PADRE CARAPUCEIRO, 590",-8.1177563,-34.9001164
1,343,1520,1_1520,CRECHE MUNICIPAL SENADOR PAULO GUERRA,IMBIRIBEIRA,"RUA ENGENHO CANTO ALEGRE, S/N - IMBIRIBEIRA - RECIFE/PE",-8.0884729,-34.9048766
1,441,1520,1_1520,CRECHE MUNICIPAL SENADOR PAULO GUERRA,IMBIRIBEIRA,"RUA ENGENHO CANTO ALEGRE, S/N - IMBIRIBEIRA - RECIFE/PE",-8.0884729,-34.9048766
2,33,1066,2_1066,ESCOLA AMAURY DE MEDEIROS,AFOGADOS,RUA SAO MIGUEL S/N,-8.08063,-34.9079013
2,34,1066,2_1066,ESCOLA AMAURY DE MEDEIROS,AFOGADOS,RUA SAO MIGUEL S/N,-8.08063,-34.9079013
2,35,1066,2_1066,ESCOLA AMAURY DE MEDEIROS,AFOGADOS,RUA SAO MIGUEL S/N,-8.08063,-34.9079013
2,36,1066,2_1066,ESCOLA AMAURY DE MEDEIROS,AFOGADOS,RUA SAO MIGUEL S/N,-8.08063,-34.9079013
2,37,1066,2_1066,ESCOLA AMAURY DE MEDEIROS,AFOGADOS,RUA SAO MIGUEL S/N,-8.08063,-34.9079013
2,38,1066,2_1066,ESCOLA AMAURY DE MEDEIROS,AFOGADOS,RUA SAO MIGUEL S/N,-8.08063,-34.9079013
2,39,1066,2_1066,ESCOLA AMAURY DE MEDEIROS,AFOGADOS,RUA SAO MIGUEL S/N,-8.08063,-34.9079013
2,40,1066,2_1066,ESCOLA AMAURY DE MEDEIROS,AFOGADOS,RUA SAO MIGUEL S/N,-8.08063,-34.9079013
2,41,1066,2_1066,ESCOLA AMAURY DE MEDEIROS,AFOGADOS,RUA SAO MIGUEL S/N,-8.08063,-34.9079013
2,241,1066,2_1066,ESCOLA AMAURY DE MEDEIROS,AFOGADOS,RUA SAO MIGUEL S/N,-8.08063,-34.9079013
2,350,1066,2_1066,ESCOLA AMAURY DE MEDEIROS,AFOGADOS,RUA SAO MIGUEL S/N,-8.08063,-34.9079013
2,353,1066,2_1066,ESCOLA AMAURY DE MEDEIROS,AFOGADOS,RUA SAO MIGUEL S/N,-8.08063,-34.9079013
2,356,1066,2_1066,ESCOLA AMAURY DE MEDEIROS,AFOGADOS,RUA SAO MIGUEL S/N,-8.08063,-34.9079013
2,358,1066,2_1066,ESCOLA AMAURY DE MEDEIROS,AFOGADOS,RUA SAO MIGUEL S/N,-8.08063,-34.9079013
2,59,1120,2_1120,COLEGIO VISAO,JIQUIA,"AVENIDA DOUTOR JOSÉ RUFINO, 241",-8.0851508,-34.9279009
2,60,1120,2_1120,COLEGIO VISAO,JIQUIA,"AVENIDA DOUTOR JOSÉ RUFINO, 241",-8.0851508,-34.9279009
2,61,1120,2_1120,COLEGIO VISAO,JIQUIA,"AVENIDA DOUTOR JOSÉ RUFINO, 241",-8.0851508,-34.9279009
2,62,1120,2_1120,COLEGIO VISAO,JIQUIA,"AVENIDA DOUTOR JOSÉ RUFINO, 241",-8.0851508,-34.9279009
2,63,1120,2_1120,COLEGIO VISAO,JIQUIA,"AVENIDA DOUTOR JOSÉ RUFINO, 241",-8.0851508,-34.9279009
2,64,1120,2_1120,COLEGIO VISAO,JIQUIA,"AVENIDA DOUTOR JOSÉ RUFINO, 241",-8.0851508,-34.9279009
2,65,1120,2_1120,COLEGIO VISAO,JIQUIA,"AVENIDA DOUTOR JOSÉ RUFINO, 241",-8.0851508,-34.9279009
2,66,1120,2_1120,COLEGIO VISAO,JIQUIA,"AVENIDA DOUTOR JOSÉ RUFINO, 241",-8.0851508,-34.9279009
2,67,1120,2_1120,COLEGIO VISAO,JIQUIA,"AVENIDA DOUTOR JOSÉ RUFINO, 241",-8.0851508,-34.9279009
2,68,1120,2_1120,COLEGIO VISAO,JIQUIA,"AVENIDA DOUTOR JOSÉ RUFINO, 241",-8.0851508,-34.9279009
2,69,1120,2_1120,COLEGIO VISAO,JIQUIA,"AVENIDA DOUTOR JOSÉ RUFINO, 241",-8.0851508,-34.9279009
2,70,1120,2_1120,COLEGIO VISAO,JIQUIA,"AVENIDA DOUTOR JOSÉ RUFINO, 241",-8.0851508,-34.9279009
2,71,1120,2_1120,COLEGIO VISAO,JIQUIA,"AVENIDA DOUTOR JOSÉ RUFINO, 241",-8.0851508,-34.9279009
2,230,1120,2_1120,COLEGIO VISAO,JIQUIA,"AVENIDA DOUTOR JOSÉ RUFINO, 241",-8.0851508,-34.9279009
2,246,1120,2_1120,COLEGIO VISAO,JIQUIA,"AVENIDA DOUTOR JOSÉ RUFINO, 241",-8.0851508,-34.9279009
2,252,1120,2_1120,COLEGIO VISAO,JIQUIA,"AVENIDA DOUTOR JOSÉ RUFINO, 241",-8.0851508,-34.9279009
2,257,1120,2_1120,COLEGIO VISAO,JIQUIA,"AVENIDA DOUTOR JOSÉ RUFINO, 241",-8.0851508,-34.9279009
2,262,1120,2_1120,COLEGIO VISAO,JIQUIA,"AVENIDA DOUTOR JOSÉ RUFINO, 241",-8.0851508,-34.9279009
2,97,1163,2_1163,ESCOLA GERCINO DE PONTES,IMBIRIBEIRA,"RUA ALVARO AMORIM, SN",-8.0862253,-34.9108951
2,98,1163,2_1163,ESCOLA GERCINO DE PONTES,IMBIRIBEIRA,"RUA ALVARO AMORIM, SN",-8.0862253,-34.9108951
2,99,1163,2_1163,ESCOLA GERCINO DE PONTES,IMBIRIBEIRA,"RUA ALVARO AMORIM, SN",-8.0862253,-34.9108951
2,100,1163,2_1163,ESCOLA GERCINO DE PONTES,IMBIRIBEIRA,"RUA ALVARO AMORIM, SN",-8.0862253,-34.9108951
2,227,1163,2_1163,ESCOLA GERCINO DE PONTES,IMBIRIBEIRA,"RUA ALVARO AMORIM, SN",-8.0862253,-34.9108951
2,228,1163,2_1163,ESCOLA GERCINO DE PONTES,IMBIRIBEIRA,"RUA ALVARO AMORIM, SN",-8.0862253,-34.9108951
2,229,1163,2_1163,ESCOLA GERCINO DE PONTES,IMBIRIBEIRA,"RUA ALVARO AMORIM, SN",-8.0862253,-34.9108951
2,247,1163,2_1163,ESCOLA GERCINO DE PONTES,IMBIRIBEIRA,"RUA ALVARO AMORIM, SN",-8.0862253,-34.9108951
2,72,1350,2_1350,ESCOLA MUN. MIGUEL ARRAES DE ALENCAR-SEDE (ANT. WALT DISNEY- ESTANCIA),ESTANCIA,"AV TAPAJOS , 433",-8.0925825,-34.9254764
2,73,1350,2_1350,ESCOLA MUN. MIGUEL ARRAES DE ALENCAR-SEDE (ANT. WALT DISNEY- ESTANCIA),ESTANCIA,"AV TAPAJOS , 433",-8.0925825,-34.9254764
2,74,1350,2_1350,ESCOLA MUN. MIGUEL ARRAES DE ALENCAR-SEDE (ANT. WALT DISNEY- ESTANCIA),ESTANCIA,"AV TAPAJOS , 433",-8.0925825,-34.9254764
2,75,1350,2_1350,ESCOLA MUN. MIGUEL ARRAES DE ALENCAR-SEDE (ANT. WALT DISNEY- ESTANCIA),ESTANCIA,"AV TAPAJOS , 433",-8.0925825,-34.9254764
2,76,1350,2_1350,ESCOLA MUN. MIGUEL ARRAES DE ALENCAR-SEDE (ANT. WALT DISNEY- ESTANCIA),ESTANCIA,"AV TAPAJOS , 433",-8.0925825,-34.9254764
2,77,1350,2_1350,ESCOLA MUN. MIGUEL ARRAES DE ALENCAR-SEDE (ANT. WALT DISNEY- ESTANCIA),ESTANCIA,"AV TAPAJOS , 433",-8.0925825,-34.9254764
2,78,1350,2_1350,ESCOLA MUN. MIGUEL ARRAES DE ALENCAR-SEDE (ANT. WALT DISNEY- ESTANCIA),ESTANCIA,"AV TAPAJOS , 433",-8.0925825,-34.9254764
2,79,1350,2_1350,ESCOLA MUN. MIGUEL ARRAES DE ALENCAR-SEDE (ANT. WALT DISNEY- ESTANCIA),ESTANCIA,"AV TAPAJOS , 433",-8.0925825,-34.9254764
2,80,1350,2_1350,ESCOLA MUN. MIGUEL ARRAES DE ALENCAR-SEDE (ANT. WALT DISNEY- ESTANCIA),ESTANCIA,"AV TAPAJOS , 433",-8.0925825,-34.9254764
2,81,1350,2_1350,ESCOLA MUN. MIGUEL ARRAES DE ALENCAR-SEDE (ANT. WALT DISNEY- ESTANCIA),ESTANCIA,"AV TAPAJOS , 433",-8.0925825,-34.9254764
2,286,1414,2_1414,ESCOLA PINHEIROS,IMBIRIBEIRA,"RUA ARQUITETO LUIZ NUNES, 673",-8.0901698,-34.9106064
2,287,1414,2_1414,ESCOLA PINHEIROS,IMBIRIBEIRA,"RUA ARQUITETO LUIZ NUNES, 673",-8.0901698,-34.9106064
2,288,1414,2_1414,ESCOLA PINHEIROS,IMBIRIBEIRA,"RUA ARQUITETO LUIZ NUNES, 673",-8.0901698,-34.9106064
2,289,1414,2_1414,ESCOLA PINHEIROS,IMBIRIBEIRA,"RUA ARQUITETO LUIZ NUNES, 673",-8.0901698,-34.9106064
2,314,1414,2_1414,ESCOLA PINHEIROS,IMBIRIBEIRA,"RUA ARQUITETO LUIZ NUNES, 673",-8.0901698,-34.9106064
2,318,1414,2_1414,ESCOLA PINHEIROS,IMBIRIBEIRA,"RUA ARQUITETO LUIZ NUNES, 673",-8.0901698,-34.9106064
2,324,1414,2_1414,ESCOLA PINHEIROS,IMBIRIBEIRA,"RUA ARQUITETO LUIZ NUNES, 673",-8.0901698,-34.9106064
2,332,1414,2_1414,ESCOLA PINHEIROS,IMBIRIBEIRA,"RUA ARQUITETO LUIZ NUNES, 673",-8.0901698,-34.9106064
2,298,1449,2_1449,ESCOLA SENADOR NILO COELHO,AREIAS,"AV. RECIFE, CONJ. RES. IGNEZ ANDREAZZA, SN",-8.0946948,-34.92771
2,299,1449,2_1449,ESCOLA SENADOR NILO COELHO,AREIAS,"AV. RECIFE, CONJ. RES. IGNEZ ANDREAZZA, SN",-8.0946948,-34.92771
2,300,1449,2_1449,ESCOLA SENADOR NILO COELHO,AREIAS,"AV. RECIFE, CONJ. RES. IGNEZ ANDREAZZA, SN",-8.0946948,-34.92771
2,301,1449,2_1449,ESCOLA SENADOR NILO COELHO,AREIAS,"AV. RECIFE, CONJ. RES. IGNEZ ANDREAZZA, SN",-8.0946948,-34.92771
2,317,1449,2_1449,ESCOLA SENADOR NILO COELHO,AREIAS,"AV. RECIFE, CONJ. RES. IGNEZ ANDREAZZA, SN",-8.0946948,-34.92771
2,325,1449,2_1449,ESCOLA SENADOR NILO COELHO,AREIAS,"AV. RECIFE, CONJ. RES. IGNEZ ANDREAZZA, SN",-8.0946948,-34.92771
2,329,1449,2_1449,ESCOLA SENADOR NILO COELHO,AREIAS,"AV. RECIFE, CONJ. RES. IGNEZ ANDREAZZA, SN",-8.0946948,-34.92771
2,333,1449,2_1449,ESCOLA SENADOR NILO COELHO,AREIAS,"AV. RECIFE, CONJ. RES. IGNEZ ANDREAZZA, SN",-8.0946948,-34.92771
2,340,1449,2_1449,ESCOLA SENADOR NILO COELHO,AREIAS,"AV. RECIFE, CONJ. RES. IGNEZ ANDREAZZA, SN",-8.0946948,-34.92771
2,342,1449,2_1449,ESCOLA SENADOR NILO COELHO,AREIAS,"AV. RECIFE, CONJ. RES. IGNEZ ANDREAZZA, SN",-8.0946948,-34.92771
2,152,1481,2_1481,ESCOLA DÉBORA FEIJÓ,AFOGADOS,"RUA JOVELINO SELVA, 71",-8.080159,-34.9207961
2,153,1481,2_1481,ESCOLA DÉBORA FEIJÓ,AFOGADOS,"RUA JOVELINO SELVA, 71",-8.080159,-34.9207961
2,154,1481,2_1481,ESCOLA DÉBORA FEIJÓ,AFOGADOS,"RUA JOVELINO SELVA, 71",-8.080159,-34.9207961
2,155,1481,2_1481,ESCOLA DÉBORA FEIJÓ,AFOGADOS,"RUA JOVELINO SELVA, 71",-8.080159,-34.9207961
2,156,1481,2_1481,ESCOLA DÉBORA FEIJÓ,AFOGADOS,"RUA JOVELINO SELVA, 71",-8.080159,-34.9207961
2,157,1481,2_1481,ESCOLA DÉBORA FEIJÓ,AFOGADOS,"RUA JOVELINO SELVA, 71",-8.080159,-34.9207961
2,312,1481,2_1481,ESCOLA DÉBORA FEIJÓ,AFOGADOS,"RUA JOVELINO SELVA, 71",-8.080159,-34.9207961
2,313,1481,2_1481,ESCOLA DÉBORA FEIJÓ,AFOGADOS,"RUA JOVELINO SELVA, 71",-8.080159,-34.9207961
2,315,1481,2_1481,ESCOLA DÉBORA FEIJÓ,AFOGADOS,"RUA JOVELINO SELVA, 71",-8.080159,-34.9207961
2,337,1538,2_1538,ESCOLA ANITA GARIBALDI (UNIDADE II),IMBIRIBEIRA,"RUA CÔNEGO LIRA, 282",-8.093998,-34.9117871
2,344,1538,2_1538,ESCOLA ANITA GARIBALDI (UNIDADE II),IMBIRIBEIRA,"RUA CÔNEGO LIRA, 282",-8.093998,-34.9117871
2,348,1538,2_1538,ESCOLA ANITA GARIBALDI (UNIDADE II),IMBIRIBEIRA,"RUA CÔNEGO LIRA, 282",-8.093998,-34.9117871
2,351,1538,2_1538,ESCOLA ANITA GARIBALDI (UNIDADE II),IMBIRIBEIRA,"RUA CÔNEGO LIRA, 282",-8.093998,-34.9117871
2,354,1538,2_1538,ESCOLA ANITA GARIBALDI (UNIDADE II),IMBIRIBEIRA,"RUA CÔNEGO LIRA, 282",-8.093998,-34.9117871
2,359,1538,2_1538,ESCOLA ANITA GARIBALDI (UNIDADE II),IMBIRIBEIRA,"RUA CÔNEGO LIRA, 282",-8.093998,-34.9117871
2,85,1562,2_1562,CRECHE ESCOLA RECIFE GOVERNADOR MIGUEL ARRAES,AREIAS,"RUA DR. GILARDI RODRIGUES DOS SANTOS, N.10",-8.0958416,-34.9238426
2,236,1562,2_1562,CRECHE ESCOLA RECIFE GOVERNADOR MIGUEL ARRAES,AREIAS,"RUA DR. GILARDI RODRIGUES DOS SANTOS, N.10",-8.0958416,-34.9238426
2,258,1562,2_1562,CRECHE ESCOLA RECIFE GOVERNADOR MIGUEL ARRAES,AREIAS,"RUA DR. GILARDI RODRIGUES DOS SANTOS, N.10",-8.0958416,-34.9238426
2,260,1562,2_1562,CRECHE ESCOLA RECIFE GOVERNADOR MIGUEL ARRAES,AREIAS,"RUA DR. GILARDI RODRIGUES DOS SANTOS, N.10",-8.0958416,-34.9238426
2,349,1562,2_1562,CRECHE ESCOLA RECIFE GOVERNADOR MIGUEL ARRAES,AREIAS,"RUA DR. GILARDI RODRIGUES DOS SANTOS, N.10",-8.0958416,-34.9238426
2,355,1562,2_1562,CRECHE ESCOLA RECIFE GOVERNADOR MIGUEL ARRAES,AREIAS,"RUA DR. GILARDI RODRIGUES DOS SANTOS, N.10",-8.0958416,-34.9238426
2,357,1562,2_1562,CRECHE ESCOLA RECIFE GOVERNADOR MIGUEL ARRAES,AREIAS,"RUA DR. GILARDI RODRIGUES DOS SANTOS, N.10",-8.0958416,-34.9238426
2,368,1597,2_1597,ESCOLA PADRE JOSE MATHIAS DELGADO,JARDIM SAO PAULO,"RUA DEVALDO BORGES, SN",-8.0790541,-34.9399065
2,369,1597,2_1597,ESCOLA PADRE JOSE MATHIAS DELGADO,JARDIM SAO PAULO,"RUA DEVALDO BORGES, SN",-8.0790541,-34.9399065
2,370,1597,2_1597,ESCOLA PADRE JOSE MATHIAS DELGADO,JARDIM SAO PAULO,"RUA DEVALDO BORGES, SN",-8.0790541,-34.9399065
2,371,1597,2_1597,ESCOLA PADRE JOSE MATHIAS DELGADO,JARDIM SAO PAULO,"RUA DEVALDO BORGES, SN",-8.0790541,-34.9399065
2,372,1597,2_1597,ESCOLA PADRE JOSE MATHIAS DELGADO,JARDIM SAO PAULO,"RUA DEVALDO BORGES, SN",-8.0790541,-34.9399065
2,373,1597,2_1597,ESCOLA PADRE JOSE MATHIAS DELGADO,JARDIM SAO PAULO,"RUA DEVALDO BORGES, SN",-8.0790541,-34.9399065
2,374,1597,2_1597,ESCOLA PADRE JOSE MATHIAS DELGADO,JARDIM SAO PAULO,"RUA DEVALDO BORGES, SN",-8.0790541,-34.9399065
2,375,1597,2_1597,ESCOLA PADRE JOSE MATHIAS DELGADO,JARDIM SAO PAULO,"RUA DEVALDO BORGES, SN",-8.0790541,-34.9399065
2,376,1597,2_1597,ESCOLA PADRE JOSE MATHIAS DELGADO,JARDIM SAO PAULO,"RUA DEVALDO BORGES, SN",-8.0790541,-34.9399065
2,377,1597,2_1597,ESCOLA PADRE JOSE MATHIAS DELGADO,JARDIM SAO PAULO,"RUA DEVALDO BORGES, SN",-8.0790541,-34.9399065
2,378,1597,2_1597,ESCOLA PADRE JOSE MATHIAS DELGADO,JARDIM SAO PAULO,"RUA DEVALDO BORGES, SN",-8.0790541,-34.9399065
2,379,1600,2_1600,ESCOLA PROFESSOR JOSÉ VICENTE,IPSEP,"PRAÇA ALEIXO DE OLIVEIRA,SN",-8.1130623,-34.9246052
2,380,1600,2_1600,ESCOLA PROFESSOR JOSÉ VICENTE,IPSEP,"PRAÇA ALEIXO DE OLIVEIRA,SN",-8.1130623,-34.9246052
2,381,1600,2_1600,ESCOLA PROFESSOR JOSÉ VICENTE,IPSEP,"PRAÇA ALEIXO DE OLIVEIRA,SN",-8.1130623,-34.9246052
2,382,1600,2_1600,ESCOLA PROFESSOR JOSÉ VICENTE,IPSEP,"PRAÇA ALEIXO DE OLIVEIRA,SN",-8.1130623,-34.9246052
2,383,1600,2_1600,ESCOLA PROFESSOR JOSÉ VICENTE,IPSEP,"PRAÇA ALEIXO DE OLIVEIRA,SN",-8.1130623,-34.9246052
2,384,1600,2_1600,ESCOLA PROFESSOR JOSÉ VICENTE,IPSEP,"PRAÇA ALEIXO DE OLIVEIRA,SN",-8.1130623,-34.9246052
2,385,1600,2_1600,ESCOLA PROFESSOR JOSÉ VICENTE,IPSEP,"PRAÇA ALEIXO DE OLIVEIRA,SN",-8.1130623,-34.9246052
2,386,1600,2_1600,ESCOLA PROFESSOR JOSÉ VICENTE,IPSEP,"PRAÇA ALEIXO DE OLIVEIRA,SN",-8.1130623,-34.9246052
2,387,1619,2_1619,ESCOLA MUNICIPAL BALBINA MENELAU,JARDIM SAO PAULO,"RUA JOÃO DE ANDRADE, 82",-8.0829743,-34.948436
2,388,1619,2_1619,ESCOLA MUNICIPAL BALBINA MENELAU,JARDIM SAO PAULO,"RUA JOÃO DE ANDRADE, 82",-8.0829743,-34.948436
2,389,1619,2_1619,ESCOLA MUNICIPAL BALBINA MENELAU,JARDIM SAO PAULO,"RUA JOÃO DE ANDRADE, 82",-8.0829743,-34.948436
2,390,1619,2_1619,ESCOLA MUNICIPAL BALBINA MENELAU,JARDIM SAO PAULO,"RUA JOÃO DE ANDRADE, 82",-8.0829743,-34.948436
2,391,1619,2_1619,ESCOLA MUNICIPAL BALBINA MENELAU,JARDIM SAO PAULO,"RUA JOÃO DE ANDRADE, 82",-8.0829743,-34.948436
2,392,1627,2_1627,COLÉGIO 2001 - CENTRO EDUCACIONAL JARDIM SÃO PAULO,JARDIM SAO PAULO,"RUA VITORIANO EBLA, 49",-8.0796126,-34.9360885
2,393,1627,2_1627,COLÉGIO 2001 - CENTRO EDUCACIONAL JARDIM SÃO PAULO,JARDIM SAO PAULO,"RUA VITORIANO EBLA, 49",-8.0796126,-34.9360885
2,394,1627,2_1627,COLÉGIO 2001 - CENTRO EDUCACIONAL JARDIM SÃO PAULO,JARDIM SAO PAULO,"RUA VITORIANO EBLA, 49",-8.0796126,-34.9360885
2,395,1627,2_1627,COLÉGIO 2001 - CENTRO EDUCACIONAL JARDIM SÃO PAULO,JARDIM SAO PAULO,"RUA VITORIANO EBLA, 49",-8.0796126,-34.9360885
2,396,1627,2_1627,COLÉGIO 2001 - CENTRO EDUCACIONAL JARDIM SÃO PAULO,JARDIM SAO PAULO,"RUA VITORIANO EBLA, 49",-8.0796126,-34.9360885
2,397,1627,2_1627,COLÉGIO 2001 - CENTRO EDUCACIONAL JARDIM SÃO PAULO,JARDIM SAO PAULO,"RUA VITORIANO EBLA, 49",-8.0796126,-34.9360885
2,398,1635,2_1635,ESCOLA MUNICIPAL CHICO MENDES,CACOTE,1 TRAVESSA DO CAMPO NÚMERO: S/N,-8.1031787,-34.9324573
2,399,1635,2_1635,ESCOLA MUNICIPAL CHICO MENDES,CACOTE,1 TRAVESSA DO CAMPO NÚMERO: S/N,-8.1031787,-34.9324573
2,400,1635,2_1635,ESCOLA MUNICIPAL CHICO MENDES,CACOTE,1 TRAVESSA DO CAMPO NÚMERO: S/N,-8.1031787,-34.9324573
2,401,1635,2_1635,ESCOLA MUNICIPAL CHICO MENDES,CACOTE,1 TRAVESSA DO CAMPO NÚMERO: S/N,-8.1031787,-34.9324573
2,402,1635,2_1635,ESCOLA MUNICIPAL CHICO MENDES,CACOTE,1 TRAVESSA DO CAMPO NÚMERO: S/N,-8.1031787,-34.9324573
2,403,1643,2_1643,ESCOLA DOM BOSCO,JARDIM SAO PAULO,"RUA ALVENÓPOLIS, 600",-8.0796327,-34.9486094
2,404,1643,2_1643,ESCOLA DOM BOSCO,JARDIM SAO PAULO,"RUA ALVENÓPOLIS, 600",-8.0796327,-34.9486094
2,405,1643,2_1643,ESCOLA DOM BOSCO,JARDIM SAO PAULO,"RUA ALVENÓPOLIS, 600",-8.0796327,-34.9486094
2,406,1643,2_1643,ESCOLA DOM BOSCO,JARDIM SAO PAULO,"RUA ALVENÓPOLIS, 600",-8.0796327,-34.9486094
2,407,1643,2_1643,ESCOLA DOM BOSCO,JARDIM SAO PAULO,"RUA ALVENÓPOLIS, 600",-8.0796327,-34.9486094
2,408,1643,2_1643,ESCOLA DOM BOSCO,JARDIM SAO PAULO,"RUA ALVENÓPOLIS, 600",-8.0796327,-34.9486094
2,409,1643,2_1643,ESCOLA DOM BOSCO,JARDIM SAO PAULO,"RUA ALVENÓPOLIS, 600",-8.0796327,-34.9486094
2,364,1651,2_1651,ESCOLA MUNICIPAL JARDIM UCHÔA,AREIAS,"RUA JUPIATA, 211",-8.1006976,-34.9380661
2,365,1651,2_1651,ESCOLA MUNICIPAL JARDIM UCHÔA,AREIAS,"RUA JUPIATA, 211",-8.1006976,-34.9380661
2,366,1651,2_1651,ESCOLA MUNICIPAL JARDIM UCHÔA,AREIAS,"RUA JUPIATA, 211",-8.1006976,-34.9380661
2,367,1651,2_1651,ESCOLA MUNICIPAL JARDIM UCHÔA,AREIAS,"RUA JUPIATA, 211",-8.1006976,-34.9380661
2,419,1651,2_1651,ESCOLA MUNICIPAL JARDIM UCHÔA,AREIAS,"RUA JUPIATA, 211",-8.1006976,-34.9380661
2,420,1651,2_1651,ESCOLA MUNICIPAL JARDIM UCHÔA,AREIAS,"RUA JUPIATA, 211",-8.1006976,-34.9380661
2,421,1660,2_1660,COLÉGIO INCENTIVO,AREIAS,"RUA DR. JOSÉ CONSTANTINO,96",-8.0921852,-34.9363792
2,422,1660,2_1660,COLÉGIO INCENTIVO,AREIAS,"RUA DR. JOSÉ CONSTANTINO,96",-8.0921852,-34.9363792
2,423,1660,2_1660,COLÉGIO INCENTIVO,AREIAS,"RUA DR. JOSÉ CONSTANTINO,96",-8.0921852,-34.9363792
2,424,1660,2_1660,COLÉGIO INCENTIVO,AREIAS,"RUA DR. JOSÉ CONSTANTINO,96",-8.0921852,-34.9363792
2,425,1660,2_1660,COLÉGIO INCENTIVO,AREIAS,"RUA DR. JOSÉ CONSTANTINO,96",-8.0921852,-34.9363792
2,426,1660,2_1660,COLÉGIO INCENTIVO,AREIAS,"RUA DR. JOSÉ CONSTANTINO,96",-8.0921852,-34.9363792
2,427,1660,2_1660,COLÉGIO INCENTIVO,AREIAS,"RUA DR. JOSÉ CONSTANTINO,96",-8.0921852,-34.9363792
2,428,1678,2_1678,ESCOLA JOSÉ MARIANO,AREIAS,"AV. DR. JOSÉ RUFINO, 892",-8.0878731,-34.9325076
2,429,1678,2_1678,ESCOLA JOSÉ MARIANO,AREIAS,"AV. DR. JOSÉ RUFINO, 892",-8.0878731,-34.9325076
2,430,1678,2_1678,ESCOLA JOSÉ MARIANO,AREIAS,"AV. DR. JOSÉ RUFINO, 892",-8.0878731,-34.9325076
2,431,1678,2_1678,ESCOLA JOSÉ MARIANO,AREIAS,"AV. DR. JOSÉ RUFINO, 892",-8.0878731,-34.9325076
2,432,1678,2_1678,ESCOLA JOSÉ MARIANO,AREIAS,"AV. DR. JOSÉ RUFINO, 892",-8.0878731,-34.9325076
2,433,1678,2_1678,ESCOLA JOSÉ MARIANO,AREIAS,"AV. DR. JOSÉ RUFINO, 892",-8.0878731,-34.9325076
2,434,1686,2_1686,ESCOLA MUNICIPAL ISAAC PEREIRA DA SILVA,AREIAS,"RUA OITICICA LINS, 211",-8.0933522,-34.9349317
2,435,1686,2_1686,ESCOLA MUNICIPAL ISAAC PEREIRA DA SILVA,AREIAS,"RUA OITICICA LINS, 211",-8.0933522,-34.9349317
2,436,1686,2_1686,ESCOLA MUNICIPAL ISAAC PEREIRA DA SILVA,AREIAS,"RUA OITICICA LINS, 211",-8.0933522,-34.9349317
2,437,1694,2_1694,ESCOLA PROFISSIONALIZANTE DE AREIAS,AREIAS,"RUA IPOJUCA,257",-8.0940355,-34.9360008
2,438,1694,2_1694,ESCOLA PROFISSIONALIZANTE DE AREIAS,AREIAS,"RUA IPOJUCA,257",-8.0940355,-34.9360008
2,362,1708,2_1708,CRECHE RECIFE 2000,AREIAS,"RUA RIO SOLIMÕES, S/N",-8.0974878,-34.9373979
2,363,1708,2_1708,CRECHE RECIFE 2000,AREIAS,"RUA RIO SOLIMÕES, S/N",-8.0974878,-34.9373979
2,439,1708,2_1708,CRECHE RECIFE 2000,AREIAS,"RUA RIO SOLIMÕES, S/N",-8.0974878,-34.9373979
2,440,1708,2_1708,CRECHE RECIFE 2000,AREIAS,"RUA RIO SOLIMÕES, S/N",-8.0974878,-34.9373979
2,554,1708,2_1708,CRECHE RECIFE 2000,AREIAS,"RUA RIO SOLIMÕES, S/N",-8.0974878,-34.9373979
2,451,1724,2_1724,ESCOLA MUNICIPAL LUIS VAZ DE CAMÕES ,IPSEP,"R. JACUNDA, 505 - IPSEP, RECIFE - PE",-8.1102397,-34.9214033
2,452,1724,2_1724,ESCOLA MUNICIPAL LUIS VAZ DE CAMÕES ,IPSEP,"R. JACUNDA, 505 - IPSEP, RECIFE - PE",-8.1102397,-34.9214033
2,453,1724,2_1724,ESCOLA MUNICIPAL LUIS VAZ DE CAMÕES ,IPSEP,"R. JACUNDA, 505 - IPSEP, RECIFE - PE",-8.1102397,-34.9214033
2,454,1732,2_1732,COLÉGIO 2001-CENTRO EDUC.JD.SÃO PAULO - ANEXO II (ANT. STA BÁRBARA),JARDIM SAO PAULO,"AVENIDA SÃO PAULO, 257",-8.0840726,-34.9388745
2,455,1732,2_1732,COLÉGIO 2001-CENTRO EDUC.JD.SÃO PAULO - ANEXO II (ANT. STA BÁRBARA),JARDIM SAO PAULO,"AVENIDA SÃO PAULO, 257",-8.0840726,-34.9388745
2,456,1732,2_1732,COLÉGIO 2001-CENTRO EDUC.JD.SÃO PAULO - ANEXO II (ANT. STA BÁRBARA),JARDIM SAO PAULO,"AVENIDA SÃO PAULO, 257",-8.0840726,-34.9388745
2,457,1732,2_1732,COLÉGIO 2001-CENTRO EDUC.JD.SÃO PAULO - ANEXO II (ANT. STA BÁRBARA),JARDIM SAO PAULO,"AVENIDA SÃO PAULO, 257",-8.0840726,-34.9388745
2,458,1732,2_1732,COLÉGIO 2001-CENTRO EDUC.JD.SÃO PAULO - ANEXO II (ANT. STA BÁRBARA),JARDIM SAO PAULO,"AVENIDA SÃO PAULO, 257",-8.0840726,-34.9388745
2,459,1732,2_1732,COLÉGIO 2001-CENTRO EDUC.JD.SÃO PAULO - ANEXO II (ANT. STA BÁRBARA),JARDIM SAO PAULO,"AVENIDA SÃO PAULO, 257",-8.0840726,-34.9388745
2,460,1732,2_1732,COLÉGIO 2001-CENTRO EDUC.JD.SÃO PAULO - ANEXO II (ANT. STA BÁRBARA),JARDIM SAO PAULO,"AVENIDA SÃO PAULO, 257",-8.0840726,-34.9388745
2,461,1732,2_1732,COLÉGIO 2001-CENTRO EDUC.JD.SÃO PAULO - ANEXO II (ANT. STA BÁRBARA),JARDIM SAO PAULO,"AVENIDA SÃO PAULO, 257",-8.0840726,-34.9388745
2,462,1732,2_1732,COLÉGIO 2001-CENTRO EDUC.JD.SÃO PAULO - ANEXO II (ANT. STA BÁRBARA),JARDIM SAO PAULO,"AVENIDA SÃO PAULO, 257",-8.0840726,-34.9388745
2,463,1732,2_1732,COLÉGIO 2001-CENTRO EDUC.JD.SÃO PAULO - ANEXO II (ANT. STA BÁRBARA),JARDIM SAO PAULO,"AVENIDA SÃO PAULO, 257",-8.0840726,-34.9388745
2,464,1732,2_1732,COLÉGIO 2001-CENTRO EDUC.JD.SÃO PAULO - ANEXO II (ANT. STA BÁRBARA),JARDIM SAO PAULO,"AVENIDA SÃO PAULO, 257",-8.0840726,-34.9388745
2,465,1732,2_1732,COLÉGIO 2001-CENTRO EDUC.JD.SÃO PAULO - ANEXO II (ANT. STA BÁRBARA),JARDIM SAO PAULO,"AVENIDA SÃO PAULO, 257",-8.0840726,-34.9388745
2,466,1740,2_1740,SENAI - SERVICO NACIONAL DE APRENDIZAGEM INDUSTRIAL,AREIAS,"AVENIDA DR JOSE RUFINO, NÚMERO: 1099",-8.0895306,-34.9336523
2,467,1740,2_1740,SENAI - SERVICO NACIONAL DE APRENDIZAGEM INDUSTRIAL,AREIAS,"AVENIDA DR JOSE RUFINO, NÚMERO: 1099",-8.0895306,-34.9336523
2,468,1740,2_1740,SENAI - SERVICO NACIONAL DE APRENDIZAGEM INDUSTRIAL,AREIAS,"AVENIDA DR JOSE RUFINO, NÚMERO: 1099",-8.0895306,-34.9336523
2,469,1740,2_1740,SENAI - SERVICO NACIONAL DE APRENDIZAGEM INDUSTRIAL,AREIAS,"AVENIDA DR JOSE RUFINO, NÚMERO: 1099",-8.0895306,-34.9336523
2,470,1740,2_1740,SENAI - SERVICO NACIONAL DE APRENDIZAGEM INDUSTRIAL,AREIAS,"AVENIDA DR JOSE RUFINO, NÚMERO: 1099",-8.0895306,-34.9336523
2,471,1740,2_1740,SENAI - SERVICO NACIONAL DE APRENDIZAGEM INDUSTRIAL,AREIAS,"AVENIDA DR JOSE RUFINO, NÚMERO: 1099",-8.0895306,-34.9336523
2,472,1740,2_1740,SENAI - SERVICO NACIONAL DE APRENDIZAGEM INDUSTRIAL,AREIAS,"AVENIDA DR JOSE RUFINO, NÚMERO: 1099",-8.0895306,-34.9336523
2,473,1740,2_1740,SENAI - SERVICO NACIONAL DE APRENDIZAGEM INDUSTRIAL,AREIAS,"AVENIDA DR JOSE RUFINO, NÚMERO: 1099",-8.0895306,-34.9336523
2,474,1759,2_1759,ESCOLA ENGENHEIRO LAURO DINIZ,IPSEP,"RUA: SATURNINO MEIRELES, S/N, VILA DA SUDENE",-8.1144743,-34.9211551
2,475,1759,2_1759,ESCOLA ENGENHEIRO LAURO DINIZ,IPSEP,"RUA: SATURNINO MEIRELES, S/N, VILA DA SUDENE",-8.1144743,-34.9211551
2,476,1759,2_1759,ESCOLA ENGENHEIRO LAURO DINIZ,IPSEP,"RUA: SATURNINO MEIRELES, S/N, VILA DA SUDENE",-8.1144743,-34.9211551
2,477,1759,2_1759,ESCOLA ENGENHEIRO LAURO DINIZ,IPSEP,"RUA: SATURNINO MEIRELES, S/N, VILA DA SUDENE",-8.1144743,-34.9211551
2,478,1759,2_1759,ESCOLA ENGENHEIRO LAURO DINIZ,IPSEP,"RUA: SATURNINO MEIRELES, S/N, VILA DA SUDENE",-8.1144743,-34.9211551
2,479,1759,2_1759,ESCOLA ENGENHEIRO LAURO DINIZ,IPSEP,"RUA: SATURNINO MEIRELES, S/N, VILA DA SUDENE",-8.1144743,-34.9211551
2,480,1759,2_1759,ESCOLA ENGENHEIRO LAURO DINIZ,IPSEP,"RUA: SATURNINO MEIRELES, S/N, VILA DA SUDENE",-8.1144743,-34.9211551
2,481,1759,2_1759,ESCOLA ENGENHEIRO LAURO DINIZ,IPSEP,"RUA: SATURNINO MEIRELES, S/N, VILA DA SUDENE",-8.1144743,-34.9211551
2,482,1759,2_1759,ESCOLA ENGENHEIRO LAURO DINIZ,IPSEP,"RUA: SATURNINO MEIRELES, S/N, VILA DA SUDENE",-8.1144743,-34.9211551
2,483,1759,2_1759,ESCOLA ENGENHEIRO LAURO DINIZ,IPSEP,"RUA: SATURNINO MEIRELES, S/N, VILA DA SUDENE",-8.1144743,-34.9211551
2,484,1759,2_1759,ESCOLA ENGENHEIRO LAURO DINIZ,IPSEP,"RUA: SATURNINO MEIRELES, S/N, VILA DA SUDENE",-8.1144743,-34.9211551
2,485,1767,2_1767,ESCOLA TRAJANO DE MENDONCA,JARDIM SAO PAULO,"RUA CAPETINGA, SN",-8.0785995,-34.9417507
2,486,1767,2_1767,ESCOLA TRAJANO DE MENDONCA,JARDIM SAO PAULO,"RUA CAPETINGA, SN",-8.0785995,-34.9417507
2,487,1767,2_1767,ESCOLA TRAJANO DE MENDONCA,JARDIM SAO PAULO,"RUA CAPETINGA, SN",-8.0785995,-34.9417507
2,488,1767,2_1767,ESCOLA TRAJANO DE MENDONCA,JARDIM SAO PAULO,"RUA CAPETINGA, SN",-8.0785995,-34.9417507
2,489,1767,2_1767,ESCOLA TRAJANO DE MENDONCA,JARDIM SAO PAULO,"RUA CAPETINGA, SN",-8.0785995,-34.9417507
2,490,1767,2_1767,ESCOLA TRAJANO DE MENDONCA,JARDIM SAO PAULO,"RUA CAPETINGA, SN",-8.0785995,-34.9417507
2,491,1767,2_1767,ESCOLA TRAJANO DE MENDONCA,JARDIM SAO PAULO,"RUA CAPETINGA, SN",-8.0785995,-34.9417507
2,492,1767,2_1767,ESCOLA TRAJANO DE MENDONCA,JARDIM SAO PAULO,"RUA CAPETINGA, SN",-8.0785995,-34.9417507
2,493,1767,2_1767,ESCOLA TRAJANO DE MENDONCA,JARDIM SAO PAULO,"RUA CAPETINGA, SN",-8.0785995,-34.9417507
2,494,1767,2_1767,ESCOLA TRAJANO DE MENDONCA,JARDIM SAO PAULO,"RUA CAPETINGA, SN",-8.0785995,-34.9417507
2,495,1767,2_1767,ESCOLA TRAJANO DE MENDONCA,JARDIM SAO PAULO,"RUA CAPETINGA, SN",-8.0785995,-34.9417507
2,496,1767,2_1767,ESCOLA TRAJANO DE MENDONCA,JARDIM SAO PAULO,"RUA CAPETINGA, SN",-8.0785995,-34.9417507
2,497,1767,2_1767,ESCOLA TRAJANO DE MENDONCA,JARDIM SAO PAULO,"RUA CAPETINGA, SN",-8.0785995,-34.9417507
2,498,1767,2_1767,ESCOLA TRAJANO DE MENDONCA,JARDIM SAO PAULO,"RUA CAPETINGA, SN",-8.0785995,-34.9417507
2,499,1767,2_1767,ESCOLA TRAJANO DE MENDONCA,JARDIM SAO PAULO,"RUA CAPETINGA, SN",-8.0785995,-34.9417507
2,500,1767,2_1767,ESCOLA TRAJANO DE MENDONCA,JARDIM SAO PAULO,"RUA CAPETINGA, SN",-8.0785995,-34.9417507
2,501,1767,2_1767,ESCOLA TRAJANO DE MENDONCA,JARDIM SAO PAULO,"RUA CAPETINGA, SN",-8.0785995,-34.9417507
2,502,1775,2_1775,ESCOLA BARÃO DE BONITO,AREIAS,"PRAÇA 4 DE OUTUBRO, SN",-8.095342,-34.938973
2,503,1775,2_1775,ESCOLA BARÃO DE BONITO,AREIAS,"PRAÇA 4 DE OUTUBRO, SN",-8.095342,-34.938973
2,504,1775,2_1775,ESCOLA BARÃO DE BONITO,AREIAS,"PRAÇA 4 DE OUTUBRO, SN",-8.095342,-34.938973
2,505,1775,2_1775,ESCOLA BARÃO DE BONITO,AREIAS,"PRAÇA 4 DE OUTUBRO, SN",-8.095342,-34.938973
2,506,1775,2_1775,ESCOLA BARÃO DE BONITO,AREIAS,"PRAÇA 4 DE OUTUBRO, SN",-8.095342,-34.938973
2,507,1775,2_1775,ESCOLA BARÃO DE BONITO,AREIAS,"PRAÇA 4 DE OUTUBRO, SN",-8.095342,-34.938973
2,508,1775,2_1775,ESCOLA BARÃO DE BONITO,AREIAS,"PRAÇA 4 DE OUTUBRO, SN",-8.095342,-34.938973
2,509,1775,2_1775,ESCOLA BARÃO DE BONITO,AREIAS,"PRAÇA 4 DE OUTUBRO, SN",-8.095342,-34.938973
2,510,1775,2_1775,ESCOLA BARÃO DE BONITO,AREIAS,"PRAÇA 4 DE OUTUBRO, SN",-8.095342,-34.938973
2,511,1775,2_1775,ESCOLA BARÃO DE BONITO,AREIAS,"PRAÇA 4 DE OUTUBRO, SN",-8.095342,-34.938973
2,512,1783,2_1783,ESCOLA HERÓIS DA RESTAURAÇÃO,AREIAS,RUA OITICICA LINS - 55,-8.0975991,-34.9351821
2,513,1783,2_1783,ESCOLA HERÓIS DA RESTAURAÇÃO,AREIAS,RUA OITICICA LINS - 55,-8.0975991,-34.9351821
2,514,1783,2_1783,ESCOLA HERÓIS DA RESTAURAÇÃO,AREIAS,RUA OITICICA LINS - 55,-8.0975991,-34.9351821
2,515,1783,2_1783,ESCOLA HERÓIS DA RESTAURAÇÃO,AREIAS,RUA OITICICA LINS - 55,-8.0975991,-34.9351821
2,516,1783,2_1783,ESCOLA HERÓIS DA RESTAURAÇÃO,AREIAS,RUA OITICICA LINS - 55,-8.0975991,-34.9351821
2,517,1783,2_1783,ESCOLA HERÓIS DA RESTAURAÇÃO,AREIAS,RUA OITICICA LINS - 55,-8.0975991,-34.9351821
2,518,1783,2_1783,ESCOLA HERÓIS DA RESTAURAÇÃO,AREIAS,RUA OITICICA LINS - 55,-8.0975991,-34.9351821
2,519,1783,2_1783,ESCOLA HERÓIS DA RESTAURAÇÃO,AREIAS,RUA OITICICA LINS - 55,-8.0975991,-34.9351821
2,520,1783,2_1783,ESCOLA HERÓIS DA RESTAURAÇÃO,AREIAS,RUA OITICICA LINS - 55,-8.0975991,-34.9351821
2,521,1783,2_1783,ESCOLA HERÓIS DA RESTAURAÇÃO,AREIAS,RUA OITICICA LINS - 55,-8.0975991,-34.9351821
2,522,1783,2_1783,ESCOLA HERÓIS DA RESTAURAÇÃO,AREIAS,RUA OITICICA LINS - 55,-8.0975991,-34.9351821
2,523,1783,2_1783,ESCOLA HERÓIS DA RESTAURAÇÃO,AREIAS,RUA OITICICA LINS - 55,-8.0975991,-34.9351821
2,524,1791,2_1791,ESCOLA MARIANO TEIXEIRA,AREIAS,AV FELIPE FERREIRA- SN,-8.0954997,-34.9307066
2,525,1791,2_1791,ESCOLA MARIANO TEIXEIRA,AREIAS,AV FELIPE FERREIRA- SN,-8.0954997,-34.9307066
2,526,1791,2_1791,ESCOLA MARIANO TEIXEIRA,AREIAS,AV FELIPE FERREIRA- SN,-8.0954997,-34.9307066
2,527,1791,2_1791,ESCOLA MARIANO TEIXEIRA,AREIAS,AV FELIPE FERREIRA- SN,-8.0954997,-34.9307066
2,528,1791,2_1791,ESCOLA MARIANO TEIXEIRA,AREIAS,AV FELIPE FERREIRA- SN,-8.0954997,-34.9307066
2,529,1791,2_1791,ESCOLA MARIANO TEIXEIRA,AREIAS,AV FELIPE FERREIRA- SN,-8.0954997,-34.9307066
2,530,1791,2_1791,ESCOLA MARIANO TEIXEIRA,AREIAS,AV FELIPE FERREIRA- SN,-8.0954997,-34.9307066
2,531,1791,2_1791,ESCOLA MARIANO TEIXEIRA,AREIAS,AV FELIPE FERREIRA- SN,-8.0954997,-34.9307066
2,532,1791,2_1791,ESCOLA MARIANO TEIXEIRA,AREIAS,AV FELIPE FERREIRA- SN,-8.0954997,-34.9307066
2,533,1791,2_1791,ESCOLA MARIANO TEIXEIRA,AREIAS,AV FELIPE FERREIRA- SN,-8.0954997,-34.9307066
2,534,1791,2_1791,ESCOLA MARIANO TEIXEIRA,AREIAS,AV FELIPE FERREIRA- SN,-8.0954997,-34.9307066
2,535,1791,2_1791,ESCOLA MARIANO TEIXEIRA,AREIAS,AV FELIPE FERREIRA- SN,-8.0954997,-34.9307066
2,536,1791,2_1791,ESCOLA MARIANO TEIXEIRA,AREIAS,AV FELIPE FERREIRA- SN,-8.0954997,-34.9307066
2,537,1791,2_1791,ESCOLA MARIANO TEIXEIRA,AREIAS,AV FELIPE FERREIRA- SN,-8.0954997,-34.9307066
2,538,1805,2_1805,COLÉGIO E CURSO INOVAÇÃO - CCI,IPSEP,"RUA PADRE LIMA E SA, 407",-8.1118164,-34.9257885
2,539,1805,2_1805,COLÉGIO E CURSO INOVAÇÃO - CCI,IPSEP,"RUA PADRE LIMA E SA, 407",-8.1118164,-34.9257885
2,540,1805,2_1805,COLÉGIO E CURSO INOVAÇÃO - CCI,IPSEP,"RUA PADRE LIMA E SA, 407",-8.1118164,-34.9257885
2,541,1805,2_1805,COLÉGIO E CURSO INOVAÇÃO - CCI,IPSEP,"RUA PADRE LIMA E SA, 407",-8.1118164,-34.9257885
2,542,1805,2_1805,COLÉGIO E CURSO INOVAÇÃO - CCI,IPSEP,"RUA PADRE LIMA E SA, 407",-8.1118164,-34.9257885
2,543,1805,2_1805,COLÉGIO E CURSO INOVAÇÃO - CCI,IPSEP,"RUA PADRE LIMA E SA, 407",-8.1118164,-34.9257885
2,544,1805,2_1805,COLÉGIO E CURSO INOVAÇÃO - CCI,IPSEP,"RUA PADRE LIMA E SA, 407",-8.1118164,-34.9257885
2,545,1805,2_1805,COLÉGIO E CURSO INOVAÇÃO - CCI,IPSEP,"RUA PADRE LIMA E SA, 407",-8.1118164,-34.9257885
2,546,1805,2_1805,COLÉGIO E CURSO INOVAÇÃO - CCI,IPSEP,"RUA PADRE LIMA E SA, 407",-8.1118164,-34.9257885
2,547,1813,2_1813,ESCOLA PLANETA INFANTIL,JARDIM SAO PAULO,"RUA LEANDRO BARRETO, 748",-8.0825981,-34.9470854
2,548,1813,2_1813,ESCOLA PLANETA INFANTIL,JARDIM SAO PAULO,"RUA LEANDRO BARRETO, 748",-8.0825981,-34.9470854
2,549,1813,2_1813,ESCOLA PLANETA INFANTIL,JARDIM SAO PAULO,"RUA LEANDRO BARRETO, 748",-8.0825981,-34.9470854
2,550,1813,2_1813,ESCOLA PLANETA INFANTIL,JARDIM SAO PAULO,"RUA LEANDRO BARRETO, 748",-8.0825981,-34.9470854
2,551,1813,2_1813,ESCOLA PLANETA INFANTIL,JARDIM SAO PAULO,"RUA LEANDRO BARRETO, 748",-8.0825981,-34.9470854
2,552,1813,2_1813,ESCOLA PLANETA INFANTIL,JARDIM SAO PAULO,"RUA LEANDRO BARRETO, 748",-8.0825981,-34.9470854
2,553,1813,2_1813,ESCOLA PLANETA INFANTIL,JARDIM SAO PAULO,"RUA LEANDRO BARRETO, 748",-8.0825981,-34.9470854
2,316,1821,2_1821,CRECHE ESCOLA MUNICIPAL DA ESTÂNCIA,ESTANCIA,"RUA PROFESSOR CALDAS FILHO, 186",-8.08546744,-34.92856983
2,555,1821,2_1821,CRECHE ESCOLA MUNICIPAL DA ESTÂNCIA,ESTANCIA,"RUA PROFESSOR CALDAS FILHO, 186",-8.08546744,-34.92856983
2,441,1848,2_1848,COLÉGIO AVANCE,IPSEP,"RUA RIO MAJU, 130",-8.1131452,-34.9176284
2,442,1848,2_1848,COLÉGIO AVANCE,IPSEP,"RUA RIO MAJU, 130",-8.1131452,-34.9176284
2,443,1848,2_1848,COLÉGIO AVANCE,IPSEP,"RUA RIO MAJU, 130",-8.1131452,-34.9176284
2,444,1848,2_1848,COLÉGIO AVANCE,IPSEP,"RUA RIO MAJU, 130",-8.1131452,-34.9176284
2,445,1848,2_1848,COLÉGIO AVANCE,IPSEP,"RUA RIO MAJU, 130",-8.1131452,-34.9176284
2,446,1848,2_1848,COLÉGIO AVANCE,IPSEP,"RUA RIO MAJU, 130",-8.1131452,-34.9176284
2,447,1848,2_1848,COLÉGIO AVANCE,IPSEP,"RUA RIO MAJU, 130",-8.1131452,-34.9176284
2,448,1848,2_1848,COLÉGIO AVANCE,IPSEP,"RUA RIO MAJU, 130",-8.1131452,-34.9176284
2,449,1848,2_1848,COLÉGIO AVANCE,IPSEP,"RUA RIO MAJU, 130",-8.1131452,-34.9176284
2,450,1848,2_1848,COLÉGIO AVANCE,IPSEP,"RUA RIO MAJU, 130",-8.1131452,-34.9176284
2,101,1856,2_1856,ESCOLA ANITA GARIBALDI (UNIDADE I),IMBIRIBEIRA,"R. AGRIC. JOÃO B. DE OLIVEIRA, 53",-8.095299,-34.9122193
2,102,1856,2_1856,ESCOLA ANITA GARIBALDI (UNIDADE I),IMBIRIBEIRA,"R. AGRIC. JOÃO B. DE OLIVEIRA, 53",-8.095299,-34.9122193
2,103,1856,2_1856,ESCOLA ANITA GARIBALDI (UNIDADE I),IMBIRIBEIRA,"R. AGRIC. JOÃO B. DE OLIVEIRA, 53",-8.095299,-34.9122193
2,55,1864,2_1864,GRAU TÉCNICO,IMBIRIBEIRA,"AV. MAL. MASCARENHAS DE MORAIS, 1062",-8.0924916,-34.908706
2,56,1864,2_1864,GRAU TÉCNICO,IMBIRIBEIRA,"AV. MAL. MASCARENHAS DE MORAIS, 1062",-8.0924916,-34.908706
2,57,1864,2_1864,GRAU TÉCNICO,IMBIRIBEIRA,"AV. MAL. MASCARENHAS DE MORAIS, 1062",-8.0924916,-34.908706
2,58,1864,2_1864,GRAU TÉCNICO,IMBIRIBEIRA,"AV. MAL. MASCARENHAS DE MORAIS, 1062",-8.0924916,-34.908706
2,255,1864,2_1864,GRAU TÉCNICO,IMBIRIBEIRA,"AV. MAL. MASCARENHAS DE MORAIS, 1062",-8.0924916,-34.908706
2,259,1864,2_1864,GRAU TÉCNICO,IMBIRIBEIRA,"AV. MAL. MASCARENHAS DE MORAIS, 1062",-8.0924916,-34.908706
2,274,1872,2_1872,ESCOLA MUNICIPAL SANTA LUZIA,ESTANCIA,RUA PROF. CALDAS FILHOS,-8.0855169,-34.9282271
2,276,1872,2_1872,ESCOLA MUNICIPAL SANTA LUZIA,ESTANCIA,RUA PROF. CALDAS FILHOS,-8.0855169,-34.9282271
2,277,1872,2_1872,ESCOLA MUNICIPAL SANTA LUZIA,ESTANCIA,RUA PROF. CALDAS FILHOS,-8.0855169,-34.9282271
2,278,1872,2_1872,ESCOLA MUNICIPAL SANTA LUZIA,ESTANCIA,RUA PROF. CALDAS FILHOS,-8.0855169,-34.9282271
2,322,1872,2_1872,ESCOLA MUNICIPAL SANTA LUZIA,ESTANCIA,RUA PROF. CALDAS FILHOS,-8.0855169,-34.9282271
2,330,1872,2_1872,ESCOLA MUNICIPAL SANTA LUZIA,ESTANCIA,RUA PROF. CALDAS FILHOS,-8.0855169,-34.9282271
2,336,1872,2_1872,ESCOLA MUNICIPAL SANTA LUZIA,ESTANCIA,RUA PROF. CALDAS FILHOS,-8.0855169,-34.9282271
2,361,1899,2_1899,CRECHE MUNICIPAL DE AFOGADOS,AFOGADOS,RUA CERRO NEGRO 215,-8.08422239,-34.91159258
2,556,1899,2_1899,CRECHE MUNICIPAL DE AFOGADOS,AFOGADOS,RUA CERRO NEGRO 215,-8.08422239,-34.91159258
2,104,1902,2_1902,ESCOLA MUNICIPAL JARDIM MAURICÉIA,IMBIRIBEIRA,"AV NICOLAU COPÉRNICO, 1107",-8.0893304,-34.9148459
2,105,1902,2_1902,ESCOLA MUNICIPAL JARDIM MAURICÉIA,IMBIRIBEIRA,"AV NICOLAU COPÉRNICO, 1107",-8.0893304,-34.9148459
2,562,1902,2_1902,ESCOLA MUNICIPAL JARDIM MAURICÉIA,IMBIRIBEIRA,"AV NICOLAU COPÉRNICO, 1107",-8.0893304,-34.9148459
2,563,1902,2_1902,ESCOLA MUNICIPAL JARDIM MAURICÉIA,IMBIRIBEIRA,"AV NICOLAU COPÉRNICO, 1107",-8.0893304,-34.9148459
2,82,1929,2_1929,ESCOLA MUNICIPAL ANDRÉ DE MELO,ESTANCIA,"RUA MORAIS E SILVA, S/N",-8.08369912,-34.93072142
2,83,1929,2_1929,ESCOLA MUNICIPAL ANDRÉ DE MELO,ESTANCIA,"RUA MORAIS E SILVA, S/N",-8.08369912,-34.93072142
2,84,1929,2_1929,ESCOLA MUNICIPAL ANDRÉ DE MELO,ESTANCIA,"RUA MORAIS E SILVA, S/N",-8.08369912,-34.93072142
2,560,1929,2_1929,ESCOLA MUNICIPAL ANDRÉ DE MELO,ESTANCIA,"RUA MORAIS E SILVA, S/N",-8.08369912,-34.93072142
2,410,1953,2_1953,ESCOLA MUNICIPAL WALDEMAR VALENTE,CURADO,"RUA GASTÃO DE CARVALHO, 360",-8.0759169,-34.9476886
2,411,1953,2_1953,ESCOLA MUNICIPAL WALDEMAR VALENTE,CURADO,"RUA GASTÃO DE CARVALHO, 360",-8.0759169,-34.9476886
2,412,1953,2_1953,ESCOLA MUNICIPAL WALDEMAR VALENTE,CURADO,"RUA GASTÃO DE CARVALHO, 360",-8.0759169,-34.9476886
2,413,1953,2_1953,ESCOLA MUNICIPAL WALDEMAR VALENTE,CURADO,"RUA GASTÃO DE CARVALHO, 360",-8.0759169,-34.9476886
2,414,1953,2_1953,ESCOLA MUNICIPAL WALDEMAR VALENTE,CURADO,"RUA GASTÃO DE CARVALHO, 360",-8.0759169,-34.9476886
2,415,1953,2_1953,ESCOLA MUNICIPAL WALDEMAR VALENTE,CURADO,"RUA GASTÃO DE CARVALHO, 360",-8.0759169,-34.9476886
2,416,1961,2_1961,ESCOLA MUNICIPAL POETA CARLOS PENA FILHO,JARDIM SAO PAULO,"AV LIBERDADE, 461",-8.0861214,-34.9536169
2,417,1961,2_1961,ESCOLA MUNICIPAL POETA CARLOS PENA FILHO,JARDIM SAO PAULO,"AV LIBERDADE, 461",-8.0861214,-34.9536169
2,418,1961,2_1961,ESCOLA MUNICIPAL POETA CARLOS PENA FILHO,JARDIM SAO PAULO,"AV LIBERDADE, 461",-8.0861214,-34.9536169
2,558,1961,2_1961,ESCOLA MUNICIPAL POETA CARLOS PENA FILHO,JARDIM SAO PAULO,"AV LIBERDADE, 461",-8.0861214,-34.9536169
3,35,1058,3_1058,COLÉGIO IMACULADA CONCEIÇÃO,BARRO,"AVENIDA DOUTOR JOSÉ RUFINO , 2184",-8.09285426,-34.94217156
3,36,1058,3_1058,COLÉGIO IMACULADA CONCEIÇÃO,BARRO,"AVENIDA DOUTOR JOSÉ RUFINO , 2184",-8.09285426,-34.94217156
3,37,1058,3_1058,COLÉGIO IMACULADA CONCEIÇÃO,BARRO,"AVENIDA DOUTOR JOSÉ RUFINO , 2184",-8.09285426,-34.94217156
3,38,1058,3_1058,COLÉGIO IMACULADA CONCEIÇÃO,BARRO,"AVENIDA DOUTOR JOSÉ RUFINO , 2184",-8.09285426,-34.94217156
3,39,1058,3_1058,COLÉGIO IMACULADA CONCEIÇÃO,BARRO,"AVENIDA DOUTOR JOSÉ RUFINO , 2184",-8.09285426,-34.94217156
3,40,1058,3_1058,COLÉGIO IMACULADA CONCEIÇÃO,BARRO,"AVENIDA DOUTOR JOSÉ RUFINO , 2184",-8.09285426,-34.94217156
3,41,1058,3_1058,COLÉGIO IMACULADA CONCEIÇÃO,BARRO,"AVENIDA DOUTOR JOSÉ RUFINO , 2184",-8.09285426,-34.94217156
3,54,1058,3_1058,COLÉGIO IMACULADA CONCEIÇÃO,BARRO,"AVENIDA DOUTOR JOSÉ RUFINO , 2184",-8.09285426,-34.94217156
3,55,1058,3_1058,COLÉGIO IMACULADA CONCEIÇÃO,BARRO,"AVENIDA DOUTOR JOSÉ RUFINO , 2184",-8.09285426,-34.94217156
3,56,1058,3_1058,COLÉGIO IMACULADA CONCEIÇÃO,BARRO,"AVENIDA DOUTOR JOSÉ RUFINO , 2184",-8.09285426,-34.94217156
3,361,1058,3_1058,COLÉGIO IMACULADA CONCEIÇÃO,BARRO,"AVENIDA DOUTOR JOSÉ RUFINO , 2184",-8.09285426,-34.94217156
3,373,1058,3_1058,COLÉGIO IMACULADA CONCEIÇÃO,BARRO,"AVENIDA DOUTOR JOSÉ RUFINO , 2184",-8.09285426,-34.94217156
3,187,1244,3_1244,ESCOLA MARCELINO CHAMPAGNAT,TEJIPIO,"RUA RIVADAVIA GUERRA , 55",-8.08972686,-34.95250521
3,188,1244,3_1244,ESCOLA MARCELINO CHAMPAGNAT,TEJIPIO,"RUA RIVADAVIA GUERRA , 55",-8.08972686,-34.95250521
3,189,1244,3_1244,ESCOLA MARCELINO CHAMPAGNAT,TEJIPIO,"RUA RIVADAVIA GUERRA , 55",-8.08972686,-34.95250521
3,190,1244,3_1244,ESCOLA MARCELINO CHAMPAGNAT,TEJIPIO,"RUA RIVADAVIA GUERRA , 55",-8.08972686,-34.95250521
3,191,1244,3_1244,ESCOLA MARCELINO CHAMPAGNAT,TEJIPIO,"RUA RIVADAVIA GUERRA , 55",-8.08972686,-34.95250521
3,192,1244,3_1244,ESCOLA MARCELINO CHAMPAGNAT,TEJIPIO,"RUA RIVADAVIA GUERRA , 55",-8.08972686,-34.95250521
3,193,1244,3_1244,ESCOLA MARCELINO CHAMPAGNAT,TEJIPIO,"RUA RIVADAVIA GUERRA , 55",-8.08972686,-34.95250521
3,194,1244,3_1244,ESCOLA MARCELINO CHAMPAGNAT,TEJIPIO,"RUA RIVADAVIA GUERRA , 55",-8.08972686,-34.95250521
3,195,1244,3_1244,ESCOLA MARCELINO CHAMPAGNAT,TEJIPIO,"RUA RIVADAVIA GUERRA , 55",-8.08972686,-34.95250521
3,196,1244,3_1244,ESCOLA MARCELINO CHAMPAGNAT,TEJIPIO,"RUA RIVADAVIA GUERRA , 55",-8.08972686,-34.95250521
3,201,1244,3_1244,ESCOLA MARCELINO CHAMPAGNAT,TEJIPIO,"RUA RIVADAVIA GUERRA , 55",-8.08972686,-34.95250521
3,202,1244,3_1244,ESCOLA MARCELINO CHAMPAGNAT,TEJIPIO,"RUA RIVADAVIA GUERRA , 55",-8.08972686,-34.95250521
3,371,1244,3_1244,ESCOLA MARCELINO CHAMPAGNAT,TEJIPIO,"RUA RIVADAVIA GUERRA , 55",-8.08972686,-34.95250521
3,197,1252,3_1252,ESCOLA ALBERTO TORRES,BARRO,"AV. DR. JOSÉ RUFINO, 2993",-8.09147707,-34.94980369
3,198,1252,3_1252,ESCOLA ALBERTO TORRES,BARRO,"AV. DR. JOSÉ RUFINO, 2993",-8.09147707,-34.94980369
3,199,1252,3_1252,ESCOLA ALBERTO TORRES,BARRO,"AV. DR. JOSÉ RUFINO, 2993",-8.09147707,-34.94980369
3,200,1252,3_1252,ESCOLA ALBERTO TORRES,BARRO,"AV. DR. JOSÉ RUFINO, 2993",-8.09147707,-34.94980369
3,263,1252,3_1252,ESCOLA ALBERTO TORRES,BARRO,"AV. DR. JOSÉ RUFINO, 2993",-8.09147707,-34.94980369
3,268,1252,3_1252,ESCOLA ALBERTO TORRES,BARRO,"AV. DR. JOSÉ RUFINO, 2993",-8.09147707,-34.94980369
3,286,1252,3_1252,ESCOLA ALBERTO TORRES,BARRO,"AV. DR. JOSÉ RUFINO, 2993",-8.09147707,-34.94980369
3,287,1252,3_1252,ESCOLA ALBERTO TORRES,BARRO,"AV. DR. JOSÉ RUFINO, 2993",-8.09147707,-34.94980369
3,289,1252,3_1252,ESCOLA ALBERTO TORRES,BARRO,"AV. DR. JOSÉ RUFINO, 2993",-8.09147707,-34.94980369
3,379,1252,3_1252,ESCOLA ALBERTO TORRES,BARRO,"AV. DR. JOSÉ RUFINO, 2993",-8.09147707,-34.94980369
3,203,1260,3_1260,ESCOLA EDWIGES DE SA PEREIRA,TEJIPIO,"RUA RIVADÁVIA GUERRA, 50",-8.08991996,-34.95256022
3,204,1260,3_1260,ESCOLA EDWIGES DE SA PEREIRA,TEJIPIO,"RUA RIVADÁVIA GUERRA, 50",-8.08991996,-34.95256022
3,235,1260,3_1260,ESCOLA EDWIGES DE SA PEREIRA,TEJIPIO,"RUA RIVADÁVIA GUERRA, 50",-8.08991996,-34.95256022
3,237,1260,3_1260,ESCOLA EDWIGES DE SA PEREIRA,TEJIPIO,"RUA RIVADÁVIA GUERRA, 50",-8.08991996,-34.95256022
3,246,1260,3_1260,ESCOLA EDWIGES DE SA PEREIRA,TEJIPIO,"RUA RIVADÁVIA GUERRA, 50",-8.08991996,-34.95256022
3,276,1260,3_1260,ESCOLA EDWIGES DE SA PEREIRA,TEJIPIO,"RUA RIVADÁVIA GUERRA, 50",-8.08991996,-34.95256022
3,42,1287,3_1287,ESCOLA SENADOR PAULO GUERRA,BARRO,"AV. DR. JOSE RUFINO, 2993",-8.09245552,-34.94983247
3,43,1287,3_1287,ESCOLA SENADOR PAULO GUERRA,BARRO,"AV. DR. JOSE RUFINO, 2993",-8.09245552,-34.94983247
3,44,1287,3_1287,ESCOLA SENADOR PAULO GUERRA,BARRO,"AV. DR. JOSE RUFINO, 2993",-8.09245552,-34.94983247
3,45,1287,3_1287,ESCOLA SENADOR PAULO GUERRA,BARRO,"AV. DR. JOSE RUFINO, 2993",-8.09245552,-34.94983247
3,46,1287,3_1287,ESCOLA SENADOR PAULO GUERRA,BARRO,"AV. DR. JOSE RUFINO, 2993",-8.09245552,-34.94983247
3,47,1287,3_1287,ESCOLA SENADOR PAULO GUERRA,BARRO,"AV. DR. JOSE RUFINO, 2993",-8.09245552,-34.94983247
3,48,1287,3_1287,ESCOLA SENADOR PAULO GUERRA,BARRO,"AV. DR. JOSE RUFINO, 2993",-8.09245552,-34.94983247
3,49,1287,3_1287,ESCOLA SENADOR PAULO GUERRA,BARRO,"AV. DR. JOSE RUFINO, 2993",-8.09245552,-34.94983247
3,215,1287,3_1287,ESCOLA SENADOR PAULO GUERRA,BARRO,"AV. DR. JOSE RUFINO, 2993",-8.09245552,-34.94983247
3,216,1287,3_1287,ESCOLA SENADOR PAULO GUERRA,BARRO,"AV. DR. JOSE RUFINO, 2993",-8.09245552,-34.94983247
3,217,1287,3_1287,ESCOLA SENADOR PAULO GUERRA,BARRO,"AV. DR. JOSE RUFINO, 2993",-8.09245552,-34.94983247
3,218,1287,3_1287,ESCOLA SENADOR PAULO GUERRA,BARRO,"AV. DR. JOSE RUFINO, 2993",-8.09245552,-34.94983247
3,219,1287,3_1287,ESCOLA SENADOR PAULO GUERRA,BARRO,"AV. DR. JOSE RUFINO, 2993",-8.09245552,-34.94983247
3,220,1287,3_1287,ESCOLA SENADOR PAULO GUERRA,BARRO,"AV. DR. JOSE RUFINO, 2993",-8.09245552,-34.94983247
3,304,1287,3_1287,ESCOLA SENADOR PAULO GUERRA,BARRO,"AV. DR. JOSE RUFINO, 2993",-8.09245552,-34.94983247
3,305,1287,3_1287,ESCOLA SENADOR PAULO GUERRA,BARRO,"AV. DR. JOSE RUFINO, 2993",-8.09245552,-34.94983247
3,309,1287,3_1287,ESCOLA SENADOR PAULO GUERRA,BARRO,"AV. DR. JOSE RUFINO, 2993",-8.09245552,-34.94983247
3,315,1287,3_1287,ESCOLA SENADOR PAULO GUERRA,BARRO,"AV. DR. JOSE RUFINO, 2993",-8.09245552,-34.94983247
3,383,1287,3_1287,ESCOLA SENADOR PAULO GUERRA,BARRO,"AV. DR. JOSE RUFINO, 2993",-8.09245552,-34.94983247
3,224,1325,3_1325,ESCOLA MUNICIPAL DE TEJIPIO,COQUEIRAL,"RUA TUTOIA, 165",-8.09213178,-34.96433095
3,225,1325,3_1325,ESCOLA MUNICIPAL DE TEJIPIO,COQUEIRAL,"RUA TUTOIA, 165",-8.09213178,-34.96433095
3,226,1325,3_1325,ESCOLA MUNICIPAL DE TEJIPIO,COQUEIRAL,"RUA TUTOIA, 165",-8.09213178,-34.96433095
3,227,1325,3_1325,ESCOLA MUNICIPAL DE TEJIPIO,COQUEIRAL,"RUA TUTOIA, 165",-8.09213178,-34.96433095
3,381,1325,3_1325,ESCOLA MUNICIPAL DE TEJIPIO,COQUEIRAL,"RUA TUTOIA, 165",-8.09213178,-34.96433095
3,417,1511,3_1511,ESCOLA ANIBAL FALCÃO,TEJIPIO,"RUA APRIGIO GUIMARAES, 102",-8.08751788,-34.95726898
3,438,1511,3_1511,ESCOLA ANIBAL FALCÃO,TEJIPIO,"RUA APRIGIO GUIMARAES, 102",-8.08751788,-34.95726898
3,445,1511,3_1511,ESCOLA ANIBAL FALCÃO,TEJIPIO,"RUA APRIGIO GUIMARAES, 102",-8.08751788,-34.95726898
3,460,1511,3_1511,ESCOLA ANIBAL FALCÃO,TEJIPIO,"RUA APRIGIO GUIMARAES, 102",-8.08751788,-34.95726898
3,470,1511,3_1511,ESCOLA ANIBAL FALCÃO,TEJIPIO,"RUA APRIGIO GUIMARAES, 102",-8.08751788,-34.95726898
3,483,1511,3_1511,ESCOLA ANIBAL FALCÃO,TEJIPIO,"RUA APRIGIO GUIMARAES, 102",-8.08751788,-34.95726898
3,487,1511,3_1511,ESCOLA ANIBAL FALCÃO,TEJIPIO,"RUA APRIGIO GUIMARAES, 102",-8.08751788,-34.95726898
3,491,1511,3_1511,ESCOLA ANIBAL FALCÃO,TEJIPIO,"RUA APRIGIO GUIMARAES, 102",-8.08751788,-34.95726898
3,801,1511,3_1511,ESCOLA ANIBAL FALCÃO,TEJIPIO,"RUA APRIGIO GUIMARAES, 102",-8.08751788,-34.95726898
3,820,1511,3_1511,ESCOLA ANIBAL FALCÃO,TEJIPIO,"RUA APRIGIO GUIMARAES, 102",-8.08751788,-34.95726898
3,378,1520,3_1520,ESCOLA PROFESSORA OLINDINA ALVES SEMENTE,BARRO,"RUA PAULO AFONSO , SN",-8.08821537,-34.94246763
3,423,1520,3_1520,ESCOLA PROFESSORA OLINDINA ALVES SEMENTE,BARRO,"RUA PAULO AFONSO , SN",-8.08821537,-34.94246763
3,434,1520,3_1520,ESCOLA PROFESSORA OLINDINA ALVES SEMENTE,BARRO,"RUA PAULO AFONSO , SN",-8.08821537,-34.94246763
3,441,1520,3_1520,ESCOLA PROFESSORA OLINDINA ALVES SEMENTE,BARRO,"RUA PAULO AFONSO , SN",-8.08821537,-34.94246763
3,453,1520,3_1520,ESCOLA PROFESSORA OLINDINA ALVES SEMENTE,BARRO,"RUA PAULO AFONSO , SN",-8.08821537,-34.94246763
3,465,1520,3_1520,ESCOLA PROFESSORA OLINDINA ALVES SEMENTE,BARRO,"RUA PAULO AFONSO , SN",-8.08821537,-34.94246763
3,474,1520,3_1520,ESCOLA PROFESSORA OLINDINA ALVES SEMENTE,BARRO,"RUA PAULO AFONSO , SN",-8.08821537,-34.94246763
3,481,1520,3_1520,ESCOLA PROFESSORA OLINDINA ALVES SEMENTE,BARRO,"RUA PAULO AFONSO , SN",-8.08821537,-34.94246763
3,486,1520,3_1520,ESCOLA PROFESSORA OLINDINA ALVES SEMENTE,BARRO,"RUA PAULO AFONSO , SN",-8.08821537,-34.94246763
3,493,1520,3_1520,ESCOLA PROFESSORA OLINDINA ALVES SEMENTE,BARRO,"RUA PAULO AFONSO , SN",-8.08821537,-34.94246763
3,316,1716,3_1716,CEJA - POETA JOAQUIM CARDOSO,BARRO,"AVENIDA JOSÉ RUFINO, 3071",-8.09194139,-34.94986917
3,317,1716,3_1716,CEJA - POETA JOAQUIM CARDOSO,BARRO,"AVENIDA JOSÉ RUFINO, 3071",-8.09194139,-34.94986917
3,350,1716,3_1716,CEJA - POETA JOAQUIM CARDOSO,BARRO,"AVENIDA JOSÉ RUFINO, 3071",-8.09194139,-34.94986917
3,356,1716,3_1716,CEJA - POETA JOAQUIM CARDOSO,BARRO,"AVENIDA JOSÉ RUFINO, 3071",-8.09194139,-34.94986917
3,426,1716,3_1716,CEJA - POETA JOAQUIM CARDOSO,BARRO,"AVENIDA JOSÉ RUFINO, 3071",-8.09194139,-34.94986917
3,443,1716,3_1716,CEJA - POETA JOAQUIM CARDOSO,BARRO,"AVENIDA JOSÉ RUFINO, 3071",-8.09194139,-34.94986917
3,477,1716,3_1716,CEJA - POETA JOAQUIM CARDOSO,BARRO,"AVENIDA JOSÉ RUFINO, 3071",-8.09194139,-34.94986917
3,577,1961,3_1961,ESCOLA VILA DOS MILAGRES,COHAB,RUA NOSSA SENHORA DO CARMO,-8.11297613,-34.94605355
3,578,1961,3_1961,ESCOLA VILA DOS MILAGRES,COHAB,RUA NOSSA SENHORA DO CARMO,-8.11297613,-34.94605355
3,579,1961,3_1961,ESCOLA VILA DOS MILAGRES,COHAB,RUA NOSSA SENHORA DO CARMO,-8.11297613,-34.94605355
3,580,1961,3_1961,ESCOLA VILA DOS MILAGRES,COHAB,RUA NOSSA SENHORA DO CARMO,-8.11297613,-34.94605355
3,581,1961,3_1961,ESCOLA VILA DOS MILAGRES,COHAB,RUA NOSSA SENHORA DO CARMO,-8.11297613,-34.94605355
3,582,1970,3_1970,ESCOLA SENADOR ANTONIO FARIAS,COHAB,"AVENIDA CAMPO VERDE, 415",-8.12678209,-34.95566037
3,583,1970,3_1970,ESCOLA SENADOR ANTONIO FARIAS,COHAB,"AVENIDA CAMPO VERDE, 415",-8.12678209,-34.95566037
3,584,1970,3_1970,ESCOLA SENADOR ANTONIO FARIAS,COHAB,"AVENIDA CAMPO VERDE, 415",-8.12678209,-34.95566037
3,585,1970,3_1970,ESCOLA SENADOR ANTONIO FARIAS,COHAB,"AVENIDA CAMPO VERDE, 415",-8.12678209,-34.95566037
3,586,1970,3_1970,ESCOLA SENADOR ANTONIO FARIAS,COHAB,"AVENIDA CAMPO VERDE, 415",-8.12678209,-34.95566037
3,587,1970,3_1970,ESCOLA SENADOR ANTONIO FARIAS,COHAB,"AVENIDA CAMPO VERDE, 415",-8.12678209,-34.95566037
3,588,1988,3_1988,ESCOLA LAGOA ENCANTADA,COHAB,"RUA DR. MOACIR SALES, S/N",-8.122798,-34.95091593
3,589,1988,3_1988,ESCOLA LAGOA ENCANTADA,COHAB,"RUA DR. MOACIR SALES, S/N",-8.122798,-34.95091593
3,590,1988,3_1988,ESCOLA LAGOA ENCANTADA,COHAB,"RUA DR. MOACIR SALES, S/N",-8.122798,-34.95091593
3,591,1988,3_1988,ESCOLA LAGOA ENCANTADA,COHAB,"RUA DR. MOACIR SALES, S/N",-8.122798,-34.95091593
3,592,1988,3_1988,ESCOLA LAGOA ENCANTADA,COHAB,"RUA DR. MOACIR SALES, S/N",-8.122798,-34.95091593
3,593,1988,3_1988,ESCOLA LAGOA ENCANTADA,COHAB,"RUA DR. MOACIR SALES, S/N",-8.122798,-34.95091593
3,594,1988,3_1988,ESCOLA LAGOA ENCANTADA,COHAB,"RUA DR. MOACIR SALES, S/N",-8.122798,-34.95091593
3,595,1988,3_1988,ESCOLA LAGOA ENCANTADA,COHAB,"RUA DR. MOACIR SALES, S/N",-8.122798,-34.95091593
3,596,1988,3_1988,ESCOLA LAGOA ENCANTADA,COHAB,"RUA DR. MOACIR SALES, S/N",-8.122798,-34.95091593
3,597,1988,3_1988,ESCOLA LAGOA ENCANTADA,COHAB,"RUA DR. MOACIR SALES, S/N",-8.122798,-34.95091593
3,598,1988,3_1988,ESCOLA LAGOA ENCANTADA,COHAB,"RUA DR. MOACIR SALES, S/N",-8.122798,-34.95091593
3,599,1988,3_1988,ESCOLA LAGOA ENCANTADA,COHAB,"RUA DR. MOACIR SALES, S/N",-8.122798,-34.95091593
3,600,1988,3_1988,ESCOLA LAGOA ENCANTADA,COHAB,"RUA DR. MOACIR SALES, S/N",-8.122798,-34.95091593
3,601,1988,3_1988,ESCOLA LAGOA ENCANTADA,COHAB,"RUA DR. MOACIR SALES, S/N",-8.122798,-34.95091593
3,602,1988,3_1988,ESCOLA LAGOA ENCANTADA,COHAB,"RUA DR. MOACIR SALES, S/N",-8.122798,-34.95091593
3,607,1996,3_1996,ESCOLA DOM SEBASTIAO LEME (POLIVALENTE),COHAB,"AV. ENGENHO MURIBARA, S/N",-8.11468068,-34.94950087
3,608,1996,3_1996,ESCOLA DOM SEBASTIAO LEME (POLIVALENTE),COHAB,"AV. ENGENHO MURIBARA, S/N",-8.11468068,-34.94950087
3,609,1996,3_1996,ESCOLA DOM SEBASTIAO LEME (POLIVALENTE),COHAB,"AV. ENGENHO MURIBARA, S/N",-8.11468068,-34.94950087
3,610,1996,3_1996,ESCOLA DOM SEBASTIAO LEME (POLIVALENTE),COHAB,"AV. ENGENHO MURIBARA, S/N",-8.11468068,-34.94950087
3,611,1996,3_1996,ESCOLA DOM SEBASTIAO LEME (POLIVALENTE),COHAB,"AV. ENGENHO MURIBARA, S/N",-8.11468068,-34.94950087
3,612,1996,3_1996,ESCOLA DOM SEBASTIAO LEME (POLIVALENTE),COHAB,"AV. ENGENHO MURIBARA, S/N",-8.11468068,-34.94950087
3,613,1996,3_1996,ESCOLA DOM SEBASTIAO LEME (POLIVALENTE),COHAB,"AV. ENGENHO MURIBARA, S/N",-8.11468068,-34.94950087
3,614,1996,3_1996,ESCOLA DOM SEBASTIAO LEME (POLIVALENTE),COHAB,"AV. ENGENHO MURIBARA, S/N",-8.11468068,-34.94950087
3,615,1996,3_1996,ESCOLA DOM SEBASTIAO LEME (POLIVALENTE),COHAB,"AV. ENGENHO MURIBARA, S/N",-8.11468068,-34.94950087
3,616,1996,3_1996,ESCOLA DOM SEBASTIAO LEME (POLIVALENTE),COHAB,"AV. ENGENHO MURIBARA, S/N",-8.11468068,-34.94950087
3,617,1996,3_1996,ESCOLA DOM SEBASTIAO LEME (POLIVALENTE),COHAB,"AV. ENGENHO MURIBARA, S/N",-8.11468068,-34.94950087
3,618,1996,3_1996,ESCOLA DOM SEBASTIAO LEME (POLIVALENTE),COHAB,"AV. ENGENHO MURIBARA, S/N",-8.11468068,-34.94950087
3,619,1996,3_1996,ESCOLA DOM SEBASTIAO LEME (POLIVALENTE),COHAB,"AV. ENGENHO MURIBARA, S/N",-8.11468068,-34.94950087
3,620,1996,3_1996,ESCOLA DOM SEBASTIAO LEME (POLIVALENTE),COHAB,"AV. ENGENHO MURIBARA, S/N",-8.11468068,-34.94950087
3,621,1996,3_1996,ESCOLA DOM SEBASTIAO LEME (POLIVALENTE),COHAB,"AV. ENGENHO MURIBARA, S/N",-8.11468068,-34.94950087
3,622,1996,3_1996,ESCOLA DOM SEBASTIAO LEME (POLIVALENTE),COHAB,"AV. ENGENHO MURIBARA, S/N",-8.11468068,-34.94950087
3,623,1996,3_1996,ESCOLA DOM SEBASTIAO LEME (POLIVALENTE),COHAB,"AV. ENGENHO MURIBARA, S/N",-8.11468068,-34.94950087
3,624,2003,3_2003,ESCOLA PROF. MARCOS DE BARROS FREIRE,COHAB,AV. ENGENHO BABILONIA SN,-8.11258614,-34.94765013
3,625,2003,3_2003,ESCOLA PROF. MARCOS DE BARROS FREIRE,COHAB,AV. ENGENHO BABILONIA SN,-8.11258614,-34.94765013
3,626,2003,3_2003,ESCOLA PROF. MARCOS DE BARROS FREIRE,COHAB,AV. ENGENHO BABILONIA SN,-8.11258614,-34.94765013
3,627,2003,3_2003,ESCOLA PROF. MARCOS DE BARROS FREIRE,COHAB,AV. ENGENHO BABILONIA SN,-8.11258614,-34.94765013
3,628,2003,3_2003,ESCOLA PROF. MARCOS DE BARROS FREIRE,COHAB,AV. ENGENHO BABILONIA SN,-8.11258614,-34.94765013
3,629,2003,3_2003,ESCOLA PROF. MARCOS DE BARROS FREIRE,COHAB,AV. ENGENHO BABILONIA SN,-8.11258614,-34.94765013
3,630,2003,3_2003,ESCOLA PROF. MARCOS DE BARROS FREIRE,COHAB,AV. ENGENHO BABILONIA SN,-8.11258614,-34.94765013
3,631,2003,3_2003,ESCOLA PROF. MARCOS DE BARROS FREIRE,COHAB,AV. ENGENHO BABILONIA SN,-8.11258614,-34.94765013
3,632,2011,3_2011,ESCOLA MUNICIPAL PROF. MARIA DA PAZ BRANDAO ALVES,SANCHO,"RUA DA FELICIDADE,51",-8.08239238,-34.96153418
3,633,2011,3_2011,ESCOLA MUNICIPAL PROF. MARIA DA PAZ BRANDAO ALVES,SANCHO,"RUA DA FELICIDADE,51",-8.08239238,-34.96153418
3,634,2011,3_2011,ESCOLA MUNICIPAL PROF. MARIA DA PAZ BRANDAO ALVES,SANCHO,"RUA DA FELICIDADE,51",-8.08239238,-34.96153418
3,635,2011,3_2011,ESCOLA MUNICIPAL PROF. MARIA DA PAZ BRANDAO ALVES,SANCHO,"RUA DA FELICIDADE,51",-8.08239238,-34.96153418
3,636,2011,3_2011,ESCOLA MUNICIPAL PROF. MARIA DA PAZ BRANDAO ALVES,SANCHO,"RUA DA FELICIDADE,51",-8.08239238,-34.96153418
3,637,2011,3_2011,ESCOLA MUNICIPAL PROF. MARIA DA PAZ BRANDAO ALVES,SANCHO,"RUA DA FELICIDADE,51",-8.08239238,-34.96153418
3,638,2011,3_2011,ESCOLA MUNICIPAL PROF. MARIA DA PAZ BRANDAO ALVES,SANCHO,"RUA DA FELICIDADE,51",-8.08239238,-34.96153418
3,639,2011,3_2011,ESCOLA MUNICIPAL PROF. MARIA DA PAZ BRANDAO ALVES,SANCHO,"RUA DA FELICIDADE,51",-8.08239238,-34.96153418
3,640,2011,3_2011,ESCOLA MUNICIPAL PROF. MARIA DA PAZ BRANDAO ALVES,SANCHO,"RUA DA FELICIDADE,51",-8.08239238,-34.96153418
3,641,2011,3_2011,ESCOLA MUNICIPAL PROF. MARIA DA PAZ BRANDAO ALVES,SANCHO,"RUA DA FELICIDADE,51",-8.08239238,-34.96153418
3,642,2011,3_2011,ESCOLA MUNICIPAL PROF. MARIA DA PAZ BRANDAO ALVES,SANCHO,"RUA DA FELICIDADE,51",-8.08239238,-34.96153418
3,717,2011,3_2011,ESCOLA MUNICIPAL PROF. MARIA DA PAZ BRANDAO ALVES,SANCHO,"RUA DA FELICIDADE,51",-8.08239238,-34.96153418
3,643,2020,3_2020,CENTRO SOCIAL URBANO BIDO KRAUSE,CURADO,RUA 11 DE AGOSTO SN,-8.0796637,-34.97035266
3,644,2020,3_2020,CENTRO SOCIAL URBANO BIDO KRAUSE,CURADO,RUA 11 DE AGOSTO SN,-8.0796637,-34.97035266
3,645,2020,3_2020,CENTRO SOCIAL URBANO BIDO KRAUSE,CURADO,RUA 11 DE AGOSTO SN,-8.0796637,-34.97035266
3,646,2020,3_2020,CENTRO SOCIAL URBANO BIDO KRAUSE,CURADO,RUA 11 DE AGOSTO SN,-8.0796637,-34.97035266
3,647,2020,3_2020,CENTRO SOCIAL URBANO BIDO KRAUSE,CURADO,RUA 11 DE AGOSTO SN,-8.0796637,-34.97035266
3,648,2020,3_2020,CENTRO SOCIAL URBANO BIDO KRAUSE,CURADO,RUA 11 DE AGOSTO SN,-8.0796637,-34.97035266
3,649,2020,3_2020,CENTRO SOCIAL URBANO BIDO KRAUSE,CURADO,RUA 11 DE AGOSTO SN,-8.0796637,-34.97035266
3,650,2020,3_2020,CENTRO SOCIAL URBANO BIDO KRAUSE,CURADO,RUA 11 DE AGOSTO SN,-8.0796637,-34.97035266
3,651,2020,3_2020,CENTRO SOCIAL URBANO BIDO KRAUSE,CURADO,RUA 11 DE AGOSTO SN,-8.0796637,-34.97035266
3,652,2020,3_2020,CENTRO SOCIAL URBANO BIDO KRAUSE,CURADO,RUA 11 DE AGOSTO SN,-8.0796637,-34.97035266
3,809,2020,3_2020,CENTRO SOCIAL URBANO BIDO KRAUSE,CURADO,RUA 11 DE AGOSTO SN,-8.0796637,-34.97035266
3,824,2020,3_2020,CENTRO SOCIAL URBANO BIDO KRAUSE,CURADO,RUA 11 DE AGOSTO SN,-8.0796637,-34.97035266
3,653,2038,3_2038,ESCOLA MUNICIPAL CICERO FRANKLIN CORDEIRO,COHAB,RUA FELIPE DOS SANTOS - UR 05,-8.13595889,-34.95472997
3,654,2038,3_2038,ESCOLA MUNICIPAL CICERO FRANKLIN CORDEIRO,COHAB,RUA FELIPE DOS SANTOS - UR 05,-8.13595889,-34.95472997
3,655,2038,3_2038,ESCOLA MUNICIPAL CICERO FRANKLIN CORDEIRO,COHAB,RUA FELIPE DOS SANTOS - UR 05,-8.13595889,-34.95472997
3,656,2038,3_2038,ESCOLA MUNICIPAL CICERO FRANKLIN CORDEIRO,COHAB,RUA FELIPE DOS SANTOS - UR 05,-8.13595889,-34.95472997
3,657,2038,3_2038,ESCOLA MUNICIPAL CICERO FRANKLIN CORDEIRO,COHAB,RUA FELIPE DOS SANTOS - UR 05,-8.13595889,-34.95472997
3,658,2038,3_2038,ESCOLA MUNICIPAL CICERO FRANKLIN CORDEIRO,COHAB,RUA FELIPE DOS SANTOS - UR 05,-8.13595889,-34.95472997
3,659,2038,3_2038,ESCOLA MUNICIPAL CICERO FRANKLIN CORDEIRO,COHAB,RUA FELIPE DOS SANTOS - UR 05,-8.13595889,-34.95472997
3,823,2038,3_2038,ESCOLA MUNICIPAL CICERO FRANKLIN CORDEIRO,COHAB,RUA FELIPE DOS SANTOS - UR 05,-8.13595889,-34.95472997
3,660,2046,3_2046,ESCOLA MUNICIPAL DO SANCHO,COQUEIRAL,"RUA JOÃO FERREIRA, 427, SANCHO",-8.0906564,-34.96578607
3,661,2046,3_2046,ESCOLA MUNICIPAL DO SANCHO,COQUEIRAL,"RUA JOÃO FERREIRA, 427, SANCHO",-8.0906564,-34.96578607
3,662,2046,3_2046,ESCOLA MUNICIPAL DO SANCHO,COQUEIRAL,"RUA JOÃO FERREIRA, 427, SANCHO",-8.0906564,-34.96578607
3,663,2046,3_2046,ESCOLA MUNICIPAL DO SANCHO,COQUEIRAL,"RUA JOÃO FERREIRA, 427, SANCHO",-8.0906564,-34.96578607
3,664,2046,3_2046,ESCOLA MUNICIPAL DO SANCHO,COQUEIRAL,"RUA JOÃO FERREIRA, 427, SANCHO",-8.0906564,-34.96578607
3,665,2046,3_2046,ESCOLA MUNICIPAL DO SANCHO,COQUEIRAL,"RUA JOÃO FERREIRA, 427, SANCHO",-8.0906564,-34.96578607
3,666,2046,3_2046,ESCOLA MUNICIPAL DO SANCHO,COQUEIRAL,"RUA JOÃO FERREIRA, 427, SANCHO",-8.0906564,-34.96578607
3,667,2054,3_2054,ESCOLA MARIA SAMPAIO DE LUCENA,COHAB,"AV. PERNAMBUCO, S/N",-8.12109221,-34.94618145
3,668,2054,3_2054,ESCOLA MARIA SAMPAIO DE LUCENA,COHAB,"AV. PERNAMBUCO, S/N",-8.12109221,-34.94618145
3,669,2054,3_2054,ESCOLA MARIA SAMPAIO DE LUCENA,COHAB,"AV. PERNAMBUCO, S/N",-8.12109221,-34.94618145
3,670,2054,3_2054,ESCOLA MARIA SAMPAIO DE LUCENA,COHAB,"AV. PERNAMBUCO, S/N",-8.12109221,-34.94618145
3,671,2054,3_2054,ESCOLA MARIA SAMPAIO DE LUCENA,COHAB,"AV. PERNAMBUCO, S/N",-8.12109221,-34.94618145
3,672,2054,3_2054,ESCOLA MARIA SAMPAIO DE LUCENA,COHAB,"AV. PERNAMBUCO, S/N",-8.12109221,-34.94618145
3,673,2054,3_2054,ESCOLA MARIA SAMPAIO DE LUCENA,COHAB,"AV. PERNAMBUCO, S/N",-8.12109221,-34.94618145
3,674,2054,3_2054,ESCOLA MARIA SAMPAIO DE LUCENA,COHAB,"AV. PERNAMBUCO, S/N",-8.12109221,-34.94618145
3,675,2054,3_2054,ESCOLA MARIA SAMPAIO DE LUCENA,COHAB,"AV. PERNAMBUCO, S/N",-8.12109221,-34.94618145
3,676,2054,3_2054,ESCOLA MARIA SAMPAIO DE LUCENA,COHAB,"AV. PERNAMBUCO, S/N",-8.12109221,-34.94618145
3,677,2054,3_2054,ESCOLA MARIA SAMPAIO DE LUCENA,COHAB,"AV. PERNAMBUCO, S/N",-8.12109221,-34.94618145
3,679,2070,3_2070,CRECHE MUNICIPAL SONHO DO POVO,COHAB,"RUA CORDILHEIRA, S/N",-8.1190292,-34.94557325
3,680,2070,3_2070,CRECHE MUNICIPAL SONHO DO POVO,COHAB,"RUA CORDILHEIRA, S/N",-8.1190292,-34.94557325
3,681,2070,3_2070,CRECHE MUNICIPAL SONHO DO POVO,COHAB,"RUA CORDILHEIRA, S/N",-8.1190292,-34.94557325
3,603,2089,3_2089,ESCOLA MUNICIPAL LAGOA ENCANTADA,COHAB,"RUA DR. BENIGNO JORDÃO DE VASCONCELOS, S/N",-8.11992152,-34.95018168
3,604,2089,3_2089,ESCOLA MUNICIPAL LAGOA ENCANTADA,COHAB,"RUA DR. BENIGNO JORDÃO DE VASCONCELOS, S/N",-8.11992152,-34.95018168
3,605,2089,3_2089,ESCOLA MUNICIPAL LAGOA ENCANTADA,COHAB,"RUA DR. BENIGNO JORDÃO DE VASCONCELOS, S/N",-8.11992152,-34.95018168
3,606,2089,3_2089,ESCOLA MUNICIPAL LAGOA ENCANTADA,COHAB,"RUA DR. BENIGNO JORDÃO DE VASCONCELOS, S/N",-8.11992152,-34.95018168
3,682,2089,3_2089,ESCOLA MUNICIPAL LAGOA ENCANTADA,COHAB,"RUA DR. BENIGNO JORDÃO DE VASCONCELOS, S/N",-8.11992152,-34.95018168
3,683,2089,3_2089,ESCOLA MUNICIPAL LAGOA ENCANTADA,COHAB,"RUA DR. BENIGNO JORDÃO DE VASCONCELOS, S/N",-8.11992152,-34.95018168
3,819,2089,3_2089,ESCOLA MUNICIPAL LAGOA ENCANTADA,COHAB,"RUA DR. BENIGNO JORDÃO DE VASCONCELOS, S/N",-8.11992152,-34.95018168
3,684,2097,3_2097,ESCOLA MUNICIPAL FUTURO FELIZ,COHAB,"RUA UBIRAJUBA, S/N",-8.12659045,-34.95567784
3,685,2097,3_2097,ESCOLA MUNICIPAL FUTURO FELIZ,COHAB,"RUA UBIRAJUBA, S/N",-8.12659045,-34.95567784
3,686,2097,3_2097,ESCOLA MUNICIPAL FUTURO FELIZ,COHAB,"RUA UBIRAJUBA, S/N",-8.12659045,-34.95567784
3,806,2097,3_2097,ESCOLA MUNICIPAL FUTURO FELIZ,COHAB,"RUA UBIRAJUBA, S/N",-8.12659045,-34.95567784
3,687,2100,3_2100,ESC. MUN. ASA BRANCA,COHAB,"R MARIA ADELAIDE CASTELO BRANCO, 55 - COHAB",-8.12417608,-34.94930227
3,805,2100,3_2100,ESC. MUN. ASA BRANCA,COHAB,"R MARIA ADELAIDE CASTELO BRANCO, 55 - COHAB",-8.12417608,-34.94930227
3,688,2119,3_2119,ESCOLA MUNICIPAL POETA PAULO BANDEIRA DA CRUZ,COHAB,"RUA PANELAS, S/N UR2",-8.12182355,-34.95545278
3,689,2119,3_2119,ESCOLA MUNICIPAL POETA PAULO BANDEIRA DA CRUZ,COHAB,"RUA PANELAS, S/N UR2",-8.12182355,-34.95545278
3,690,2119,3_2119,ESCOLA MUNICIPAL POETA PAULO BANDEIRA DA CRUZ,COHAB,"RUA PANELAS, S/N UR2",-8.12182355,-34.95545278
3,691,2119,3_2119,ESCOLA MUNICIPAL POETA PAULO BANDEIRA DA CRUZ,COHAB,"RUA PANELAS, S/N UR2",-8.12182355,-34.95545278
3,692,2119,3_2119,ESCOLA MUNICIPAL POETA PAULO BANDEIRA DA CRUZ,COHAB,"RUA PANELAS, S/N UR2",-8.12182355,-34.95545278
3,693,2119,3_2119,ESCOLA MUNICIPAL POETA PAULO BANDEIRA DA CRUZ,COHAB,"RUA PANELAS, S/N UR2",-8.12182355,-34.95545278
3,694,2127,3_2127,ESCOLA MUNCIPAL JOSE MUCIO MONTEIRO,COHAB,"AV. JOAO RIO BRANCO DE LIMA - UR - 12 , 125",-8.12750986,-34.95304669
3,695,2127,3_2127,ESCOLA MUNCIPAL JOSE MUCIO MONTEIRO,COHAB,"AV. JOAO RIO BRANCO DE LIMA - UR - 12 , 125",-8.12750986,-34.95304669
3,822,2127,3_2127,ESCOLA MUNCIPAL JOSE MUCIO MONTEIRO,COHAB,"AV. JOAO RIO BRANCO DE LIMA - UR - 12 , 125",-8.12750986,-34.95304669
3,696,2135,3_2135,ESC.MUN.PROF.ORLANDO PARAHYM,COHAB,"R SOLDADO VIRGILIO LÚCIO, 104 - UR-4",-8.12765049,-34.94727296
3,804,2135,3_2135,ESC.MUN.PROF.ORLANDO PARAHYM,COHAB,"R SOLDADO VIRGILIO LÚCIO, 104 - UR-4",-8.12765049,-34.94727296
3,697,2151,3_2151,ESCOLA MUNICIPAL JARDIM MONTE VERDE,COHAB,"AVENIDA CHAPADA DO ARARIPE, 92",-8.12003534,-34.96008229
3,698,2151,3_2151,ESCOLA MUNICIPAL JARDIM MONTE VERDE,COHAB,"AVENIDA CHAPADA DO ARARIPE, 92",-8.12003534,-34.96008229
3,699,2151,3_2151,ESCOLA MUNICIPAL JARDIM MONTE VERDE,COHAB,"AVENIDA CHAPADA DO ARARIPE, 92",-8.12003534,-34.96008229
3,700,2151,3_2151,ESCOLA MUNICIPAL JARDIM MONTE VERDE,COHAB,"AVENIDA CHAPADA DO ARARIPE, 92",-8.12003534,-34.96008229
3,701,2151,3_2151,ESCOLA MUNICIPAL JARDIM MONTE VERDE,COHAB,"AVENIDA CHAPADA DO ARARIPE, 92",-8.12003534,-34.96008229
3,702,2151,3_2151,ESCOLA MUNICIPAL JARDIM MONTE VERDE,COHAB,"AVENIDA CHAPADA DO ARARIPE, 92",-8.12003534,-34.96008229
3,703,2151,3_2151,ESCOLA MUNICIPAL JARDIM MONTE VERDE,COHAB,"AVENIDA CHAPADA DO ARARIPE, 92",-8.12003534,-34.96008229
3,704,2151,3_2151,ESCOLA MUNICIPAL JARDIM MONTE VERDE,COHAB,"AVENIDA CHAPADA DO ARARIPE, 92",-8.12003534,-34.96008229
3,705,2151,3_2151,ESCOLA MUNICIPAL JARDIM MONTE VERDE,COHAB,"AVENIDA CHAPADA DO ARARIPE, 92",-8.12003534,-34.96008229
3,807,2151,3_2151,ESCOLA MUNICIPAL JARDIM MONTE VERDE,COHAB,"AVENIDA CHAPADA DO ARARIPE, 92",-8.12003534,-34.96008229
3,815,2151,3_2151,ESCOLA MUNICIPAL JARDIM MONTE VERDE,COHAB,"AVENIDA CHAPADA DO ARARIPE, 92",-8.12003534,-34.96008229
3,706,2160,3_2160,ESCOLA MUNICIPAL VILA SESAMO,COHAB,"VALE DO ITAJAÍ, 65",-8.13376554,-34.94999914
3,707,2160,3_2160,ESCOLA MUNICIPAL VILA SESAMO,COHAB,"VALE DO ITAJAÍ, 65",-8.13376554,-34.94999914
3,708,2160,3_2160,ESCOLA MUNICIPAL VILA SESAMO,COHAB,"VALE DO ITAJAÍ, 65",-8.13376554,-34.94999914
3,709,2160,3_2160,ESCOLA MUNICIPAL VILA SESAMO,COHAB,"VALE DO ITAJAÍ, 65",-8.13376554,-34.94999914
3,710,2160,3_2160,ESCOLA MUNICIPAL VILA SESAMO,COHAB,"VALE DO ITAJAÍ, 65",-8.13376554,-34.94999914
3,821,2160,3_2160,ESCOLA MUNICIPAL VILA SESAMO,COHAB,"VALE DO ITAJAÍ, 65",-8.13376554,-34.94999914
3,797,2178,3_2178,ESCOLA MISSIONÁRIO SÃO BENTO,COHAB,RUA CAPITÃO VICENTE CURADO,-8.13158467,-34.94767403
3,813,2178,3_2178,ESCOLA MISSIONÁRIO SÃO BENTO,COHAB,RUA CAPITÃO VICENTE CURADO,-8.13158467,-34.94767403
3,718,2194,3_2194,ESCOLA CARLÚCIO CASTANHO (ANTIGA ESCOLA MUNICIPAL UR-1),COHAB,"AV. PERNAMBUCO, S/N UR1",-8.121267,-34.94621743
3,719,2194,3_2194,ESCOLA CARLÚCIO CASTANHO (ANTIGA ESCOLA MUNICIPAL UR-1),COHAB,"AV. PERNAMBUCO, S/N UR1",-8.121267,-34.94621743
3,720,2194,3_2194,ESCOLA CARLÚCIO CASTANHO (ANTIGA ESCOLA MUNICIPAL UR-1),COHAB,"AV. PERNAMBUCO, S/N UR1",-8.121267,-34.94621743
3,721,2194,3_2194,ESCOLA CARLÚCIO CASTANHO (ANTIGA ESCOLA MUNICIPAL UR-1),COHAB,"AV. PERNAMBUCO, S/N UR1",-8.121267,-34.94621743
3,722,2194,3_2194,ESCOLA CARLÚCIO CASTANHO (ANTIGA ESCOLA MUNICIPAL UR-1),COHAB,"AV. PERNAMBUCO, S/N UR1",-8.121267,-34.94621743
3,723,2194,3_2194,ESCOLA CARLÚCIO CASTANHO (ANTIGA ESCOLA MUNICIPAL UR-1),COHAB,"AV. PERNAMBUCO, S/N UR1",-8.121267,-34.94621743
3,724,2194,3_2194,ESCOLA CARLÚCIO CASTANHO (ANTIGA ESCOLA MUNICIPAL UR-1),COHAB,"AV. PERNAMBUCO, S/N UR1",-8.121267,-34.94621743
3,725,2194,3_2194,ESCOLA CARLÚCIO CASTANHO (ANTIGA ESCOLA MUNICIPAL UR-1),COHAB,"AV. PERNAMBUCO, S/N UR1",-8.121267,-34.94621743
3,726,2194,3_2194,ESCOLA CARLÚCIO CASTANHO (ANTIGA ESCOLA MUNICIPAL UR-1),COHAB,"AV. PERNAMBUCO, S/N UR1",-8.121267,-34.94621743
3,727,2194,3_2194,ESCOLA CARLÚCIO CASTANHO (ANTIGA ESCOLA MUNICIPAL UR-1),COHAB,"AV. PERNAMBUCO, S/N UR1",-8.121267,-34.94621743
3,728,2194,3_2194,ESCOLA CARLÚCIO CASTANHO (ANTIGA ESCOLA MUNICIPAL UR-1),COHAB,"AV. PERNAMBUCO, S/N UR1",-8.121267,-34.94621743
3,729,2194,3_2194,ESCOLA CARLÚCIO CASTANHO (ANTIGA ESCOLA MUNICIPAL UR-1),COHAB,"AV. PERNAMBUCO, S/N UR1",-8.121267,-34.94621743
3,730,2194,3_2194,ESCOLA CARLÚCIO CASTANHO (ANTIGA ESCOLA MUNICIPAL UR-1),COHAB,"AV. PERNAMBUCO, S/N UR1",-8.121267,-34.94621743
3,747,2224,3_2224,CRECHE ESCOLA DO IBURA (ANTIGO CENTRO  MUN. EDUC. INFANTIL DO IBURA),COHAB,"AV EXPEDICIONÁRIO FRANCISCO VITORIANO, S/N - UR-10",-8.13393986,-34.9496055
3,802,2224,3_2224,CRECHE ESCOLA DO IBURA (ANTIGO CENTRO  MUN. EDUC. INFANTIL DO IBURA),COHAB,"AV EXPEDICIONÁRIO FRANCISCO VITORIANO, S/N - UR-10",-8.13393986,-34.9496055
3,811,2224,3_2224,CRECHE ESCOLA DO IBURA (ANTIGO CENTRO  MUN. EDUC. INFANTIL DO IBURA),COHAB,"AV EXPEDICIONÁRIO FRANCISCO VITORIANO, S/N - UR-10",-8.13393986,-34.9496055
3,748,2232,3_2232,ESCOLA MUNICIPAL CRISTIANO CORDEIRO,COHAB,"AV. SANTOS, S/N",-8.11476328,-34.95385308
3,749,2232,3_2232,ESCOLA MUNICIPAL CRISTIANO CORDEIRO,COHAB,"AV. SANTOS, S/N",-8.11476328,-34.95385308
3,750,2232,3_2232,ESCOLA MUNICIPAL CRISTIANO CORDEIRO,COHAB,"AV. SANTOS, S/N",-8.11476328,-34.95385308
3,751,2232,3_2232,ESCOLA MUNICIPAL CRISTIANO CORDEIRO,COHAB,"AV. SANTOS, S/N",-8.11476328,-34.95385308
3,752,2232,3_2232,ESCOLA MUNICIPAL CRISTIANO CORDEIRO,COHAB,"AV. SANTOS, S/N",-8.11476328,-34.95385308
3,753,2232,3_2232,ESCOLA MUNICIPAL CRISTIANO CORDEIRO,COHAB,"AV. SANTOS, S/N",-8.11476328,-34.95385308
3,754,2232,3_2232,ESCOLA MUNICIPAL CRISTIANO CORDEIRO,COHAB,"AV. SANTOS, S/N",-8.11476328,-34.95385308
3,755,2232,3_2232,ESCOLA MUNICIPAL CRISTIANO CORDEIRO,COHAB,"AV. SANTOS, S/N",-8.11476328,-34.95385308
3,756,2232,3_2232,ESCOLA MUNICIPAL CRISTIANO CORDEIRO,COHAB,"AV. SANTOS, S/N",-8.11476328,-34.95385308
3,757,2232,3_2232,ESCOLA MUNICIPAL CRISTIANO CORDEIRO,COHAB,"AV. SANTOS, S/N",-8.11476328,-34.95385308
3,770,2240,3_2240,ESCOLA PROFESSOR JORDAO EMERENCIANO,COHAB,"AV SANTAREM, S/N UR-2 IBURA",-8.11991893,-34.95444642
3,771,2240,3_2240,ESCOLA PROFESSOR JORDAO EMERENCIANO,COHAB,"AV SANTAREM, S/N UR-2 IBURA",-8.11991893,-34.95444642
3,772,2240,3_2240,ESCOLA PROFESSOR JORDAO EMERENCIANO,COHAB,"AV SANTAREM, S/N UR-2 IBURA",-8.11991893,-34.95444642
3,773,2240,3_2240,ESCOLA PROFESSOR JORDAO EMERENCIANO,COHAB,"AV SANTAREM, S/N UR-2 IBURA",-8.11991893,-34.95444642
3,774,2240,3_2240,ESCOLA PROFESSOR JORDAO EMERENCIANO,COHAB,"AV SANTAREM, S/N UR-2 IBURA",-8.11991893,-34.95444642
3,775,2240,3_2240,ESCOLA PROFESSOR JORDAO EMERENCIANO,COHAB,"AV SANTAREM, S/N UR-2 IBURA",-8.11991893,-34.95444642
3,776,2240,3_2240,ESCOLA PROFESSOR JORDAO EMERENCIANO,COHAB,"AV SANTAREM, S/N UR-2 IBURA",-8.11991893,-34.95444642
3,777,2240,3_2240,ESCOLA PROFESSOR JORDAO EMERENCIANO,COHAB,"AV SANTAREM, S/N UR-2 IBURA",-8.11991893,-34.95444642
3,778,2240,3_2240,ESCOLA PROFESSOR JORDAO EMERENCIANO,COHAB,"AV SANTAREM, S/N UR-2 IBURA",-8.11991893,-34.95444642
3,779,2240,3_2240,ESCOLA PROFESSOR JORDAO EMERENCIANO,COHAB,"AV SANTAREM, S/N UR-2 IBURA",-8.11991893,-34.95444642
3,780,2240,3_2240,ESCOLA PROFESSOR JORDAO EMERENCIANO,COHAB,"AV SANTAREM, S/N UR-2 IBURA",-8.11991893,-34.95444642
3,781,2240,3_2240,ESCOLA PROFESSOR JORDAO EMERENCIANO,COHAB,"AV SANTAREM, S/N UR-2 IBURA",-8.11991893,-34.95444642
3,782,2240,3_2240,ESCOLA PROFESSOR JORDAO EMERENCIANO,COHAB,"AV SANTAREM, S/N UR-2 IBURA",-8.11991893,-34.95444642
3,783,2240,3_2240,ESCOLA PROFESSOR JORDAO EMERENCIANO,COHAB,"AV SANTAREM, S/N UR-2 IBURA",-8.11991893,-34.95444642
3,784,2240,3_2240,ESCOLA PROFESSOR JORDAO EMERENCIANO,COHAB,"AV SANTAREM, S/N UR-2 IBURA",-8.11991893,-34.95444642
3,803,2240,3_2240,ESCOLA PROFESSOR JORDAO EMERENCIANO,COHAB,"AV SANTAREM, S/N UR-2 IBURA",-8.11991893,-34.95444642
3,810,2240,3_2240,ESCOLA PROFESSOR JORDAO EMERENCIANO,COHAB,"AV SANTAREM, S/N UR-2 IBURA",-8.11991893,-34.95444642
3,814,2240,3_2240,ESCOLA PROFESSOR JORDAO EMERENCIANO,COHAB,"AV SANTAREM, S/N UR-2 IBURA",-8.11991893,-34.95444642
3,816,2240,3_2240,ESCOLA PROFESSOR JORDAO EMERENCIANO,COHAB,"AV SANTAREM, S/N UR-2 IBURA",-8.11991893,-34.95444642
3,788,2267,3_2267,ESCOLA MUNICIPAL 27 DE NOVEMBRO,COHAB,"RUA 21 DE ABRIL, 1120",-8.11157708,-34.95378358
3,789,2267,3_2267,ESCOLA MUNICIPAL 27 DE NOVEMBRO,COHAB,"RUA 21 DE ABRIL, 1120",-8.11157708,-34.95378358
3,790,2267,3_2267,ESCOLA MUNICIPAL 27 DE NOVEMBRO,COHAB,"RUA 21 DE ABRIL, 1120",-8.11157708,-34.95378358
3,791,2267,3_2267,ESCOLA MUNICIPAL 27 DE NOVEMBRO,COHAB,"RUA 21 DE ABRIL, 1120",-8.11157708,-34.95378358
3,792,2275,3_2275,ESCOLA MUNICIPAL ALTO DA BELA VISTA,COQUEIRAL,"RUA ALTO DA BELA VISTA, N 338/369",-8.08480741,-34.96883462
3,793,2275,3_2275,ESCOLA MUNICIPAL ALTO DA BELA VISTA,COQUEIRAL,"RUA ALTO DA BELA VISTA, N 338/369",-8.08480741,-34.96883462
3,794,2275,3_2275,ESCOLA MUNICIPAL ALTO DA BELA VISTA,COQUEIRAL,"RUA ALTO DA BELA VISTA, N 338/369",-8.08480741,-34.96883462
3,817,2275,3_2275,ESCOLA MUNICIPAL ALTO DA BELA VISTA,COQUEIRAL,"RUA ALTO DA BELA VISTA, N 338/369",-8.08480741,-34.96883462
3,785,2313,3_2313,CRECHE ESCOLA MAURICÉIA DA SILVA DIAS ( CRECHE PANTANAL ),BARRO,"AV. PRESIDENTE MÉDICI, S/N - UR3",-8.10706398,-34.95690014
3,786,2313,3_2313,CRECHE ESCOLA MAURICÉIA DA SILVA DIAS ( CRECHE PANTANAL ),BARRO,"AV. PRESIDENTE MÉDICI, S/N - UR3",-8.10706398,-34.95690014
3,787,2313,3_2313,CRECHE ESCOLA MAURICÉIA DA SILVA DIAS ( CRECHE PANTANAL ),BARRO,"AV. PRESIDENTE MÉDICI, S/N - UR3",-8.10706398,-34.95690014
3,795,2313,3_2313,CRECHE ESCOLA MAURICÉIA DA SILVA DIAS ( CRECHE PANTANAL ),BARRO,"AV. PRESIDENTE MÉDICI, S/N - UR3",-8.10706398,-34.95690014
3,808,2313,3_2313,CRECHE ESCOLA MAURICÉIA DA SILVA DIAS ( CRECHE PANTANAL ),BARRO,"AV. PRESIDENTE MÉDICI, S/N - UR3",-8.10706398,-34.95690014
3,825,2313,3_2313,CRECHE ESCOLA MAURICÉIA DA SILVA DIAS ( CRECHE PANTANAL ),BARRO,"AV. PRESIDENTE MÉDICI, S/N - UR3",-8.10706398,-34.95690014
3,711,2321,3_2321,CRECHE ESCOLA GOVERNADOR EDUARDO CAMPOS,COHAB,"RUA VALE DO CARIRI, S/N - UR-5",-8.13203105,-34.94851271
3,712,2321,3_2321,CRECHE ESCOLA GOVERNADOR EDUARDO CAMPOS,COHAB,"RUA VALE DO CARIRI, S/N - UR-5",-8.13203105,-34.94851271
3,713,2321,3_2321,CRECHE ESCOLA GOVERNADOR EDUARDO CAMPOS,COHAB,"RUA VALE DO CARIRI, S/N - UR-5",-8.13203105,-34.94851271
3,714,2321,3_2321,CRECHE ESCOLA GOVERNADOR EDUARDO CAMPOS,COHAB,"RUA VALE DO CARIRI, S/N - UR-5",-8.13203105,-34.94851271
3,715,2321,3_2321,CRECHE ESCOLA GOVERNADOR EDUARDO CAMPOS,COHAB,"RUA VALE DO CARIRI, S/N - UR-5",-8.13203105,-34.94851271
3,716,2321,3_2321,CRECHE ESCOLA GOVERNADOR EDUARDO CAMPOS,COHAB,"RUA VALE DO CARIRI, S/N - UR-5",-8.13203105,-34.94851271
3,678,2330,3_2330,COLÉGIO MULTIPLO ENSINO,COQUEIRAL,"RUA GUANABARA,99",-8.08988501,-34.96537258
3,731,2330,3_2330,COLÉGIO MULTIPLO ENSINO,COQUEIRAL,"RUA GUANABARA,99",-8.08988501,-34.96537258
3,732,2330,3_2330,COLÉGIO MULTIPLO ENSINO,COQUEIRAL,"RUA GUANABARA,99",-8.08988501,-34.96537258
3,733,2330,3_2330,COLÉGIO MULTIPLO ENSINO,COQUEIRAL,"RUA GUANABARA,99",-8.08988501,-34.96537258
3,734,2330,3_2330,COLÉGIO MULTIPLO ENSINO,COQUEIRAL,"RUA GUANABARA,99",-8.08988501,-34.96537258
3,812,2330,3_2330,COLÉGIO MULTIPLO ENSINO,COQUEIRAL,"RUA GUANABARA,99",-8.08988501,-34.96537258
3,818,2330,3_2330,COLÉGIO MULTIPLO ENSINO,COQUEIRAL,"RUA GUANABARA,99",-8.08988501,-34.96537258
3,758,2348,3_2348,ESCOLA PADRE LEBRET,COHAB,AVENIDA ANDGRA DOS REIS,-8.1200325,-34.9545531
3,759,2348,3_2348,ESCOLA PADRE LEBRET,COHAB,AVENIDA ANDGRA DOS REIS,-8.1200325,-34.9545531
3,760,2348,3_2348,ESCOLA PADRE LEBRET,COHAB,AVENIDA ANDGRA DOS REIS,-8.1200325,-34.9545531
3,761,2348,3_2348,ESCOLA PADRE LEBRET,COHAB,AVENIDA ANDGRA DOS REIS,-8.1200325,-34.9545531
3,762,2348,3_2348,ESCOLA PADRE LEBRET,COHAB,AVENIDA ANDGRA DOS REIS,-8.1200325,-34.9545531
3,763,2348,3_2348,ESCOLA PADRE LEBRET,COHAB,AVENIDA ANDGRA DOS REIS,-8.1200325,-34.9545531
3,764,2348,3_2348,ESCOLA PADRE LEBRET,COHAB,AVENIDA ANDGRA DOS REIS,-8.1200325,-34.9545531
3,765,2348,3_2348,ESCOLA PADRE LEBRET,COHAB,AVENIDA ANDGRA DOS REIS,-8.1200325,-34.9545531
3,766,2348,3_2348,ESCOLA PADRE LEBRET,COHAB,AVENIDA ANDGRA DOS REIS,-8.1200325,-34.9545531
3,767,2348,3_2348,ESCOLA PADRE LEBRET,COHAB,AVENIDA ANDGRA DOS REIS,-8.1200325,-34.9545531
3,768,2348,3_2348,ESCOLA PADRE LEBRET,COHAB,AVENIDA ANDGRA DOS REIS,-8.1200325,-34.9545531
3,769,2348,3_2348,ESCOLA PADRE LEBRET,COHAB,AVENIDA ANDGRA DOS REIS,-8.1200325,-34.9545531
3,798,2348,3_2348,ESCOLA PADRE LEBRET,COHAB,AVENIDA ANDGRA DOS REIS,-8.1200325,-34.9545531
3,735,2364,3_2364,ESCOLA SÃO JORGE ( SEÇÕES DO ÁLVARO NEGROMONTE),CURADO,"RUA APRÍGIO GUIMARÃES, 840",-8.08083828,-34.96857744
3,736,2364,3_2364,ESCOLA SÃO JORGE ( SEÇÕES DO ÁLVARO NEGROMONTE),CURADO,"RUA APRÍGIO GUIMARÃES, 840",-8.08083828,-34.96857744
3,737,2364,3_2364,ESCOLA SÃO JORGE ( SEÇÕES DO ÁLVARO NEGROMONTE),CURADO,"RUA APRÍGIO GUIMARÃES, 840",-8.08083828,-34.96857744
3,738,2364,3_2364,ESCOLA SÃO JORGE ( SEÇÕES DO ÁLVARO NEGROMONTE),CURADO,"RUA APRÍGIO GUIMARÃES, 840",-8.08083828,-34.96857744
3,739,2364,3_2364,ESCOLA SÃO JORGE ( SEÇÕES DO ÁLVARO NEGROMONTE),CURADO,"RUA APRÍGIO GUIMARÃES, 840",-8.08083828,-34.96857744
3,740,2364,3_2364,ESCOLA SÃO JORGE ( SEÇÕES DO ÁLVARO NEGROMONTE),CURADO,"RUA APRÍGIO GUIMARÃES, 840",-8.08083828,-34.96857744
3,741,2364,3_2364,ESCOLA SÃO JORGE ( SEÇÕES DO ÁLVARO NEGROMONTE),CURADO,"RUA APRÍGIO GUIMARÃES, 840",-8.08083828,-34.96857744
3,742,2364,3_2364,ESCOLA SÃO JORGE ( SEÇÕES DO ÁLVARO NEGROMONTE),CURADO,"RUA APRÍGIO GUIMARÃES, 840",-8.08083828,-34.96857744
3,743,2364,3_2364,ESCOLA SÃO JORGE ( SEÇÕES DO ÁLVARO NEGROMONTE),CURADO,"RUA APRÍGIO GUIMARÃES, 840",-8.08083828,-34.96857744
3,744,2364,3_2364,ESCOLA SÃO JORGE ( SEÇÕES DO ÁLVARO NEGROMONTE),CURADO,"RUA APRÍGIO GUIMARÃES, 840",-8.08083828,-34.96857744
3,745,2364,3_2364,ESCOLA SÃO JORGE ( SEÇÕES DO ÁLVARO NEGROMONTE),CURADO,"RUA APRÍGIO GUIMARÃES, 840",-8.08083828,-34.96857744
3,746,2364,3_2364,ESCOLA SÃO JORGE ( SEÇÕES DO ÁLVARO NEGROMONTE),CURADO,"RUA APRÍGIO GUIMARÃES, 840",-8.08083828,-34.96857744
4,37,1090,4_1090,"CENTRO DE EDUCAÇÃO, TECNOLOGIA E CIDADANIA - CETEC- ANT CENTRO NOBREGA",SOLEDADE,"AV OLIVEIRA LIMA, 824",-8.05737,-34.8872347
4,38,1090,4_1090,"CENTRO DE EDUCAÇÃO, TECNOLOGIA E CIDADANIA - CETEC- ANT CENTRO NOBREGA",SOLEDADE,"AV OLIVEIRA LIMA, 824",-8.05737,-34.8872347
4,39,1090,4_1090,"CENTRO DE EDUCAÇÃO, TECNOLOGIA E CIDADANIA - CETEC- ANT CENTRO NOBREGA",SOLEDADE,"AV OLIVEIRA LIMA, 824",-8.05737,-34.8872347
4,40,1090,4_1090,"CENTRO DE EDUCAÇÃO, TECNOLOGIA E CIDADANIA - CETEC- ANT CENTRO NOBREGA",SOLEDADE,"AV OLIVEIRA LIMA, 824",-8.05737,-34.8872347
4,41,1090,4_1090,"CENTRO DE EDUCAÇÃO, TECNOLOGIA E CIDADANIA - CETEC- ANT CENTRO NOBREGA",SOLEDADE,"AV OLIVEIRA LIMA, 824",-8.05737,-34.8872347
4,42,1090,4_1090,"CENTRO DE EDUCAÇÃO, TECNOLOGIA E CIDADANIA - CETEC- ANT CENTRO NOBREGA",SOLEDADE,"AV OLIVEIRA LIMA, 824",-8.05737,-34.8872347
4,43,1090,4_1090,"CENTRO DE EDUCAÇÃO, TECNOLOGIA E CIDADANIA - CETEC- ANT CENTRO NOBREGA",SOLEDADE,"AV OLIVEIRA LIMA, 824",-8.05737,-34.8872347
4,44,1090,4_1090,"CENTRO DE EDUCAÇÃO, TECNOLOGIA E CIDADANIA - CETEC- ANT CENTRO NOBREGA",SOLEDADE,"AV OLIVEIRA LIMA, 824",-8.05737,-34.8872347
4,45,1090,4_1090,"CENTRO DE EDUCAÇÃO, TECNOLOGIA E CIDADANIA - CETEC- ANT CENTRO NOBREGA",SOLEDADE,"AV OLIVEIRA LIMA, 824",-8.05737,-34.8872347
4,46,1090,4_1090,"CENTRO DE EDUCAÇÃO, TECNOLOGIA E CIDADANIA - CETEC- ANT CENTRO NOBREGA",SOLEDADE,"AV OLIVEIRA LIMA, 824",-8.05737,-34.8872347
4,47,1090,4_1090,"CENTRO DE EDUCAÇÃO, TECNOLOGIA E CIDADANIA - CETEC- ANT CENTRO NOBREGA",SOLEDADE,"AV OLIVEIRA LIMA, 824",-8.05737,-34.8872347
4,10,1112,4_1112,UNIBRA,BOA VISTA,"RUA JOAQUIM FELIPE , 250",-8.0527369,-34.8918406
4,11,1112,4_1112,UNIBRA,BOA VISTA,"RUA JOAQUIM FELIPE , 250",-8.0527369,-34.8918406
4,12,1112,4_1112,UNIBRA,BOA VISTA,"RUA JOAQUIM FELIPE , 250",-8.0527369,-34.8918406
4,13,1112,4_1112,UNIBRA,BOA VISTA,"RUA JOAQUIM FELIPE , 250",-8.0527369,-34.8918406
4,14,1112,4_1112,UNIBRA,BOA VISTA,"RUA JOAQUIM FELIPE , 250",-8.0527369,-34.8918406
4,15,1112,4_1112,UNIBRA,BOA VISTA,"RUA JOAQUIM FELIPE , 250",-8.0527369,-34.8918406
4,16,1112,4_1112,UNIBRA,BOA VISTA,"RUA JOAQUIM FELIPE , 250",-8.0527369,-34.8918406
4,17,1112,4_1112,UNIBRA,BOA VISTA,"RUA JOAQUIM FELIPE , 250",-8.0527369,-34.8918406
4,18,1112,4_1112,UNIBRA,BOA VISTA,"RUA JOAQUIM FELIPE , 250",-8.0527369,-34.8918406
4,19,1112,4_1112,UNIBRA,BOA VISTA,"RUA JOAQUIM FELIPE , 250",-8.0527369,-34.8918406
4,24,1112,4_1112,UNIBRA,BOA VISTA,"RUA JOAQUIM FELIPE , 250",-8.0527369,-34.8918406
4,25,1112,4_1112,UNIBRA,BOA VISTA,"RUA JOAQUIM FELIPE , 250",-8.0527369,-34.8918406
4,26,1112,4_1112,UNIBRA,BOA VISTA,"RUA JOAQUIM FELIPE , 250",-8.0527369,-34.8918406
4,27,1112,4_1112,UNIBRA,BOA VISTA,"RUA JOAQUIM FELIPE , 250",-8.0527369,-34.8918406
4,28,1112,4_1112,UNIBRA,BOA VISTA,"RUA JOAQUIM FELIPE , 250",-8.0527369,-34.8918406
4,29,1112,4_1112,UNIBRA,BOA VISTA,"RUA JOAQUIM FELIPE , 250",-8.0527369,-34.8918406
4,30,1112,4_1112,UNIBRA,BOA VISTA,"RUA JOAQUIM FELIPE , 250",-8.0527369,-34.8918406
4,31,1112,4_1112,UNIBRA,BOA VISTA,"RUA JOAQUIM FELIPE , 250",-8.0527369,-34.8918406
4,58,1112,4_1112,UNIBRA,BOA VISTA,"RUA JOAQUIM FELIPE , 250",-8.0527369,-34.8918406
4,59,1112,4_1112,UNIBRA,BOA VISTA,"RUA JOAQUIM FELIPE , 250",-8.0527369,-34.8918406
4,60,1112,4_1112,UNIBRA,BOA VISTA,"RUA JOAQUIM FELIPE , 250",-8.0527369,-34.8918406
4,61,1112,4_1112,UNIBRA,BOA VISTA,"RUA JOAQUIM FELIPE , 250",-8.0527369,-34.8918406
4,62,1112,4_1112,UNIBRA,BOA VISTA,"RUA JOAQUIM FELIPE , 250",-8.0527369,-34.8918406
4,63,1112,4_1112,UNIBRA,BOA VISTA,"RUA JOAQUIM FELIPE , 250",-8.0527369,-34.8918406
4,152,1112,4_1112,UNIBRA,BOA VISTA,"RUA JOAQUIM FELIPE , 250",-8.0527369,-34.8918406
4,157,1112,4_1112,UNIBRA,BOA VISTA,"RUA JOAQUIM FELIPE , 250",-8.0527369,-34.8918406
4,198,1112,4_1112,UNIBRA,BOA VISTA,"RUA JOAQUIM FELIPE , 250",-8.0527369,-34.8918406
4,205,1112,4_1112,UNIBRA,BOA VISTA,"RUA JOAQUIM FELIPE , 250",-8.0527369,-34.8918406
4,217,1112,4_1112,UNIBRA,BOA VISTA,"RUA JOAQUIM FELIPE , 250",-8.0527369,-34.8918406
4,378,1112,4_1112,UNIBRA,BOA VISTA,"RUA JOAQUIM FELIPE , 250",-8.0527369,-34.8918406
4,20,1120,4_1120,COLÉGIO SALESIANO SAGRADO CORAÇÃO,BOA VISTA,RUA DOM BOSCO 551,-8.0604739,-34.8933647
4,21,1120,4_1120,COLÉGIO SALESIANO SAGRADO CORAÇÃO,BOA VISTA,RUA DOM BOSCO 551,-8.0604739,-34.8933647
4,22,1120,4_1120,COLÉGIO SALESIANO SAGRADO CORAÇÃO,BOA VISTA,RUA DOM BOSCO 551,-8.0604739,-34.8933647
4,23,1120,4_1120,COLÉGIO SALESIANO SAGRADO CORAÇÃO,BOA VISTA,RUA DOM BOSCO 551,-8.0604739,-34.8933647
4,32,1120,4_1120,COLÉGIO SALESIANO SAGRADO CORAÇÃO,BOA VISTA,RUA DOM BOSCO 551,-8.0604739,-34.8933647
4,33,1120,4_1120,COLÉGIO SALESIANO SAGRADO CORAÇÃO,BOA VISTA,RUA DOM BOSCO 551,-8.0604739,-34.8933647
4,34,1120,4_1120,COLÉGIO SALESIANO SAGRADO CORAÇÃO,BOA VISTA,RUA DOM BOSCO 551,-8.0604739,-34.8933647
4,35,1120,4_1120,COLÉGIO SALESIANO SAGRADO CORAÇÃO,BOA VISTA,RUA DOM BOSCO 551,-8.0604739,-34.8933647
4,36,1120,4_1120,COLÉGIO SALESIANO SAGRADO CORAÇÃO,BOA VISTA,RUA DOM BOSCO 551,-8.0604739,-34.8933647
4,48,1120,4_1120,COLÉGIO SALESIANO SAGRADO CORAÇÃO,BOA VISTA,RUA DOM BOSCO 551,-8.0604739,-34.8933647
4,49,1120,4_1120,COLÉGIO SALESIANO SAGRADO CORAÇÃO,BOA VISTA,RUA DOM BOSCO 551,-8.0604739,-34.8933647
4,50,1120,4_1120,COLÉGIO SALESIANO SAGRADO CORAÇÃO,BOA VISTA,RUA DOM BOSCO 551,-8.0604739,-34.8933647
4,51,1120,4_1120,COLÉGIO SALESIANO SAGRADO CORAÇÃO,BOA VISTA,RUA DOM BOSCO 551,-8.0604739,-34.8933647
4,52,1120,4_1120,COLÉGIO SALESIANO SAGRADO CORAÇÃO,BOA VISTA,RUA DOM BOSCO 551,-8.0604739,-34.8933647
4,53,1120,4_1120,COLÉGIO SALESIANO SAGRADO CORAÇÃO,BOA VISTA,RUA DOM BOSCO 551,-8.0604739,-34.8933647
4,54,1120,4_1120,COLÉGIO SALESIANO SAGRADO CORAÇÃO,BOA VISTA,RUA DOM BOSCO 551,-8.0604739,-34.8933647
4,55,1120,4_1120,COLÉGIO SALESIANO SAGRADO CORAÇÃO,BOA VISTA,RUA DOM BOSCO 551,-8.0604739,-34.8933647
4,56,1120,4_1120,COLÉGIO SALESIANO SAGRADO CORAÇÃO,BOA VISTA,RUA DOM BOSCO 551,-8.0604739,-34.8933647
4,57,1120,4_1120,COLÉGIO SALESIANO SAGRADO CORAÇÃO,BOA VISTA,RUA DOM BOSCO 551,-8.0604739,-34.8933647
4,150,1120,4_1120,COLÉGIO SALESIANO SAGRADO CORAÇÃO,BOA VISTA,RUA DOM BOSCO 551,-8.0604739,-34.8933647
4,64,1163,4_1163,ETE - ESCOLA TÉCNICA ESTADUAL ALMIRANTE SOARES DUTRA,SANTO AMARO,"PRACA ABREU E LIMA,SN",-8.047383,-34.8758951
4,65,1163,4_1163,ETE - ESCOLA TÉCNICA ESTADUAL ALMIRANTE SOARES DUTRA,SANTO AMARO,"PRACA ABREU E LIMA,SN",-8.047383,-34.8758951
4,66,1163,4_1163,ETE - ESCOLA TÉCNICA ESTADUAL ALMIRANTE SOARES DUTRA,SANTO AMARO,"PRACA ABREU E LIMA,SN",-8.047383,-34.8758951
4,67,1163,4_1163,ETE - ESCOLA TÉCNICA ESTADUAL ALMIRANTE SOARES DUTRA,SANTO AMARO,"PRACA ABREU E LIMA,SN",-8.047383,-34.8758951
4,68,1163,4_1163,ETE - ESCOLA TÉCNICA ESTADUAL ALMIRANTE SOARES DUTRA,SANTO AMARO,"PRACA ABREU E LIMA,SN",-8.047383,-34.8758951
4,69,1163,4_1163,ETE - ESCOLA TÉCNICA ESTADUAL ALMIRANTE SOARES DUTRA,SANTO AMARO,"PRACA ABREU E LIMA,SN",-8.047383,-34.8758951
4,70,1163,4_1163,ETE - ESCOLA TÉCNICA ESTADUAL ALMIRANTE SOARES DUTRA,SANTO AMARO,"PRACA ABREU E LIMA,SN",-8.047383,-34.8758951
4,71,1163,4_1163,ETE - ESCOLA TÉCNICA ESTADUAL ALMIRANTE SOARES DUTRA,SANTO AMARO,"PRACA ABREU E LIMA,SN",-8.047383,-34.8758951
4,72,1163,4_1163,ETE - ESCOLA TÉCNICA ESTADUAL ALMIRANTE SOARES DUTRA,SANTO AMARO,"PRACA ABREU E LIMA,SN",-8.047383,-34.8758951
4,73,1163,4_1163,ETE - ESCOLA TÉCNICA ESTADUAL ALMIRANTE SOARES DUTRA,SANTO AMARO,"PRACA ABREU E LIMA,SN",-8.047383,-34.8758951
4,74,1163,4_1163,ETE - ESCOLA TÉCNICA ESTADUAL ALMIRANTE SOARES DUTRA,SANTO AMARO,"PRACA ABREU E LIMA,SN",-8.047383,-34.8758951
4,160,1163,4_1163,ETE - ESCOLA TÉCNICA ESTADUAL ALMIRANTE SOARES DUTRA,SANTO AMARO,"PRACA ABREU E LIMA,SN",-8.047383,-34.8758951
4,185,1163,4_1163,ETE - ESCOLA TÉCNICA ESTADUAL ALMIRANTE SOARES DUTRA,SANTO AMARO,"PRACA ABREU E LIMA,SN",-8.047383,-34.8758951
4,75,1171,4_1171,ESCOLA ANÍBAL FERNANDES,SANTO AMARO,RUA MARQUES DO POMBAL S/N,-8.0476244,-34.8813587
4,76,1171,4_1171,ESCOLA ANÍBAL FERNANDES,SANTO AMARO,RUA MARQUES DO POMBAL S/N,-8.0476244,-34.8813587
4,77,1171,4_1171,ESCOLA ANÍBAL FERNANDES,SANTO AMARO,RUA MARQUES DO POMBAL S/N,-8.0476244,-34.8813587
4,78,1171,4_1171,ESCOLA ANÍBAL FERNANDES,SANTO AMARO,RUA MARQUES DO POMBAL S/N,-8.0476244,-34.8813587
4,79,1171,4_1171,ESCOLA ANÍBAL FERNANDES,SANTO AMARO,RUA MARQUES DO POMBAL S/N,-8.0476244,-34.8813587
4,80,1171,4_1171,ESCOLA ANÍBAL FERNANDES,SANTO AMARO,RUA MARQUES DO POMBAL S/N,-8.0476244,-34.8813587
4,81,1171,4_1171,ESCOLA ANÍBAL FERNANDES,SANTO AMARO,RUA MARQUES DO POMBAL S/N,-8.0476244,-34.8813587
4,82,1171,4_1171,ESCOLA ANÍBAL FERNANDES,SANTO AMARO,RUA MARQUES DO POMBAL S/N,-8.0476244,-34.8813587
4,102,1171,4_1171,ESCOLA ANÍBAL FERNANDES,SANTO AMARO,RUA MARQUES DO POMBAL S/N,-8.0476244,-34.8813587
4,103,1171,4_1171,ESCOLA ANÍBAL FERNANDES,SANTO AMARO,RUA MARQUES DO POMBAL S/N,-8.0476244,-34.8813587
4,104,1171,4_1171,ESCOLA ANÍBAL FERNANDES,SANTO AMARO,RUA MARQUES DO POMBAL S/N,-8.0476244,-34.8813587
4,149,1171,4_1171,ESCOLA ANÍBAL FERNANDES,SANTO AMARO,RUA MARQUES DO POMBAL S/N,-8.0476244,-34.8813587
4,1,1201,4_1201,EREM SIZENANDO SILVEIRA,SANTO AMARO,"AVENIDA MÁRIO MELO, S/N",-8.0544782,-34.8817894
4,2,1201,4_1201,EREM SIZENANDO SILVEIRA,SANTO AMARO,"AVENIDA MÁRIO MELO, S/N",-8.0544782,-34.8817894
4,3,1201,4_1201,EREM SIZENANDO SILVEIRA,SANTO AMARO,"AVENIDA MÁRIO MELO, S/N",-8.0544782,-34.8817894
4,4,1201,4_1201,EREM SIZENANDO SILVEIRA,SANTO AMARO,"AVENIDA MÁRIO MELO, S/N",-8.0544782,-34.8817894
4,5,1201,4_1201,EREM SIZENANDO SILVEIRA,SANTO AMARO,"AVENIDA MÁRIO MELO, S/N",-8.0544782,-34.8817894
4,6,1201,4_1201,EREM SIZENANDO SILVEIRA,SANTO AMARO,"AVENIDA MÁRIO MELO, S/N",-8.0544782,-34.8817894
4,7,1201,4_1201,EREM SIZENANDO SILVEIRA,SANTO AMARO,"AVENIDA MÁRIO MELO, S/N",-8.0544782,-34.8817894
4,8,1201,4_1201,EREM SIZENANDO SILVEIRA,SANTO AMARO,"AVENIDA MÁRIO MELO, S/N",-8.0544782,-34.8817894
4,83,1244,4_1244,ESCOLA ESTADUAL JOSÉ MARIA,SANTO AMARO,RUA TREZE DE MAIO SN,-8.0479681,-34.8805986
4,84,1244,4_1244,ESCOLA ESTADUAL JOSÉ MARIA,SANTO AMARO,RUA TREZE DE MAIO SN,-8.0479681,-34.8805986
4,85,1244,4_1244,ESCOLA ESTADUAL JOSÉ MARIA,SANTO AMARO,RUA TREZE DE MAIO SN,-8.0479681,-34.8805986
4,86,1244,4_1244,ESCOLA ESTADUAL JOSÉ MARIA,SANTO AMARO,RUA TREZE DE MAIO SN,-8.0479681,-34.8805986
4,108,1244,4_1244,ESCOLA ESTADUAL JOSÉ MARIA,SANTO AMARO,RUA TREZE DE MAIO SN,-8.0479681,-34.8805986
4,109,1244,4_1244,ESCOLA ESTADUAL JOSÉ MARIA,SANTO AMARO,RUA TREZE DE MAIO SN,-8.0479681,-34.8805986
4,110,1244,4_1244,ESCOLA ESTADUAL JOSÉ MARIA,SANTO AMARO,RUA TREZE DE MAIO SN,-8.0479681,-34.8805986
4,111,1244,4_1244,ESCOLA ESTADUAL JOSÉ MARIA,SANTO AMARO,RUA TREZE DE MAIO SN,-8.0479681,-34.8805986
4,155,1244,4_1244,ESCOLA ESTADUAL JOSÉ MARIA,SANTO AMARO,RUA TREZE DE MAIO SN,-8.0479681,-34.8805986
4,184,1244,4_1244,ESCOLA ESTADUAL JOSÉ MARIA,SANTO AMARO,RUA TREZE DE MAIO SN,-8.0479681,-34.8805986
4,188,1244,4_1244,ESCOLA ESTADUAL JOSÉ MARIA,SANTO AMARO,RUA TREZE DE MAIO SN,-8.0479681,-34.8805986
4,190,1244,4_1244,ESCOLA ESTADUAL JOSÉ MARIA,SANTO AMARO,RUA TREZE DE MAIO SN,-8.0479681,-34.8805986
4,191,1244,4_1244,ESCOLA ESTADUAL JOSÉ MARIA,SANTO AMARO,RUA TREZE DE MAIO SN,-8.0479681,-34.8805986
4,118,1295,4_1295,ESCOLA LUIZ DELGADO,SANTO AMARO,"RUA DO HOSPÍCIO, S/N - EM FRENTE AO PARQUE TREZE DE MAIO",-8.0557655,-34.8826629
4,119,1295,4_1295,ESCOLA LUIZ DELGADO,SANTO AMARO,"RUA DO HOSPÍCIO, S/N - EM FRENTE AO PARQUE TREZE DE MAIO",-8.0557655,-34.8826629
4,120,1295,4_1295,ESCOLA LUIZ DELGADO,SANTO AMARO,"RUA DO HOSPÍCIO, S/N - EM FRENTE AO PARQUE TREZE DE MAIO",-8.0557655,-34.8826629
4,121,1295,4_1295,ESCOLA LUIZ DELGADO,SANTO AMARO,"RUA DO HOSPÍCIO, S/N - EM FRENTE AO PARQUE TREZE DE MAIO",-8.0557655,-34.8826629
4,122,1295,4_1295,ESCOLA LUIZ DELGADO,SANTO AMARO,"RUA DO HOSPÍCIO, S/N - EM FRENTE AO PARQUE TREZE DE MAIO",-8.0557655,-34.8826629
4,382,1295,4_1295,ESCOLA LUIZ DELGADO,SANTO AMARO,"RUA DO HOSPÍCIO, S/N - EM FRENTE AO PARQUE TREZE DE MAIO",-8.0557655,-34.8826629
4,123,1309,4_1309,ESCOLA MUNICIPAL DE TEMPO INTEGRAL JOSE DA COSTA PORTO,ILHA JOANA BEZERRA,"RUA CABO EUTROPIO, SN",-8.0720222,-34.900753
4,124,1309,4_1309,ESCOLA MUNICIPAL DE TEMPO INTEGRAL JOSE DA COSTA PORTO,ILHA JOANA BEZERRA,"RUA CABO EUTROPIO, SN",-8.0720222,-34.900753
4,125,1309,4_1309,ESCOLA MUNICIPAL DE TEMPO INTEGRAL JOSE DA COSTA PORTO,ILHA JOANA BEZERRA,"RUA CABO EUTROPIO, SN",-8.0720222,-34.900753
4,126,1309,4_1309,ESCOLA MUNICIPAL DE TEMPO INTEGRAL JOSE DA COSTA PORTO,ILHA JOANA BEZERRA,"RUA CABO EUTROPIO, SN",-8.0720222,-34.900753
4,127,1309,4_1309,ESCOLA MUNICIPAL DE TEMPO INTEGRAL JOSE DA COSTA PORTO,ILHA JOANA BEZERRA,"RUA CABO EUTROPIO, SN",-8.0720222,-34.900753
4,209,1309,4_1309,ESCOLA MUNICIPAL DE TEMPO INTEGRAL JOSE DA COSTA PORTO,ILHA JOANA BEZERRA,"RUA CABO EUTROPIO, SN",-8.0720222,-34.900753
4,212,1309,4_1309,ESCOLA MUNICIPAL DE TEMPO INTEGRAL JOSE DA COSTA PORTO,ILHA JOANA BEZERRA,"RUA CABO EUTROPIO, SN",-8.0720222,-34.900753
4,221,1309,4_1309,ESCOLA MUNICIPAL DE TEMPO INTEGRAL JOSE DA COSTA PORTO,ILHA JOANA BEZERRA,"RUA CABO EUTROPIO, SN",-8.0720222,-34.900753
4,235,1309,4_1309,ESCOLA MUNICIPAL DE TEMPO INTEGRAL JOSE DA COSTA PORTO,ILHA JOANA BEZERRA,"RUA CABO EUTROPIO, SN",-8.0720222,-34.900753
4,375,1309,4_1309,ESCOLA MUNICIPAL DE TEMPO INTEGRAL JOSE DA COSTA PORTO,ILHA JOANA BEZERRA,"RUA CABO EUTROPIO, SN",-8.0720222,-34.900753
4,161,1317,4_1317,ESCOLA DE REFERÊNCIA EM ENSINO MÉDIO JOAQUIM NABUCO,SAO JOSE,"RUA IMPERIAL, 1102",-8.0749404,-34.8912595
4,162,1317,4_1317,ESCOLA DE REFERÊNCIA EM ENSINO MÉDIO JOAQUIM NABUCO,SAO JOSE,"RUA IMPERIAL, 1102",-8.0749404,-34.8912595
4,163,1317,4_1317,ESCOLA DE REFERÊNCIA EM ENSINO MÉDIO JOAQUIM NABUCO,SAO JOSE,"RUA IMPERIAL, 1102",-8.0749404,-34.8912595
4,168,1317,4_1317,ESCOLA DE REFERÊNCIA EM ENSINO MÉDIO JOAQUIM NABUCO,SAO JOSE,"RUA IMPERIAL, 1102",-8.0749404,-34.8912595
4,193,1317,4_1317,ESCOLA DE REFERÊNCIA EM ENSINO MÉDIO JOAQUIM NABUCO,SAO JOSE,"RUA IMPERIAL, 1102",-8.0749404,-34.8912595
4,219,1317,4_1317,ESCOLA DE REFERÊNCIA EM ENSINO MÉDIO JOAQUIM NABUCO,SAO JOSE,"RUA IMPERIAL, 1102",-8.0749404,-34.8912595
4,222,1317,4_1317,ESCOLA DE REFERÊNCIA EM ENSINO MÉDIO JOAQUIM NABUCO,SAO JOSE,"RUA IMPERIAL, 1102",-8.0749404,-34.8912595
4,373,1317,4_1317,ESCOLA DE REFERÊNCIA EM ENSINO MÉDIO JOAQUIM NABUCO,SAO JOSE,"RUA IMPERIAL, 1102",-8.0749404,-34.8912595
4,130,1325,4_1325,ATI - AGÊNCIA ESTADUAL DE TECNOLOGIA DA INFORMAÇÃO,SAO JOSE,"AV. RIO CAPIBARIBE, 147",-8.0667271,-34.8836786
4,131,1325,4_1325,ATI - AGÊNCIA ESTADUAL DE TECNOLOGIA DA INFORMAÇÃO,SAO JOSE,"AV. RIO CAPIBARIBE, 147",-8.0667271,-34.8836786
4,132,1325,4_1325,ATI - AGÊNCIA ESTADUAL DE TECNOLOGIA DA INFORMAÇÃO,SAO JOSE,"AV. RIO CAPIBARIBE, 147",-8.0667271,-34.8836786
4,133,1325,4_1325,ATI - AGÊNCIA ESTADUAL DE TECNOLOGIA DA INFORMAÇÃO,SAO JOSE,"AV. RIO CAPIBARIBE, 147",-8.0667271,-34.8836786
4,134,1325,4_1325,ATI - AGÊNCIA ESTADUAL DE TECNOLOGIA DA INFORMAÇÃO,SAO JOSE,"AV. RIO CAPIBARIBE, 147",-8.0667271,-34.8836786
4,135,1325,4_1325,ATI - AGÊNCIA ESTADUAL DE TECNOLOGIA DA INFORMAÇÃO,SAO JOSE,"AV. RIO CAPIBARIBE, 147",-8.0667271,-34.8836786
4,136,1325,4_1325,ATI - AGÊNCIA ESTADUAL DE TECNOLOGIA DA INFORMAÇÃO,SAO JOSE,"AV. RIO CAPIBARIBE, 147",-8.0667271,-34.8836786
4,137,1325,4_1325,ATI - AGÊNCIA ESTADUAL DE TECNOLOGIA DA INFORMAÇÃO,SAO JOSE,"AV. RIO CAPIBARIBE, 147",-8.0667271,-34.8836786
4,138,1325,4_1325,ATI - AGÊNCIA ESTADUAL DE TECNOLOGIA DA INFORMAÇÃO,SAO JOSE,"AV. RIO CAPIBARIBE, 147",-8.0667271,-34.8836786
4,139,1325,4_1325,ATI - AGÊNCIA ESTADUAL DE TECNOLOGIA DA INFORMAÇÃO,SAO JOSE,"AV. RIO CAPIBARIBE, 147",-8.0667271,-34.8836786
4,189,1376,4_1376,EREM POETA MANUEL BANDEIRA,ILHA DO LEITE,"RUA MIGUEL DE CERVANTES, SN",-8.0657305,-34.8937969
4,194,1376,4_1376,EREM POETA MANUEL BANDEIRA,ILHA DO LEITE,"RUA MIGUEL DE CERVANTES, SN",-8.0657305,-34.8937969
4,207,1376,4_1376,EREM POETA MANUEL BANDEIRA,ILHA DO LEITE,"RUA MIGUEL DE CERVANTES, SN",-8.0657305,-34.8937969
4,216,1376,4_1376,EREM POETA MANUEL BANDEIRA,ILHA DO LEITE,"RUA MIGUEL DE CERVANTES, SN",-8.0657305,-34.8937969
4,228,1376,4_1376,EREM POETA MANUEL BANDEIRA,ILHA DO LEITE,"RUA MIGUEL DE CERVANTES, SN",-8.0657305,-34.8937969
4,236,1376,4_1376,EREM POETA MANUEL BANDEIRA,ILHA DO LEITE,"RUA MIGUEL DE CERVANTES, SN",-8.0657305,-34.8937969
4,374,1376,4_1376,EREM POETA MANUEL BANDEIRA,ILHA DO LEITE,"RUA MIGUEL DE CERVANTES, SN",-8.0657305,-34.8937969
4,195,1392,4_1392,EREM OLIVEIRA LIMA,BOA VISTA,"RUA BARAO DE SAO BORJA, 347",-8.0604935,-34.8908027
4,202,1392,4_1392,EREM OLIVEIRA LIMA,BOA VISTA,"RUA BARAO DE SAO BORJA, 347",-8.0604935,-34.8908027
4,208,1392,4_1392,EREM OLIVEIRA LIMA,BOA VISTA,"RUA BARAO DE SAO BORJA, 347",-8.0604935,-34.8908027
4,213,1392,4_1392,EREM OLIVEIRA LIMA,BOA VISTA,"RUA BARAO DE SAO BORJA, 347",-8.0604935,-34.8908027
4,220,1392,4_1392,EREM OLIVEIRA LIMA,BOA VISTA,"RUA BARAO DE SAO BORJA, 347",-8.0604935,-34.8908027
4,231,1392,4_1392,EREM OLIVEIRA LIMA,BOA VISTA,"RUA BARAO DE SAO BORJA, 347",-8.0604935,-34.8908027
4,196,1406,4_1406,ESCOLA DE REFERÊNCIA EM ENSINO FUNDAMENTAL MONSENHOR LEONARDO DE BARRO,SAO JOSE,"RUA ARARIBA, S/N",-8.073872,-34.8916216
4,200,1406,4_1406,ESCOLA DE REFERÊNCIA EM ENSINO FUNDAMENTAL MONSENHOR LEONARDO DE BARRO,SAO JOSE,"RUA ARARIBA, S/N",-8.073872,-34.8916216
4,204,1406,4_1406,ESCOLA DE REFERÊNCIA EM ENSINO FUNDAMENTAL MONSENHOR LEONARDO DE BARRO,SAO JOSE,"RUA ARARIBA, S/N",-8.073872,-34.8916216
4,211,1406,4_1406,ESCOLA DE REFERÊNCIA EM ENSINO FUNDAMENTAL MONSENHOR LEONARDO DE BARRO,SAO JOSE,"RUA ARARIBA, S/N",-8.073872,-34.8916216
4,229,1406,4_1406,ESCOLA DE REFERÊNCIA EM ENSINO FUNDAMENTAL MONSENHOR LEONARDO DE BARRO,SAO JOSE,"RUA ARARIBA, S/N",-8.073872,-34.8916216
4,9,1481,4_1481,ESCOLA DE REFERÊNCIA EM ENSINO MÉDIO SYLVIO RABELLO,SANTO AMARO,"AV. MÁRIO MELO, S/N",-8.0546948,-34.8807426
4,93,1481,4_1481,ESCOLA DE REFERÊNCIA EM ENSINO MÉDIO SYLVIO RABELLO,SANTO AMARO,"AV. MÁRIO MELO, S/N",-8.0546948,-34.8807426
4,94,1481,4_1481,ESCOLA DE REFERÊNCIA EM ENSINO MÉDIO SYLVIO RABELLO,SANTO AMARO,"AV. MÁRIO MELO, S/N",-8.0546948,-34.8807426
4,95,1481,4_1481,ESCOLA DE REFERÊNCIA EM ENSINO MÉDIO SYLVIO RABELLO,SANTO AMARO,"AV. MÁRIO MELO, S/N",-8.0546948,-34.8807426
4,96,1481,4_1481,ESCOLA DE REFERÊNCIA EM ENSINO MÉDIO SYLVIO RABELLO,SANTO AMARO,"AV. MÁRIO MELO, S/N",-8.0546948,-34.8807426
4,97,1481,4_1481,ESCOLA DE REFERÊNCIA EM ENSINO MÉDIO SYLVIO RABELLO,SANTO AMARO,"AV. MÁRIO MELO, S/N",-8.0546948,-34.8807426
4,98,1481,4_1481,ESCOLA DE REFERÊNCIA EM ENSINO MÉDIO SYLVIO RABELLO,SANTO AMARO,"AV. MÁRIO MELO, S/N",-8.0546948,-34.8807426
4,99,1481,4_1481,ESCOLA DE REFERÊNCIA EM ENSINO MÉDIO SYLVIO RABELLO,SANTO AMARO,"AV. MÁRIO MELO, S/N",-8.0546948,-34.8807426
4,100,1481,4_1481,ESCOLA DE REFERÊNCIA EM ENSINO MÉDIO SYLVIO RABELLO,SANTO AMARO,"AV. MÁRIO MELO, S/N",-8.0546948,-34.8807426
4,101,1481,4_1481,ESCOLA DE REFERÊNCIA EM ENSINO MÉDIO SYLVIO RABELLO,SANTO AMARO,"AV. MÁRIO MELO, S/N",-8.0546948,-34.8807426
4,140,1481,4_1481,ESCOLA DE REFERÊNCIA EM ENSINO MÉDIO SYLVIO RABELLO,SANTO AMARO,"AV. MÁRIO MELO, S/N",-8.0546948,-34.8807426
4,141,1481,4_1481,ESCOLA DE REFERÊNCIA EM ENSINO MÉDIO SYLVIO RABELLO,SANTO AMARO,"AV. MÁRIO MELO, S/N",-8.0546948,-34.8807426
4,107,1490,4_1490,ESCOLA CONEGO ROCHAEL DE MEDEIROS,SANTO AMARO,"AV. MÁRIO MELO, S/N",-8.0552189,-34.8799188
4,113,1490,4_1490,ESCOLA CONEGO ROCHAEL DE MEDEIROS,SANTO AMARO,"AV. MÁRIO MELO, S/N",-8.0552189,-34.8799188
4,114,1490,4_1490,ESCOLA CONEGO ROCHAEL DE MEDEIROS,SANTO AMARO,"AV. MÁRIO MELO, S/N",-8.0552189,-34.8799188
4,115,1490,4_1490,ESCOLA CONEGO ROCHAEL DE MEDEIROS,SANTO AMARO,"AV. MÁRIO MELO, S/N",-8.0552189,-34.8799188
4,116,1490,4_1490,ESCOLA CONEGO ROCHAEL DE MEDEIROS,SANTO AMARO,"AV. MÁRIO MELO, S/N",-8.0552189,-34.8799188
4,117,1490,4_1490,ESCOLA CONEGO ROCHAEL DE MEDEIROS,SANTO AMARO,"AV. MÁRIO MELO, S/N",-8.0552189,-34.8799188
4,224,1520,4_1520,ESCOLA  MUNICIPAL PROFESSOR JOSUÉ DE CASTRO,ILHA JOANA BEZERRA,"RUA MARTIN LUTHER KING, 368",-8.0694052,-34.899035
4,230,1520,4_1520,ESCOLA  MUNICIPAL PROFESSOR JOSUÉ DE CASTRO,ILHA JOANA BEZERRA,"RUA MARTIN LUTHER KING, 368",-8.0694052,-34.899035
4,232,1520,4_1520,ESCOLA  MUNICIPAL PROFESSOR JOSUÉ DE CASTRO,ILHA JOANA BEZERRA,"RUA MARTIN LUTHER KING, 368",-8.0694052,-34.899035
4,233,1520,4_1520,ESCOLA  MUNICIPAL PROFESSOR JOSUÉ DE CASTRO,ILHA JOANA BEZERRA,"RUA MARTIN LUTHER KING, 368",-8.0694052,-34.899035
4,105,1538,4_1538,ESCOLA WALDEMAR DE OLIVEIRA,SANTO AMARO,"AV. MÁRIO MELO, S/N",-8.0549996,-34.8802025
4,106,1538,4_1538,ESCOLA WALDEMAR DE OLIVEIRA,SANTO AMARO,"AV. MÁRIO MELO, S/N",-8.0549996,-34.8802025
4,112,1538,4_1538,ESCOLA WALDEMAR DE OLIVEIRA,SANTO AMARO,"AV. MÁRIO MELO, S/N",-8.0549996,-34.8802025
4,167,1538,4_1538,ESCOLA WALDEMAR DE OLIVEIRA,SANTO AMARO,"AV. MÁRIO MELO, S/N",-8.0549996,-34.8802025
4,197,1546,4_1546,ETE - ESCOLA TECNICA ESTADUAL - GINASIO PERNAMBUCANO,SANTO AMARO,"AVENIDA CRUZ CABUGÁ, N 269",-8.0517981,-34.8801503
4,199,1546,4_1546,ETE - ESCOLA TECNICA ESTADUAL - GINASIO PERNAMBUCANO,SANTO AMARO,"AVENIDA CRUZ CABUGÁ, N 269",-8.0517981,-34.8801503
4,201,1546,4_1546,ETE - ESCOLA TECNICA ESTADUAL - GINASIO PERNAMBUCANO,SANTO AMARO,"AVENIDA CRUZ CABUGÁ, N 269",-8.0517981,-34.8801503
4,203,1546,4_1546,ETE - ESCOLA TECNICA ESTADUAL - GINASIO PERNAMBUCANO,SANTO AMARO,"AVENIDA CRUZ CABUGÁ, N 269",-8.0517981,-34.8801503
4,210,1546,4_1546,ETE - ESCOLA TECNICA ESTADUAL - GINASIO PERNAMBUCANO,SANTO AMARO,"AVENIDA CRUZ CABUGÁ, N 269",-8.0517981,-34.8801503
4,214,1546,4_1546,ETE - ESCOLA TECNICA ESTADUAL - GINASIO PERNAMBUCANO,SANTO AMARO,"AVENIDA CRUZ CABUGÁ, N 269",-8.0517981,-34.8801503
4,223,1546,4_1546,ETE - ESCOLA TECNICA ESTADUAL - GINASIO PERNAMBUCANO,SANTO AMARO,"AVENIDA CRUZ CABUGÁ, N 269",-8.0517981,-34.8801503
4,225,1546,4_1546,ETE - ESCOLA TECNICA ESTADUAL - GINASIO PERNAMBUCANO,SANTO AMARO,"AVENIDA CRUZ CABUGÁ, N 269",-8.0517981,-34.8801503
4,226,1546,4_1546,ETE - ESCOLA TECNICA ESTADUAL - GINASIO PERNAMBUCANO,SANTO AMARO,"AVENIDA CRUZ CABUGÁ, N 269",-8.0517981,-34.8801503
4,237,1554,4_1554,ESCOLA MUNICIPAL CAMPINA DO BARRETO,CAJUEIRO,"RUA VIRGÍLIO DE MELO FRANCO, 28-A",-8.009449,-34.8865471
4,238,1554,4_1554,ESCOLA MUNICIPAL CAMPINA DO BARRETO,CAJUEIRO,"RUA VIRGÍLIO DE MELO FRANCO, 28-A",-8.009449,-34.8865471
4,239,1554,4_1554,ESCOLA MUNICIPAL CAMPINA DO BARRETO,CAJUEIRO,"RUA VIRGÍLIO DE MELO FRANCO, 28-A",-8.009449,-34.8865471
4,240,1554,4_1554,ESCOLA MUNICIPAL CAMPINA DO BARRETO,CAJUEIRO,"RUA VIRGÍLIO DE MELO FRANCO, 28-A",-8.009449,-34.8865471
4,241,1554,4_1554,ESCOLA MUNICIPAL CAMPINA DO BARRETO,CAJUEIRO,"RUA VIRGÍLIO DE MELO FRANCO, 28-A",-8.009449,-34.8865471
4,242,1554,4_1554,ESCOLA MUNICIPAL CAMPINA DO BARRETO,CAJUEIRO,"RUA VIRGÍLIO DE MELO FRANCO, 28-A",-8.009449,-34.8865471
4,243,1554,4_1554,ESCOLA MUNICIPAL CAMPINA DO BARRETO,CAJUEIRO,"RUA VIRGÍLIO DE MELO FRANCO, 28-A",-8.009449,-34.8865471
4,244,1562,4_1562,ESCOLA ESTADUAL DOM CARLOS COELHO,CAMPO GRANDE,"AV MARECHAL DEODORO, 626",-8.0360151,-34.8832729
4,245,1562,4_1562,ESCOLA ESTADUAL DOM CARLOS COELHO,CAMPO GRANDE,"AV MARECHAL DEODORO, 626",-8.0360151,-34.8832729
4,246,1562,4_1562,ESCOLA ESTADUAL DOM CARLOS COELHO,CAMPO GRANDE,"AV MARECHAL DEODORO, 626",-8.0360151,-34.8832729
4,247,1562,4_1562,ESCOLA ESTADUAL DOM CARLOS COELHO,CAMPO GRANDE,"AV MARECHAL DEODORO, 626",-8.0360151,-34.8832729
4,248,1562,4_1562,ESCOLA ESTADUAL DOM CARLOS COELHO,CAMPO GRANDE,"AV MARECHAL DEODORO, 626",-8.0360151,-34.8832729
4,249,1562,4_1562,ESCOLA ESTADUAL DOM CARLOS COELHO,CAMPO GRANDE,"AV MARECHAL DEODORO, 626",-8.0360151,-34.8832729
4,250,1562,4_1562,ESCOLA ESTADUAL DOM CARLOS COELHO,CAMPO GRANDE,"AV MARECHAL DEODORO, 626",-8.0360151,-34.8832729
4,251,1562,4_1562,ESCOLA ESTADUAL DOM CARLOS COELHO,CAMPO GRANDE,"AV MARECHAL DEODORO, 626",-8.0360151,-34.8832729
4,252,1562,4_1562,ESCOLA ESTADUAL DOM CARLOS COELHO,CAMPO GRANDE,"AV MARECHAL DEODORO, 626",-8.0360151,-34.8832729
4,253,1562,4_1562,ESCOLA ESTADUAL DOM CARLOS COELHO,CAMPO GRANDE,"AV MARECHAL DEODORO, 626",-8.0360151,-34.8832729
4,254,1570,4_1570,ESCOLA ESTADUAL JARBAS PERNAMBUCANO,CAJUEIRO,RUA BARÃO DE TAMANDARÉ,-8.0106766,-34.8833191
4,255,1570,4_1570,ESCOLA ESTADUAL JARBAS PERNAMBUCANO,CAJUEIRO,RUA BARÃO DE TAMANDARÉ,-8.0106766,-34.8833191
4,256,1570,4_1570,ESCOLA ESTADUAL JARBAS PERNAMBUCANO,CAJUEIRO,RUA BARÃO DE TAMANDARÉ,-8.0106766,-34.8833191
4,257,1570,4_1570,ESCOLA ESTADUAL JARBAS PERNAMBUCANO,CAJUEIRO,RUA BARÃO DE TAMANDARÉ,-8.0106766,-34.8833191
4,258,1570,4_1570,ESCOLA ESTADUAL JARBAS PERNAMBUCANO,CAJUEIRO,RUA BARÃO DE TAMANDARÉ,-8.0106766,-34.8833191
4,259,1570,4_1570,ESCOLA ESTADUAL JARBAS PERNAMBUCANO,CAJUEIRO,RUA BARÃO DE TAMANDARÉ,-8.0106766,-34.8833191
4,260,1570,4_1570,ESCOLA ESTADUAL JARBAS PERNAMBUCANO,CAJUEIRO,RUA BARÃO DE TAMANDARÉ,-8.0106766,-34.8833191
4,261,1570,4_1570,ESCOLA ESTADUAL JARBAS PERNAMBUCANO,CAJUEIRO,RUA BARÃO DE TAMANDARÉ,-8.0106766,-34.8833191
4,262,1570,4_1570,ESCOLA ESTADUAL JARBAS PERNAMBUCANO,CAJUEIRO,RUA BARÃO DE TAMANDARÉ,-8.0106766,-34.8833191
4,263,1570,4_1570,ESCOLA ESTADUAL JARBAS PERNAMBUCANO,CAJUEIRO,RUA BARÃO DE TAMANDARÉ,-8.0106766,-34.8833191
4,264,1570,4_1570,ESCOLA ESTADUAL JARBAS PERNAMBUCANO,CAJUEIRO,RUA BARÃO DE TAMANDARÉ,-8.0106766,-34.8833191
4,265,1570,4_1570,ESCOLA ESTADUAL JARBAS PERNAMBUCANO,CAJUEIRO,RUA BARÃO DE TAMANDARÉ,-8.0106766,-34.8833191
4,266,1570,4_1570,ESCOLA ESTADUAL JARBAS PERNAMBUCANO,CAJUEIRO,RUA BARÃO DE TAMANDARÉ,-8.0106766,-34.8833191
4,267,1570,4_1570,ESCOLA ESTADUAL JARBAS PERNAMBUCANO,CAJUEIRO,RUA BARÃO DE TAMANDARÉ,-8.0106766,-34.8833191
4,268,1570,4_1570,ESCOLA ESTADUAL JARBAS PERNAMBUCANO,CAJUEIRO,RUA BARÃO DE TAMANDARÉ,-8.0106766,-34.8833191
4,269,1570,4_1570,ESCOLA ESTADUAL JARBAS PERNAMBUCANO,CAJUEIRO,RUA BARÃO DE TAMANDARÉ,-8.0106766,-34.8833191
4,270,1589,4_1589,CENÁCULO ESPÍRITA CASA DE MARIA,CAMPO GRANDE,"RUA MARQUÊS DE BAEPENDI, 219",-8.0272749,-34.8859324
4,271,1589,4_1589,CENÁCULO ESPÍRITA CASA DE MARIA,CAMPO GRANDE,"RUA MARQUÊS DE BAEPENDI, 219",-8.0272749,-34.8859324
4,272,1589,4_1589,CENÁCULO ESPÍRITA CASA DE MARIA,CAMPO GRANDE,"RUA MARQUÊS DE BAEPENDI, 219",-8.0272749,-34.8859324
4,273,1597,4_1597,ESCOLA MUNICIPAL MARIO MELO,CAMPO GRANDE,"RUA OLIVEIRA FONSECA ,SN",-8.0285576,-34.8799585
4,274,1597,4_1597,ESCOLA MUNICIPAL MARIO MELO,CAMPO GRANDE,"RUA OLIVEIRA FONSECA ,SN",-8.0285576,-34.8799585
4,275,1597,4_1597,ESCOLA MUNICIPAL MARIO MELO,CAMPO GRANDE,"RUA OLIVEIRA FONSECA ,SN",-8.0285576,-34.8799585
4,276,1597,4_1597,ESCOLA MUNICIPAL MARIO MELO,CAMPO GRANDE,"RUA OLIVEIRA FONSECA ,SN",-8.0285576,-34.8799585
4,277,1597,4_1597,ESCOLA MUNICIPAL MARIO MELO,CAMPO GRANDE,"RUA OLIVEIRA FONSECA ,SN",-8.0285576,-34.8799585
4,278,1597,4_1597,ESCOLA MUNICIPAL MARIO MELO,CAMPO GRANDE,"RUA OLIVEIRA FONSECA ,SN",-8.0285576,-34.8799585
4,279,1597,4_1597,ESCOLA MUNICIPAL MARIO MELO,CAMPO GRANDE,"RUA OLIVEIRA FONSECA ,SN",-8.0285576,-34.8799585
4,280,1597,4_1597,ESCOLA MUNICIPAL MARIO MELO,CAMPO GRANDE,"RUA OLIVEIRA FONSECA ,SN",-8.0285576,-34.8799585
4,281,1597,4_1597,ESCOLA MUNICIPAL MARIO MELO,CAMPO GRANDE,"RUA OLIVEIRA FONSECA ,SN",-8.0285576,-34.8799585
4,282,1597,4_1597,ESCOLA MUNICIPAL MARIO MELO,CAMPO GRANDE,"RUA OLIVEIRA FONSECA ,SN",-8.0285576,-34.8799585
4,283,1597,4_1597,ESCOLA MUNICIPAL MARIO MELO,CAMPO GRANDE,"RUA OLIVEIRA FONSECA ,SN",-8.0285576,-34.8799585
4,284,1600,4_1600,ESCOLA DE REFERÊNCIA EM ENSINO MÉDIO NÓBREGA(ANTIGO OLIVIO MONTENEGRO),ENCRUZILHADA,"ESTRADA DE BELEM, 257",-8.036079,-34.8891592
4,285,1600,4_1600,ESCOLA DE REFERÊNCIA EM ENSINO MÉDIO NÓBREGA(ANTIGO OLIVIO MONTENEGRO),ENCRUZILHADA,"ESTRADA DE BELEM, 257",-8.036079,-34.8891592
4,286,1600,4_1600,ESCOLA DE REFERÊNCIA EM ENSINO MÉDIO NÓBREGA(ANTIGO OLIVIO MONTENEGRO),ENCRUZILHADA,"ESTRADA DE BELEM, 257",-8.036079,-34.8891592
4,287,1600,4_1600,ESCOLA DE REFERÊNCIA EM ENSINO MÉDIO NÓBREGA(ANTIGO OLIVIO MONTENEGRO),ENCRUZILHADA,"ESTRADA DE BELEM, 257",-8.036079,-34.8891592
4,288,1600,4_1600,ESCOLA DE REFERÊNCIA EM ENSINO MÉDIO NÓBREGA(ANTIGO OLIVIO MONTENEGRO),ENCRUZILHADA,"ESTRADA DE BELEM, 257",-8.036079,-34.8891592
4,289,1600,4_1600,ESCOLA DE REFERÊNCIA EM ENSINO MÉDIO NÓBREGA(ANTIGO OLIVIO MONTENEGRO),ENCRUZILHADA,"ESTRADA DE BELEM, 257",-8.036079,-34.8891592
4,290,1600,4_1600,ESCOLA DE REFERÊNCIA EM ENSINO MÉDIO NÓBREGA(ANTIGO OLIVIO MONTENEGRO),ENCRUZILHADA,"ESTRADA DE BELEM, 257",-8.036079,-34.8891592
4,291,1600,4_1600,ESCOLA DE REFERÊNCIA EM ENSINO MÉDIO NÓBREGA(ANTIGO OLIVIO MONTENEGRO),ENCRUZILHADA,"ESTRADA DE BELEM, 257",-8.036079,-34.8891592
4,292,1600,4_1600,ESCOLA DE REFERÊNCIA EM ENSINO MÉDIO NÓBREGA(ANTIGO OLIVIO MONTENEGRO),ENCRUZILHADA,"ESTRADA DE BELEM, 257",-8.036079,-34.8891592
4,293,1600,4_1600,ESCOLA DE REFERÊNCIA EM ENSINO MÉDIO NÓBREGA(ANTIGO OLIVIO MONTENEGRO),ENCRUZILHADA,"ESTRADA DE BELEM, 257",-8.036079,-34.8891592
4,294,1600,4_1600,ESCOLA DE REFERÊNCIA EM ENSINO MÉDIO NÓBREGA(ANTIGO OLIVIO MONTENEGRO),ENCRUZILHADA,"ESTRADA DE BELEM, 257",-8.036079,-34.8891592
4,295,1619,4_1619,ESCOLA MUNICIPAL COMPOSITOR CAPIBA (ANTIGO RADICAL COLÉGIO E CURSO),ENCRUZILHADA,"RUA OTHON PARAÍSO, 375",-8.0375476,-34.883751
4,296,1619,4_1619,ESCOLA MUNICIPAL COMPOSITOR CAPIBA (ANTIGO RADICAL COLÉGIO E CURSO),ENCRUZILHADA,"RUA OTHON PARAÍSO, 375",-8.0375476,-34.883751
4,297,1619,4_1619,ESCOLA MUNICIPAL COMPOSITOR CAPIBA (ANTIGO RADICAL COLÉGIO E CURSO),ENCRUZILHADA,"RUA OTHON PARAÍSO, 375",-8.0375476,-34.883751
4,298,1619,4_1619,ESCOLA MUNICIPAL COMPOSITOR CAPIBA (ANTIGO RADICAL COLÉGIO E CURSO),ENCRUZILHADA,"RUA OTHON PARAÍSO, 375",-8.0375476,-34.883751
4,299,1619,4_1619,ESCOLA MUNICIPAL COMPOSITOR CAPIBA (ANTIGO RADICAL COLÉGIO E CURSO),ENCRUZILHADA,"RUA OTHON PARAÍSO, 375",-8.0375476,-34.883751
4,300,1627,4_1627,ESCOLA EMBAIXADOR GILBERTO AMADO,HIPODROMO,"PRACA TERTULIANO FEITOSA ,SN",-8.0327883,-34.8878349
4,301,1627,4_1627,ESCOLA EMBAIXADOR GILBERTO AMADO,HIPODROMO,"PRACA TERTULIANO FEITOSA ,SN",-8.0327883,-34.8878349
4,302,1627,4_1627,ESCOLA EMBAIXADOR GILBERTO AMADO,HIPODROMO,"PRACA TERTULIANO FEITOSA ,SN",-8.0327883,-34.8878349
4,303,1627,4_1627,ESCOLA EMBAIXADOR GILBERTO AMADO,HIPODROMO,"PRACA TERTULIANO FEITOSA ,SN",-8.0327883,-34.8878349
4,304,1627,4_1627,ESCOLA EMBAIXADOR GILBERTO AMADO,HIPODROMO,"PRACA TERTULIANO FEITOSA ,SN",-8.0327883,-34.8878349
4,305,1627,4_1627,ESCOLA EMBAIXADOR GILBERTO AMADO,HIPODROMO,"PRACA TERTULIANO FEITOSA ,SN",-8.0327883,-34.8878349
4,306,1627,4_1627,ESCOLA EMBAIXADOR GILBERTO AMADO,HIPODROMO,"PRACA TERTULIANO FEITOSA ,SN",-8.0327883,-34.8878349
4,307,1635,4_1635,ESCOLA MUNICIPAL SANTA CECILIA,CAMPO GRANDE,"RUA ALICE GOMES, 49",-8.0367796,-34.8805078
4,308,1635,4_1635,ESCOLA MUNICIPAL SANTA CECILIA,CAMPO GRANDE,"RUA ALICE GOMES, 49",-8.0367796,-34.8805078
4,376,1635,4_1635,ESCOLA MUNICIPAL SANTA CECILIA,CAMPO GRANDE,"RUA ALICE GOMES, 49",-8.0367796,-34.8805078
4,309,1643,4_1643,ESCOLA MUNICIPAL PROFESSORA HÉLIA MARIA PEREIRA,CAMPO GRANDE,"RUA ALICE GOMES, 37",-8.0367278,-34.8803119
4,310,1643,4_1643,ESCOLA MUNICIPAL PROFESSORA HÉLIA MARIA PEREIRA,CAMPO GRANDE,"RUA ALICE GOMES, 37",-8.0367278,-34.8803119
4,311,1643,4_1643,ESCOLA MUNICIPAL PROFESSORA HÉLIA MARIA PEREIRA,CAMPO GRANDE,"RUA ALICE GOMES, 37",-8.0367278,-34.8803119
4,312,1651,4_1651,ESCOLA MUNICIPAL PROFESSORA  JANDIRA BOTELHO,CAMPO GRANDE,"RUA FARIAS NEVES, S/N",-8.0240682,-34.8780869
4,313,1651,4_1651,ESCOLA MUNICIPAL PROFESSORA  JANDIRA BOTELHO,CAMPO GRANDE,"RUA FARIAS NEVES, S/N",-8.0240682,-34.8780869
4,314,1660,4_1660,ESCOLA ESTADUAL SAO JUDAS TADEU,CAMPINA DO BARRETO,"RUA MARCILIO DIAS, 591",-8.0208128,-34.8811931
4,315,1660,4_1660,ESCOLA ESTADUAL SAO JUDAS TADEU,CAMPINA DO BARRETO,"RUA MARCILIO DIAS, 591",-8.0208128,-34.8811931
4,316,1660,4_1660,ESCOLA ESTADUAL SAO JUDAS TADEU,CAMPINA DO BARRETO,"RUA MARCILIO DIAS, 591",-8.0208128,-34.8811931
4,317,1660,4_1660,ESCOLA ESTADUAL SAO JUDAS TADEU,CAMPINA DO BARRETO,"RUA MARCILIO DIAS, 591",-8.0208128,-34.8811931
4,318,1660,4_1660,ESCOLA ESTADUAL SAO JUDAS TADEU,CAMPINA DO BARRETO,"RUA MARCILIO DIAS, 591",-8.0208128,-34.8811931
4,319,1660,4_1660,ESCOLA ESTADUAL SAO JUDAS TADEU,CAMPINA DO BARRETO,"RUA MARCILIO DIAS, 591",-8.0208128,-34.8811931
4,320,1660,4_1660,ESCOLA ESTADUAL SAO JUDAS TADEU,CAMPINA DO BARRETO,"RUA MARCILIO DIAS, 591",-8.0208128,-34.8811931
4,321,1660,4_1660,ESCOLA ESTADUAL SAO JUDAS TADEU,CAMPINA DO BARRETO,"RUA MARCILIO DIAS, 591",-8.0208128,-34.8811931
4,322,1660,4_1660,ESCOLA ESTADUAL SAO JUDAS TADEU,CAMPINA DO BARRETO,"RUA MARCILIO DIAS, 591",-8.0208128,-34.8811931
4,323,1660,4_1660,ESCOLA ESTADUAL SAO JUDAS TADEU,CAMPINA DO BARRETO,"RUA MARCILIO DIAS, 591",-8.0208128,-34.8811931
4,324,1660,4_1660,ESCOLA ESTADUAL SAO JUDAS TADEU,CAMPINA DO BARRETO,"RUA MARCILIO DIAS, 591",-8.0208128,-34.8811931
4,325,1660,4_1660,ESCOLA ESTADUAL SAO JUDAS TADEU,CAMPINA DO BARRETO,"RUA MARCILIO DIAS, 591",-8.0208128,-34.8811931
4,326,1660,4_1660,ESCOLA ESTADUAL SAO JUDAS TADEU,CAMPINA DO BARRETO,"RUA MARCILIO DIAS, 591",-8.0208128,-34.8811931
4,327,1660,4_1660,ESCOLA ESTADUAL SAO JUDAS TADEU,CAMPINA DO BARRETO,"RUA MARCILIO DIAS, 591",-8.0208128,-34.8811931
4,328,1678,4_1678,ESCOLA MUNICIPAL ÁGUA FRIA,CAMPINA DO BARRETO,"RUA DOS CRAVEIROS, 441",-8.0129146,-34.8810423
4,329,1678,4_1678,ESCOLA MUNICIPAL ÁGUA FRIA,CAMPINA DO BARRETO,"RUA DOS CRAVEIROS, 441",-8.0129146,-34.8810423
4,330,1678,4_1678,ESCOLA MUNICIPAL ÁGUA FRIA,CAMPINA DO BARRETO,"RUA DOS CRAVEIROS, 441",-8.0129146,-34.8810423
4,331,1678,4_1678,ESCOLA MUNICIPAL ÁGUA FRIA,CAMPINA DO BARRETO,"RUA DOS CRAVEIROS, 441",-8.0129146,-34.8810423
4,332,1686,4_1686,COLEGIO IMACULADO CORACAO DE MARIA,CAMPO GRANDE,"RUA DR. MACHADO, 379",-8.0295959,-34.8828439
4,333,1686,4_1686,COLEGIO IMACULADO CORACAO DE MARIA,CAMPO GRANDE,"RUA DR. MACHADO, 379",-8.0295959,-34.8828439
4,334,1686,4_1686,COLEGIO IMACULADO CORACAO DE MARIA,CAMPO GRANDE,"RUA DR. MACHADO, 379",-8.0295959,-34.8828439
4,383,1686,4_1686,COLEGIO IMACULADO CORACAO DE MARIA,CAMPO GRANDE,"RUA DR. MACHADO, 379",-8.0295959,-34.8828439
4,338,1708,4_1708,ESCOLA DE REFERÊNCIA EM ENSINO MÉDIO CLÓVIS BEVILAQUA,HIPODROMO,PRACA TERTULIANO FEITOSA SN,-8.0329496,-34.8869866
4,339,1708,4_1708,ESCOLA DE REFERÊNCIA EM ENSINO MÉDIO CLÓVIS BEVILAQUA,HIPODROMO,PRACA TERTULIANO FEITOSA SN,-8.0329496,-34.8869866
4,340,1708,4_1708,ESCOLA DE REFERÊNCIA EM ENSINO MÉDIO CLÓVIS BEVILAQUA,HIPODROMO,PRACA TERTULIANO FEITOSA SN,-8.0329496,-34.8869866
4,341,1708,4_1708,ESCOLA DE REFERÊNCIA EM ENSINO MÉDIO CLÓVIS BEVILAQUA,HIPODROMO,PRACA TERTULIANO FEITOSA SN,-8.0329496,-34.8869866
4,342,1708,4_1708,ESCOLA DE REFERÊNCIA EM ENSINO MÉDIO CLÓVIS BEVILAQUA,HIPODROMO,PRACA TERTULIANO FEITOSA SN,-8.0329496,-34.8869866
4,343,1708,4_1708,ESCOLA DE REFERÊNCIA EM ENSINO MÉDIO CLÓVIS BEVILAQUA,HIPODROMO,PRACA TERTULIANO FEITOSA SN,-8.0329496,-34.8869866
4,344,1708,4_1708,ESCOLA DE REFERÊNCIA EM ENSINO MÉDIO CLÓVIS BEVILAQUA,HIPODROMO,PRACA TERTULIANO FEITOSA SN,-8.0329496,-34.8869866
4,345,1708,4_1708,ESCOLA DE REFERÊNCIA EM ENSINO MÉDIO CLÓVIS BEVILAQUA,HIPODROMO,PRACA TERTULIANO FEITOSA SN,-8.0329496,-34.8869866
4,346,1708,4_1708,ESCOLA DE REFERÊNCIA EM ENSINO MÉDIO CLÓVIS BEVILAQUA,HIPODROMO,PRACA TERTULIANO FEITOSA SN,-8.0329496,-34.8869866
4,347,1708,4_1708,ESCOLA DE REFERÊNCIA EM ENSINO MÉDIO CLÓVIS BEVILAQUA,HIPODROMO,PRACA TERTULIANO FEITOSA SN,-8.0329496,-34.8869866
4,348,1716,4_1716,COLÉGIO DO SABER,CAMPO GRANDE,"RUA FRANKLIN TÁVORA, 159",-8.0287002,-34.8843447
4,349,1716,4_1716,COLÉGIO DO SABER,CAMPO GRANDE,"RUA FRANKLIN TÁVORA, 159",-8.0287002,-34.8843447
4,350,1716,4_1716,COLÉGIO DO SABER,CAMPO GRANDE,"RUA FRANKLIN TÁVORA, 159",-8.0287002,-34.8843447
4,351,1716,4_1716,COLÉGIO DO SABER,CAMPO GRANDE,"RUA FRANKLIN TÁVORA, 159",-8.0287002,-34.8843447
4,381,1716,4_1716,COLÉGIO DO SABER,CAMPO GRANDE,"RUA FRANKLIN TÁVORA, 159",-8.0287002,-34.8843447
4,352,1724,4_1724,COLÉGIO JESUS CRUCIFICADO,CAMPO GRANDE,"ESTRADA DE BELEM, 1164",-8.032209,-34.8815917
4,353,1724,4_1724,COLÉGIO JESUS CRUCIFICADO,CAMPO GRANDE,"ESTRADA DE BELEM, 1164",-8.032209,-34.8815917
4,354,1724,4_1724,COLÉGIO JESUS CRUCIFICADO,CAMPO GRANDE,"ESTRADA DE BELEM, 1164",-8.032209,-34.8815917
4,355,1724,4_1724,COLÉGIO JESUS CRUCIFICADO,CAMPO GRANDE,"ESTRADA DE BELEM, 1164",-8.032209,-34.8815917
4,356,1724,4_1724,COLÉGIO JESUS CRUCIFICADO,CAMPO GRANDE,"ESTRADA DE BELEM, 1164",-8.032209,-34.8815917
4,357,1724,4_1724,COLÉGIO JESUS CRUCIFICADO,CAMPO GRANDE,"ESTRADA DE BELEM, 1164",-8.032209,-34.8815917
4,358,1724,4_1724,COLÉGIO JESUS CRUCIFICADO,CAMPO GRANDE,"ESTRADA DE BELEM, 1164",-8.032209,-34.8815917
4,359,1724,4_1724,COLÉGIO JESUS CRUCIFICADO,CAMPO GRANDE,"ESTRADA DE BELEM, 1164",-8.032209,-34.8815917
4,360,1724,4_1724,COLÉGIO JESUS CRUCIFICADO,CAMPO GRANDE,"ESTRADA DE BELEM, 1164",-8.032209,-34.8815917
4,361,1724,4_1724,COLÉGIO JESUS CRUCIFICADO,CAMPO GRANDE,"ESTRADA DE BELEM, 1164",-8.032209,-34.8815917
4,362,1724,4_1724,COLÉGIO JESUS CRUCIFICADO,CAMPO GRANDE,"ESTRADA DE BELEM, 1164",-8.032209,-34.8815917
4,363,1724,4_1724,COLÉGIO JESUS CRUCIFICADO,CAMPO GRANDE,"ESTRADA DE BELEM, 1164",-8.032209,-34.8815917
4,364,1732,4_1732,PARÓQUIA NOSSA SENHORA DO BOM PARTO-ANT CENTRO PAROQUIAL CAMPO GRANDE,CAMPO GRANDE,"ESTRADA DE BELEM, 1425",-8.0322568,-34.8791636
4,365,1732,4_1732,PARÓQUIA NOSSA SENHORA DO BOM PARTO-ANT CENTRO PAROQUIAL CAMPO GRANDE,CAMPO GRANDE,"ESTRADA DE BELEM, 1425",-8.0322568,-34.8791636
4,366,1732,4_1732,PARÓQUIA NOSSA SENHORA DO BOM PARTO-ANT CENTRO PAROQUIAL CAMPO GRANDE,CAMPO GRANDE,"ESTRADA DE BELEM, 1425",-8.0322568,-34.8791636
4,367,1732,4_1732,PARÓQUIA NOSSA SENHORA DO BOM PARTO-ANT CENTRO PAROQUIAL CAMPO GRANDE,CAMPO GRANDE,"ESTRADA DE BELEM, 1425",-8.0322568,-34.8791636
4,368,1732,4_1732,PARÓQUIA NOSSA SENHORA DO BOM PARTO-ANT CENTRO PAROQUIAL CAMPO GRANDE,CAMPO GRANDE,"ESTRADA DE BELEM, 1425",-8.0322568,-34.8791636
4,369,1732,4_1732,PARÓQUIA NOSSA SENHORA DO BOM PARTO-ANT CENTRO PAROQUIAL CAMPO GRANDE,CAMPO GRANDE,"ESTRADA DE BELEM, 1425",-8.0322568,-34.8791636
4,128,1740,4_1740,CEMEI - CENTRO MUNICIPAL DE EDUCACAO INFANTIL MÃEZINHA DO COQUE,ILHA JOANA BEZERRA,"RUA GUAPIRAMA, S/N",-8.0718635,-34.8998132
4,129,1740,4_1740,CEMEI - CENTRO MUNICIPAL DE EDUCACAO INFANTIL MÃEZINHA DO COQUE,ILHA JOANA BEZERRA,"RUA GUAPIRAMA, S/N",-8.0718635,-34.8998132
4,170,1740,4_1740,CEMEI - CENTRO MUNICIPAL DE EDUCACAO INFANTIL MÃEZINHA DO COQUE,ILHA JOANA BEZERRA,"RUA GUAPIRAMA, S/N",-8.0718635,-34.8998132
4,206,1740,4_1740,CEMEI - CENTRO MUNICIPAL DE EDUCACAO INFANTIL MÃEZINHA DO COQUE,ILHA JOANA BEZERRA,"RUA GUAPIRAMA, S/N",-8.0718635,-34.8998132
4,218,1740,4_1740,CEMEI - CENTRO MUNICIPAL DE EDUCACAO INFANTIL MÃEZINHA DO COQUE,ILHA JOANA BEZERRA,"RUA GUAPIRAMA, S/N",-8.0718635,-34.8998132
4,371,1740,4_1740,CEMEI - CENTRO MUNICIPAL DE EDUCACAO INFANTIL MÃEZINHA DO COQUE,ILHA JOANA BEZERRA,"RUA GUAPIRAMA, S/N",-8.0718635,-34.8998132
4,385,1740,4_1740,CEMEI - CENTRO MUNICIPAL DE EDUCACAO INFANTIL MÃEZINHA DO COQUE,ILHA JOANA BEZERRA,"RUA GUAPIRAMA, S/N",-8.0718635,-34.8998132
4,87,1759,4_1759,SENAC,SANTO AMARO,"RUA DO POMBAL, 57",-8.0493457,-34.88210956
4,88,1759,4_1759,SENAC,SANTO AMARO,"RUA DO POMBAL, 57",-8.0493457,-34.88210956
4,89,1759,4_1759,SENAC,SANTO AMARO,"RUA DO POMBAL, 57",-8.0493457,-34.88210956
4,90,1759,4_1759,SENAC,SANTO AMARO,"RUA DO POMBAL, 57",-8.0493457,-34.88210956
4,91,1759,4_1759,SENAC,SANTO AMARO,"RUA DO POMBAL, 57",-8.0493457,-34.88210956
4,92,1759,4_1759,SENAC,SANTO AMARO,"RUA DO POMBAL, 57",-8.0493457,-34.88210956
4,379,1759,4_1759,SENAC,SANTO AMARO,"RUA DO POMBAL, 57",-8.0493457,-34.88210956
4,377,1783,4_1783,ESCOLA MUNICIPAL AGUA FRIA - ANEXO,ARRUDA,"RUA CÔNEGO OLÍMPIO TORRES, S/N",-8.0202,-34.8856
4,380,1783,4_1783,ESCOLA MUNICIPAL AGUA FRIA - ANEXO,ARRUDA,"RUA CÔNEGO OLÍMPIO TORRES, S/N",-8.0202,-34.8856
4,335,1791,4_1791,CRECHE ESCOLA MUNICIPAL AMADEU CLEMENTINO DA SILVA,TORREAO,RUA OTHON PARAÍSO 486,-8.0397495,-34.8832675
4,336,1791,4_1791,CRECHE ESCOLA MUNICIPAL AMADEU CLEMENTINO DA SILVA,TORREAO,RUA OTHON PARAÍSO 486,-8.0397495,-34.8832675
4,337,1791,4_1791,CRECHE ESCOLA MUNICIPAL AMADEU CLEMENTINO DA SILVA,TORREAO,RUA OTHON PARAÍSO 486,-8.0397495,-34.8832675
5,6,1023,5_1023,ESCOLA ESTADUAL DOM VITAL,CASA AMARELA,"ESTRADA DO ARRAIAL, S/N",-8.026995,-34.91828333
5,7,1023,5_1023,ESCOLA ESTADUAL DOM VITAL,CASA AMARELA,"ESTRADA DO ARRAIAL, S/N",-8.026995,-34.91828333
5,8,1023,5_1023,ESCOLA ESTADUAL DOM VITAL,CASA AMARELA,"ESTRADA DO ARRAIAL, S/N",-8.026995,-34.91828333
5,9,1023,5_1023,ESCOLA ESTADUAL DOM VITAL,CASA AMARELA,"ESTRADA DO ARRAIAL, S/N",-8.026995,-34.91828333
5,10,1023,5_1023,ESCOLA ESTADUAL DOM VITAL,CASA AMARELA,"ESTRADA DO ARRAIAL, S/N",-8.026995,-34.91828333
5,11,1023,5_1023,ESCOLA ESTADUAL DOM VITAL,CASA AMARELA,"ESTRADA DO ARRAIAL, S/N",-8.026995,-34.91828333
5,12,1023,5_1023,ESCOLA ESTADUAL DOM VITAL,CASA AMARELA,"ESTRADA DO ARRAIAL, S/N",-8.026995,-34.91828333
5,13,1023,5_1023,ESCOLA ESTADUAL DOM VITAL,CASA AMARELA,"ESTRADA DO ARRAIAL, S/N",-8.026995,-34.91828333
5,14,1023,5_1023,ESCOLA ESTADUAL DOM VITAL,CASA AMARELA,"ESTRADA DO ARRAIAL, S/N",-8.026995,-34.91828333
5,15,1023,5_1023,ESCOLA ESTADUAL DOM VITAL,CASA AMARELA,"ESTRADA DO ARRAIAL, S/N",-8.026995,-34.91828333
5,37,1066,5_1066,COLÉGIO MURAKAMI (ANTIGO NAP),CASA FORTE,"ESTRADA DAS UBAIAS, 487",-8.0323696,-34.9195133
5,38,1066,5_1066,COLÉGIO MURAKAMI (ANTIGO NAP),CASA FORTE,"ESTRADA DAS UBAIAS, 487",-8.0323696,-34.9195133
5,39,1066,5_1066,COLÉGIO MURAKAMI (ANTIGO NAP),CASA FORTE,"ESTRADA DAS UBAIAS, 487",-8.0323696,-34.9195133
5,40,1066,5_1066,COLÉGIO MURAKAMI (ANTIGO NAP),CASA FORTE,"ESTRADA DAS UBAIAS, 487",-8.0323696,-34.9195133
5,41,1066,5_1066,COLÉGIO MURAKAMI (ANTIGO NAP),CASA FORTE,"ESTRADA DAS UBAIAS, 487",-8.0323696,-34.9195133
5,65,1066,5_1066,COLÉGIO MURAKAMI (ANTIGO NAP),CASA FORTE,"ESTRADA DAS UBAIAS, 487",-8.0323696,-34.9195133
5,66,1066,5_1066,COLÉGIO MURAKAMI (ANTIGO NAP),CASA FORTE,"ESTRADA DAS UBAIAS, 487",-8.0323696,-34.9195133
5,67,1066,5_1066,COLÉGIO MURAKAMI (ANTIGO NAP),CASA FORTE,"ESTRADA DAS UBAIAS, 487",-8.0323696,-34.9195133
5,47,1082,5_1082,ESCOLA ESTADUAL SILVA JARDIM,MONTEIRO,"AV. DEZESSETE DE AGOSTO, 2727 - PRAÇA DO MONTEIRO",-8.02816167,-34.928145
5,48,1082,5_1082,ESCOLA ESTADUAL SILVA JARDIM,MONTEIRO,"AV. DEZESSETE DE AGOSTO, 2727 - PRAÇA DO MONTEIRO",-8.02816167,-34.928145
5,49,1082,5_1082,ESCOLA ESTADUAL SILVA JARDIM,MONTEIRO,"AV. DEZESSETE DE AGOSTO, 2727 - PRAÇA DO MONTEIRO",-8.02816167,-34.928145
5,50,1082,5_1082,ESCOLA ESTADUAL SILVA JARDIM,MONTEIRO,"AV. DEZESSETE DE AGOSTO, 2727 - PRAÇA DO MONTEIRO",-8.02816167,-34.928145
5,51,1082,5_1082,ESCOLA ESTADUAL SILVA JARDIM,MONTEIRO,"AV. DEZESSETE DE AGOSTO, 2727 - PRAÇA DO MONTEIRO",-8.02816167,-34.928145
5,52,1082,5_1082,ESCOLA ESTADUAL SILVA JARDIM,MONTEIRO,"AV. DEZESSETE DE AGOSTO, 2727 - PRAÇA DO MONTEIRO",-8.02816167,-34.928145
5,53,1082,5_1082,ESCOLA ESTADUAL SILVA JARDIM,MONTEIRO,"AV. DEZESSETE DE AGOSTO, 2727 - PRAÇA DO MONTEIRO",-8.02816167,-34.928145
5,54,1082,5_1082,ESCOLA ESTADUAL SILVA JARDIM,MONTEIRO,"AV. DEZESSETE DE AGOSTO, 2727 - PRAÇA DO MONTEIRO",-8.02816167,-34.928145
5,55,1082,5_1082,ESCOLA ESTADUAL SILVA JARDIM,MONTEIRO,"AV. DEZESSETE DE AGOSTO, 2727 - PRAÇA DO MONTEIRO",-8.02816167,-34.928145
5,56,1082,5_1082,ESCOLA ESTADUAL SILVA JARDIM,MONTEIRO,"AV. DEZESSETE DE AGOSTO, 2727 - PRAÇA DO MONTEIRO",-8.02816167,-34.928145
5,57,1082,5_1082,ESCOLA ESTADUAL SILVA JARDIM,MONTEIRO,"AV. DEZESSETE DE AGOSTO, 2727 - PRAÇA DO MONTEIRO",-8.02816167,-34.928145
5,58,1082,5_1082,ESCOLA ESTADUAL SILVA JARDIM,MONTEIRO,"AV. DEZESSETE DE AGOSTO, 2727 - PRAÇA DO MONTEIRO",-8.02816167,-34.928145
5,132,1082,5_1082,ESCOLA ESTADUAL SILVA JARDIM,MONTEIRO,"AV. DEZESSETE DE AGOSTO, 2727 - PRAÇA DO MONTEIRO",-8.02816167,-34.928145
5,175,1082,5_1082,ESCOLA ESTADUAL SILVA JARDIM,MONTEIRO,"AV. DEZESSETE DE AGOSTO, 2727 - PRAÇA DO MONTEIRO",-8.02816167,-34.928145
5,204,1082,5_1082,ESCOLA ESTADUAL SILVA JARDIM,MONTEIRO,"AV. DEZESSETE DE AGOSTO, 2727 - PRAÇA DO MONTEIRO",-8.02816167,-34.928145
5,143,1104,5_1104,ESCOLA MUNICIPAL PROFESSOR NILO PEREIRA,MONTEIRO,"ESTRADA DO ARRAIAL, 4900",-8.02764167,-34.92552667
5,152,1104,5_1104,ESCOLA MUNICIPAL PROFESSOR NILO PEREIRA,MONTEIRO,"ESTRADA DO ARRAIAL, 4900",-8.02764167,-34.92552667
5,157,1104,5_1104,ESCOLA MUNICIPAL PROFESSOR NILO PEREIRA,MONTEIRO,"ESTRADA DO ARRAIAL, 4900",-8.02764167,-34.92552667
5,161,1104,5_1104,ESCOLA MUNICIPAL PROFESSOR NILO PEREIRA,MONTEIRO,"ESTRADA DO ARRAIAL, 4900",-8.02764167,-34.92552667
5,182,1104,5_1104,ESCOLA MUNICIPAL PROFESSOR NILO PEREIRA,MONTEIRO,"ESTRADA DO ARRAIAL, 4900",-8.02764167,-34.92552667
5,234,1104,5_1104,ESCOLA MUNICIPAL PROFESSOR NILO PEREIRA,MONTEIRO,"ESTRADA DO ARRAIAL, 4900",-8.02764167,-34.92552667
5,84,1139,5_1139,EREM OLINTO VICTOR,VARZEA,"AV. AFONSO OLINDENSE, 153",-8.03259116,-34.95563879
5,85,1139,5_1139,EREM OLINTO VICTOR,VARZEA,"AV. AFONSO OLINDENSE, 153",-8.03259116,-34.95563879
5,86,1139,5_1139,EREM OLINTO VICTOR,VARZEA,"AV. AFONSO OLINDENSE, 153",-8.03259116,-34.95563879
5,87,1139,5_1139,EREM OLINTO VICTOR,VARZEA,"AV. AFONSO OLINDENSE, 153",-8.03259116,-34.95563879
5,88,1139,5_1139,EREM OLINTO VICTOR,VARZEA,"AV. AFONSO OLINDENSE, 153",-8.03259116,-34.95563879
5,89,1139,5_1139,EREM OLINTO VICTOR,VARZEA,"AV. AFONSO OLINDENSE, 153",-8.03259116,-34.95563879
5,90,1139,5_1139,EREM OLINTO VICTOR,VARZEA,"AV. AFONSO OLINDENSE, 153",-8.03259116,-34.95563879
5,149,1139,5_1139,EREM OLINTO VICTOR,VARZEA,"AV. AFONSO OLINDENSE, 153",-8.03259116,-34.95563879
5,209,1139,5_1139,EREM OLINTO VICTOR,VARZEA,"AV. AFONSO OLINDENSE, 153",-8.03259116,-34.95563879
5,59,1180,5_1180,EREM PROFESSOR CÂNDIDO DUARTE (PRÓX ABO ASS. BRA. ODONTOLOGIA),APIPUCOS,RUA DOIS IRMÃOS,-8.020885,-34.93889
5,60,1180,5_1180,EREM PROFESSOR CÂNDIDO DUARTE (PRÓX ABO ASS. BRA. ODONTOLOGIA),APIPUCOS,RUA DOIS IRMÃOS,-8.020885,-34.93889
5,61,1180,5_1180,EREM PROFESSOR CÂNDIDO DUARTE (PRÓX ABO ASS. BRA. ODONTOLOGIA),APIPUCOS,RUA DOIS IRMÃOS,-8.020885,-34.93889
5,129,1180,5_1180,EREM PROFESSOR CÂNDIDO DUARTE (PRÓX ABO ASS. BRA. ODONTOLOGIA),APIPUCOS,RUA DOIS IRMÃOS,-8.020885,-34.93889
5,139,1180,5_1180,EREM PROFESSOR CÂNDIDO DUARTE (PRÓX ABO ASS. BRA. ODONTOLOGIA),APIPUCOS,RUA DOIS IRMÃOS,-8.020885,-34.93889
5,211,1180,5_1180,EREM PROFESSOR CÂNDIDO DUARTE (PRÓX ABO ASS. BRA. ODONTOLOGIA),APIPUCOS,RUA DOIS IRMÃOS,-8.020885,-34.93889
5,257,1180,5_1180,EREM PROFESSOR CÂNDIDO DUARTE (PRÓX ABO ASS. BRA. ODONTOLOGIA),APIPUCOS,RUA DOIS IRMÃOS,-8.020885,-34.93889
5,170,1228,5_1228,ESCOLA MUNICIPAL CÉLIA ARRAES,VARZEA,"RUA JOSÉ NOYA, S/N",-8.0390585,-34.95865155
5,173,1228,5_1228,ESCOLA MUNICIPAL CÉLIA ARRAES,VARZEA,"RUA JOSÉ NOYA, S/N",-8.0390585,-34.95865155
5,194,1228,5_1228,ESCOLA MUNICIPAL CÉLIA ARRAES,VARZEA,"RUA JOSÉ NOYA, S/N",-8.0390585,-34.95865155
5,217,1228,5_1228,ESCOLA MUNICIPAL CÉLIA ARRAES,VARZEA,"RUA JOSÉ NOYA, S/N",-8.0390585,-34.95865155
5,244,1228,5_1228,ESCOLA MUNICIPAL CÉLIA ARRAES,VARZEA,"RUA JOSÉ NOYA, S/N",-8.0390585,-34.95865155
5,144,1236,5_1236,CENTRO DE ENSINO DE GRADUAÇÃO - CEGOE - UFRPE,DOIS IRMAOS,"RUA DOM MANUEL DE MEDEIROS, S/N",-8.01834333,-34.95077833
5,147,1236,5_1236,CENTRO DE ENSINO DE GRADUAÇÃO - CEGOE - UFRPE,DOIS IRMAOS,"RUA DOM MANUEL DE MEDEIROS, S/N",-8.01834333,-34.95077833
5,151,1236,5_1236,CENTRO DE ENSINO DE GRADUAÇÃO - CEGOE - UFRPE,DOIS IRMAOS,"RUA DOM MANUEL DE MEDEIROS, S/N",-8.01834333,-34.95077833
5,158,1236,5_1236,CENTRO DE ENSINO DE GRADUAÇÃO - CEGOE - UFRPE,DOIS IRMAOS,"RUA DOM MANUEL DE MEDEIROS, S/N",-8.01834333,-34.95077833
5,165,1236,5_1236,CENTRO DE ENSINO DE GRADUAÇÃO - CEGOE - UFRPE,DOIS IRMAOS,"RUA DOM MANUEL DE MEDEIROS, S/N",-8.01834333,-34.95077833
5,181,1236,5_1236,CENTRO DE ENSINO DE GRADUAÇÃO - CEGOE - UFRPE,DOIS IRMAOS,"RUA DOM MANUEL DE MEDEIROS, S/N",-8.01834333,-34.95077833
5,207,1236,5_1236,CENTRO DE ENSINO DE GRADUAÇÃO - CEGOE - UFRPE,DOIS IRMAOS,"RUA DOM MANUEL DE MEDEIROS, S/N",-8.01834333,-34.95077833
5,220,1236,5_1236,CENTRO DE ENSINO DE GRADUAÇÃO - CEGOE - UFRPE,DOIS IRMAOS,"RUA DOM MANUEL DE MEDEIROS, S/N",-8.01834333,-34.95077833
5,229,1236,5_1236,CENTRO DE ENSINO DE GRADUAÇÃO - CEGOE - UFRPE,DOIS IRMAOS,"RUA DOM MANUEL DE MEDEIROS, S/N",-8.01834333,-34.95077833
5,238,1236,5_1236,CENTRO DE ENSINO DE GRADUAÇÃO - CEGOE - UFRPE,DOIS IRMAOS,"RUA DOM MANUEL DE MEDEIROS, S/N",-8.01834333,-34.95077833
5,252,1236,5_1236,CENTRO DE ENSINO DE GRADUAÇÃO - CEGOE - UFRPE,DOIS IRMAOS,"RUA DOM MANUEL DE MEDEIROS, S/N",-8.01834333,-34.95077833
5,179,1244,5_1244,COLÉGIO MOTIVO (ANTIGO MATER CHRISTI),CASA FORTE,"AVENIDA DEZESSETE DE AGOSTO, 1872",-8.03261333,-34.92307667
5,197,1244,5_1244,COLÉGIO MOTIVO (ANTIGO MATER CHRISTI),CASA FORTE,"AVENIDA DEZESSETE DE AGOSTO, 1872",-8.03261333,-34.92307667
5,216,1244,5_1244,COLÉGIO MOTIVO (ANTIGO MATER CHRISTI),CASA FORTE,"AVENIDA DEZESSETE DE AGOSTO, 1872",-8.03261333,-34.92307667
5,225,1244,5_1244,COLÉGIO MOTIVO (ANTIGO MATER CHRISTI),CASA FORTE,"AVENIDA DEZESSETE DE AGOSTO, 1872",-8.03261333,-34.92307667
5,232,1244,5_1244,COLÉGIO MOTIVO (ANTIGO MATER CHRISTI),CASA FORTE,"AVENIDA DEZESSETE DE AGOSTO, 1872",-8.03261333,-34.92307667
5,237,1244,5_1244,COLÉGIO MOTIVO (ANTIGO MATER CHRISTI),CASA FORTE,"AVENIDA DEZESSETE DE AGOSTO, 1872",-8.03261333,-34.92307667
5,245,1244,5_1244,COLÉGIO MOTIVO (ANTIGO MATER CHRISTI),CASA FORTE,"AVENIDA DEZESSETE DE AGOSTO, 1872",-8.03261333,-34.92307667
5,249,1244,5_1244,COLÉGIO MOTIVO (ANTIGO MATER CHRISTI),CASA FORTE,"AVENIDA DEZESSETE DE AGOSTO, 1872",-8.03261333,-34.92307667
5,254,1244,5_1244,COLÉGIO MOTIVO (ANTIGO MATER CHRISTI),CASA FORTE,"AVENIDA DEZESSETE DE AGOSTO, 1872",-8.03261333,-34.92307667
5,288,1244,5_1244,COLÉGIO MOTIVO (ANTIGO MATER CHRISTI),CASA FORTE,"AVENIDA DEZESSETE DE AGOSTO, 1872",-8.03261333,-34.92307667
5,178,1252,5_1252,ESCOLA MUNICIPAL ZUMBI DOS PALMARES,VARZEA,"RUA ENGENHEIRO VASCONCELOS BITTENCOURT, 35",-8.04080939,-34.95187514
5,190,1252,5_1252,ESCOLA MUNICIPAL ZUMBI DOS PALMARES,VARZEA,"RUA ENGENHEIRO VASCONCELOS BITTENCOURT, 35",-8.04080939,-34.95187514
5,215,1252,5_1252,ESCOLA MUNICIPAL ZUMBI DOS PALMARES,VARZEA,"RUA ENGENHEIRO VASCONCELOS BITTENCOURT, 35",-8.04080939,-34.95187514
5,233,1252,5_1252,ESCOLA MUNICIPAL ZUMBI DOS PALMARES,VARZEA,"RUA ENGENHEIRO VASCONCELOS BITTENCOURT, 35",-8.04080939,-34.95187514
5,508,1252,5_1252,ESCOLA MUNICIPAL ZUMBI DOS PALMARES,VARZEA,"RUA ENGENHEIRO VASCONCELOS BITTENCOURT, 35",-8.04080939,-34.95187514
5,16,1279,5_1279,CENTRO DE REABILITAÇÃO E EDUCAÇÃO ESPECIAL,CASA AMARELA,"RUA CONSELHEIRO NABUCO, S/N",-8.02842167,-34.91835333
5,17,1279,5_1279,CENTRO DE REABILITAÇÃO E EDUCAÇÃO ESPECIAL,CASA AMARELA,"RUA CONSELHEIRO NABUCO, S/N",-8.02842167,-34.91835333
5,18,1279,5_1279,CENTRO DE REABILITAÇÃO E EDUCAÇÃO ESPECIAL,CASA AMARELA,"RUA CONSELHEIRO NABUCO, S/N",-8.02842167,-34.91835333
5,19,1279,5_1279,CENTRO DE REABILITAÇÃO E EDUCAÇÃO ESPECIAL,CASA AMARELA,"RUA CONSELHEIRO NABUCO, S/N",-8.02842167,-34.91835333
5,20,1279,5_1279,CENTRO DE REABILITAÇÃO E EDUCAÇÃO ESPECIAL,CASA AMARELA,"RUA CONSELHEIRO NABUCO, S/N",-8.02842167,-34.91835333
5,183,1279,5_1279,CENTRO DE REABILITAÇÃO E EDUCAÇÃO ESPECIAL,CASA AMARELA,"RUA CONSELHEIRO NABUCO, S/N",-8.02842167,-34.91835333
5,202,1279,5_1279,CENTRO DE REABILITAÇÃO E EDUCAÇÃO ESPECIAL,CASA AMARELA,"RUA CONSELHEIRO NABUCO, S/N",-8.02842167,-34.91835333
5,228,1279,5_1279,CENTRO DE REABILITAÇÃO E EDUCAÇÃO ESPECIAL,CASA AMARELA,"RUA CONSELHEIRO NABUCO, S/N",-8.02842167,-34.91835333
5,185,1309,5_1309,ESCOLA MAURICIO DE NASSAU,ALTO DO MANDU,"AV. DR. EURICO CHAVES, 677",-8.02278818,-34.92593426
5,231,1309,5_1309,ESCOLA MAURICIO DE NASSAU,ALTO DO MANDU,"AV. DR. EURICO CHAVES, 677",-8.02278818,-34.92593426
5,258,1309,5_1309,ESCOLA MAURICIO DE NASSAU,ALTO DO MANDU,"AV. DR. EURICO CHAVES, 677",-8.02278818,-34.92593426
5,277,1309,5_1309,ESCOLA MAURICIO DE NASSAU,ALTO DO MANDU,"AV. DR. EURICO CHAVES, 677",-8.02278818,-34.92593426
5,293,1309,5_1309,ESCOLA MAURICIO DE NASSAU,ALTO DO MANDU,"AV. DR. EURICO CHAVES, 677",-8.02278818,-34.92593426
5,184,1325,5_1325,ESCOLA SÃO MIGUEL,MONTEIRO,"SEGUNDA TRAVESSA DA RUA DO SIRIJI, S/N",-8.02422959,-34.92917646
5,222,1325,5_1325,ESCOLA SÃO MIGUEL,MONTEIRO,"SEGUNDA TRAVESSA DA RUA DO SIRIJI, S/N",-8.02422959,-34.92917646
5,261,1325,5_1325,ESCOLA SÃO MIGUEL,MONTEIRO,"SEGUNDA TRAVESSA DA RUA DO SIRIJI, S/N",-8.02422959,-34.92917646
5,278,1325,5_1325,ESCOLA SÃO MIGUEL,MONTEIRO,"SEGUNDA TRAVESSA DA RUA DO SIRIJI, S/N",-8.02422959,-34.92917646
5,291,1325,5_1325,ESCOLA SÃO MIGUEL,MONTEIRO,"SEGUNDA TRAVESSA DA RUA DO SIRIJI, S/N",-8.02422959,-34.92917646
5,188,1333,5_1333,COLÉGIO E CURSO - DESAFIO,VARZEA,"RUA PROFESSOR ANTONIO COELHO, 6O",-8.03853,-34.94386667
5,219,1333,5_1333,COLÉGIO E CURSO - DESAFIO,VARZEA,"RUA PROFESSOR ANTONIO COELHO, 6O",-8.03853,-34.94386667
5,246,1333,5_1333,COLÉGIO E CURSO - DESAFIO,VARZEA,"RUA PROFESSOR ANTONIO COELHO, 6O",-8.03853,-34.94386667
5,265,1333,5_1333,COLÉGIO E CURSO - DESAFIO,VARZEA,"RUA PROFESSOR ANTONIO COELHO, 6O",-8.03853,-34.94386667
5,282,1333,5_1333,COLÉGIO E CURSO - DESAFIO,VARZEA,"RUA PROFESSOR ANTONIO COELHO, 6O",-8.03853,-34.94386667
5,511,1333,5_1333,COLÉGIO E CURSO - DESAFIO,VARZEA,"RUA PROFESSOR ANTONIO COELHO, 6O",-8.03853,-34.94386667
5,199,1341,5_1341,CMEI - DONA CARMELITA MUNIZ DE ARAÚJO,GUABIRABA,"ESTRADA DA MUMBECA, 100, BOLA NA REDE",-7.964845,-34.92313167
5,200,1341,5_1341,CMEI - DONA CARMELITA MUNIZ DE ARAÚJO,GUABIRABA,"ESTRADA DA MUMBECA, 100, BOLA NA REDE",-7.964845,-34.92313167
5,201,1341,5_1341,CMEI - DONA CARMELITA MUNIZ DE ARAÚJO,GUABIRABA,"ESTRADA DA MUMBECA, 100, BOLA NA REDE",-7.964845,-34.92313167
5,260,1341,5_1341,CMEI - DONA CARMELITA MUNIZ DE ARAÚJO,GUABIRABA,"ESTRADA DA MUMBECA, 100, BOLA NA REDE",-7.964845,-34.92313167
5,523,1341,5_1341,CMEI - DONA CARMELITA MUNIZ DE ARAÚJO,GUABIRABA,"ESTRADA DA MUMBECA, 100, BOLA NA REDE",-7.964845,-34.92313167
5,186,1392,5_1392,ESCOLA MUNICIPAL DIVINO ESPÍRITO SANTO,CAXANGA,"PRAÇA DA CAXANGÁ, 127",-8.03085015,-34.95472056
5,193,1392,5_1392,ESCOLA MUNICIPAL DIVINO ESPÍRITO SANTO,CAXANGA,"PRAÇA DA CAXANGÁ, 127",-8.03085015,-34.95472056
5,205,1392,5_1392,ESCOLA MUNICIPAL DIVINO ESPÍRITO SANTO,CAXANGA,"PRAÇA DA CAXANGÁ, 127",-8.03085015,-34.95472056
5,210,1392,5_1392,ESCOLA MUNICIPAL DIVINO ESPÍRITO SANTO,CAXANGA,"PRAÇA DA CAXANGÁ, 127",-8.03085015,-34.95472056
5,236,1392,5_1392,ESCOLA MUNICIPAL DIVINO ESPÍRITO SANTO,CAXANGA,"PRAÇA DA CAXANGÁ, 127",-8.03085015,-34.95472056
5,241,1392,5_1392,ESCOLA MUNICIPAL DIVINO ESPÍRITO SANTO,CAXANGA,"PRAÇA DA CAXANGÁ, 127",-8.03085015,-34.95472056
5,251,1392,5_1392,ESCOLA MUNICIPAL DIVINO ESPÍRITO SANTO,CAXANGA,"PRAÇA DA CAXANGÁ, 127",-8.03085015,-34.95472056
5,263,1392,5_1392,ESCOLA MUNICIPAL DIVINO ESPÍRITO SANTO,CAXANGA,"PRAÇA DA CAXANGÁ, 127",-8.03085015,-34.95472056
5,512,1392,5_1392,ESCOLA MUNICIPAL DIVINO ESPÍRITO SANTO,CAXANGA,"PRAÇA DA CAXANGÁ, 127",-8.03085015,-34.95472056
5,524,1392,5_1392,ESCOLA MUNICIPAL DIVINO ESPÍRITO SANTO,CAXANGA,"PRAÇA DA CAXANGÁ, 127",-8.03085015,-34.95472056
5,528,1392,5_1392,ESCOLA MUNICIPAL DIVINO ESPÍRITO SANTO,CAXANGA,"PRAÇA DA CAXANGÁ, 127",-8.03085015,-34.95472056
5,1,1430,5_1430,APAE - ASSOCIAÇÃO DE PAIS E AMIGOS DOS EXCEPCIONAIS,MONTEIRO,"ESTRADA DO ARRAIAL, 4744",-8.02776,-34.92460167
5,2,1430,5_1430,APAE - ASSOCIAÇÃO DE PAIS E AMIGOS DOS EXCEPCIONAIS,MONTEIRO,"ESTRADA DO ARRAIAL, 4744",-8.02776,-34.92460167
5,3,1430,5_1430,APAE - ASSOCIAÇÃO DE PAIS E AMIGOS DOS EXCEPCIONAIS,MONTEIRO,"ESTRADA DO ARRAIAL, 4744",-8.02776,-34.92460167
5,4,1430,5_1430,APAE - ASSOCIAÇÃO DE PAIS E AMIGOS DOS EXCEPCIONAIS,MONTEIRO,"ESTRADA DO ARRAIAL, 4744",-8.02776,-34.92460167
5,5,1430,5_1430,APAE - ASSOCIAÇÃO DE PAIS E AMIGOS DOS EXCEPCIONAIS,MONTEIRO,"ESTRADA DO ARRAIAL, 4744",-8.02776,-34.92460167
5,267,1430,5_1430,APAE - ASSOCIAÇÃO DE PAIS E AMIGOS DOS EXCEPCIONAIS,MONTEIRO,"ESTRADA DO ARRAIAL, 4744",-8.02776,-34.92460167
5,275,1465,5_1465,CENTRO DE ENSINO DE CIÊNCIAS AGRÁRIAS - CEAGRI - UFRPE,DOIS IRMAOS,"RUA DOM MANUEL DE MEDEIROS, S/N",-8.017815,-34.944095
5,281,1465,5_1465,CENTRO DE ENSINO DE CIÊNCIAS AGRÁRIAS - CEAGRI - UFRPE,DOIS IRMAOS,"RUA DOM MANUEL DE MEDEIROS, S/N",-8.017815,-34.944095
5,285,1465,5_1465,CENTRO DE ENSINO DE CIÊNCIAS AGRÁRIAS - CEAGRI - UFRPE,DOIS IRMAOS,"RUA DOM MANUEL DE MEDEIROS, S/N",-8.017815,-34.944095
5,294,1465,5_1465,CENTRO DE ENSINO DE CIÊNCIAS AGRÁRIAS - CEAGRI - UFRPE,DOIS IRMAOS,"RUA DOM MANUEL DE MEDEIROS, S/N",-8.017815,-34.944095
5,510,1465,5_1465,CENTRO DE ENSINO DE CIÊNCIAS AGRÁRIAS - CEAGRI - UFRPE,DOIS IRMAOS,"RUA DOM MANUEL DE MEDEIROS, S/N",-8.017815,-34.944095
5,515,1465,5_1465,CENTRO DE ENSINO DE CIÊNCIAS AGRÁRIAS - CEAGRI - UFRPE,DOIS IRMAOS,"RUA DOM MANUEL DE MEDEIROS, S/N",-8.017815,-34.944095
5,169,1473,5_1473,CENTRO ESCOLAR CAROCHINHA,POCO,"RUA DO CHACON, 245",-8.03952833,-34.9199
5,174,1473,5_1473,CENTRO ESCOLAR CAROCHINHA,POCO,"RUA DO CHACON, 245",-8.03952833,-34.9199
5,198,1473,5_1473,CENTRO ESCOLAR CAROCHINHA,POCO,"RUA DO CHACON, 245",-8.03952833,-34.9199
5,218,1473,5_1473,CENTRO ESCOLAR CAROCHINHA,POCO,"RUA DO CHACON, 245",-8.03952833,-34.9199
5,255,1473,5_1473,CENTRO ESCOLAR CAROCHINHA,POCO,"RUA DO CHACON, 245",-8.03952833,-34.9199
5,264,1473,5_1473,CENTRO ESCOLAR CAROCHINHA,POCO,"RUA DO CHACON, 245",-8.03952833,-34.9199
5,266,1473,5_1473,CENTRO ESCOLAR CAROCHINHA,POCO,"RUA DO CHACON, 245",-8.03952833,-34.9199
5,272,1473,5_1473,CENTRO ESCOLAR CAROCHINHA,POCO,"RUA DO CHACON, 245",-8.03952833,-34.9199
5,276,1473,5_1473,CENTRO ESCOLAR CAROCHINHA,POCO,"RUA DO CHACON, 245",-8.03952833,-34.9199
5,295,1473,5_1473,CENTRO ESCOLAR CAROCHINHA,POCO,"RUA DO CHACON, 245",-8.03952833,-34.9199
5,349,1562,5_1562,ESCOLA ERUNDINA NEGREIROS DE ARAUJO,CORREGO DO JENIPAPO,RUA ERUNDINA NEGREIROS DE ARAUJO SN,-8.00695833,-34.93628667
5,350,1562,5_1562,ESCOLA ERUNDINA NEGREIROS DE ARAUJO,CORREGO DO JENIPAPO,RUA ERUNDINA NEGREIROS DE ARAUJO SN,-8.00695833,-34.93628667
5,351,1562,5_1562,ESCOLA ERUNDINA NEGREIROS DE ARAUJO,CORREGO DO JENIPAPO,RUA ERUNDINA NEGREIROS DE ARAUJO SN,-8.00695833,-34.93628667
5,352,1562,5_1562,ESCOLA ERUNDINA NEGREIROS DE ARAUJO,CORREGO DO JENIPAPO,RUA ERUNDINA NEGREIROS DE ARAUJO SN,-8.00695833,-34.93628667
5,353,1562,5_1562,ESCOLA ERUNDINA NEGREIROS DE ARAUJO,CORREGO DO JENIPAPO,RUA ERUNDINA NEGREIROS DE ARAUJO SN,-8.00695833,-34.93628667
5,354,1562,5_1562,ESCOLA ERUNDINA NEGREIROS DE ARAUJO,CORREGO DO JENIPAPO,RUA ERUNDINA NEGREIROS DE ARAUJO SN,-8.00695833,-34.93628667
5,355,1562,5_1562,ESCOLA ERUNDINA NEGREIROS DE ARAUJO,CORREGO DO JENIPAPO,RUA ERUNDINA NEGREIROS DE ARAUJO SN,-8.00695833,-34.93628667
5,365,1619,5_1619,ESCOLA ESTADUAL MARIA DA CONCEIÇÃO DO REGO BARROS LACERDA,VARZEA,"RUA VALE DO JAGUARIBE, S/N",-8.03679923,-34.97601004
5,366,1619,5_1619,ESCOLA ESTADUAL MARIA DA CONCEIÇÃO DO REGO BARROS LACERDA,VARZEA,"RUA VALE DO JAGUARIBE, S/N",-8.03679923,-34.97601004
5,367,1619,5_1619,ESCOLA ESTADUAL MARIA DA CONCEIÇÃO DO REGO BARROS LACERDA,VARZEA,"RUA VALE DO JAGUARIBE, S/N",-8.03679923,-34.97601004
5,368,1619,5_1619,ESCOLA ESTADUAL MARIA DA CONCEIÇÃO DO REGO BARROS LACERDA,VARZEA,"RUA VALE DO JAGUARIBE, S/N",-8.03679923,-34.97601004
5,369,1619,5_1619,ESCOLA ESTADUAL MARIA DA CONCEIÇÃO DO REGO BARROS LACERDA,VARZEA,"RUA VALE DO JAGUARIBE, S/N",-8.03679923,-34.97601004
5,370,1619,5_1619,ESCOLA ESTADUAL MARIA DA CONCEIÇÃO DO REGO BARROS LACERDA,VARZEA,"RUA VALE DO JAGUARIBE, S/N",-8.03679923,-34.97601004
5,371,1619,5_1619,ESCOLA ESTADUAL MARIA DA CONCEIÇÃO DO REGO BARROS LACERDA,VARZEA,"RUA VALE DO JAGUARIBE, S/N",-8.03679923,-34.97601004
5,372,1619,5_1619,ESCOLA ESTADUAL MARIA DA CONCEIÇÃO DO REGO BARROS LACERDA,VARZEA,"RUA VALE DO JAGUARIBE, S/N",-8.03679923,-34.97601004
5,373,1619,5_1619,ESCOLA ESTADUAL MARIA DA CONCEIÇÃO DO REGO BARROS LACERDA,VARZEA,"RUA VALE DO JAGUARIBE, S/N",-8.03679923,-34.97601004
5,374,1619,5_1619,ESCOLA ESTADUAL MARIA DA CONCEIÇÃO DO REGO BARROS LACERDA,VARZEA,"RUA VALE DO JAGUARIBE, S/N",-8.03679923,-34.97601004
5,375,1619,5_1619,ESCOLA ESTADUAL MARIA DA CONCEIÇÃO DO REGO BARROS LACERDA,VARZEA,"RUA VALE DO JAGUARIBE, S/N",-8.03679923,-34.97601004
5,376,1619,5_1619,ESCOLA ESTADUAL MARIA DA CONCEIÇÃO DO REGO BARROS LACERDA,VARZEA,"RUA VALE DO JAGUARIBE, S/N",-8.03679923,-34.97601004
5,377,1619,5_1619,ESCOLA ESTADUAL MARIA DA CONCEIÇÃO DO REGO BARROS LACERDA,VARZEA,"RUA VALE DO JAGUARIBE, S/N",-8.03679923,-34.97601004
5,378,1619,5_1619,ESCOLA ESTADUAL MARIA DA CONCEIÇÃO DO REGO BARROS LACERDA,VARZEA,"RUA VALE DO JAGUARIBE, S/N",-8.03679923,-34.97601004
5,379,1627,5_1627,EDUCANDÁRIO MAGALHÃES BASTOS,VARZEA,"RUA FRANCISCO LACERDA, SN",-8.04696849,-34.95728518
5,380,1627,5_1627,EDUCANDÁRIO MAGALHÃES BASTOS,VARZEA,"RUA FRANCISCO LACERDA, SN",-8.04696849,-34.95728518
5,381,1627,5_1627,EDUCANDÁRIO MAGALHÃES BASTOS,VARZEA,"RUA FRANCISCO LACERDA, SN",-8.04696849,-34.95728518
5,382,1627,5_1627,EDUCANDÁRIO MAGALHÃES BASTOS,VARZEA,"RUA FRANCISCO LACERDA, SN",-8.04696849,-34.95728518
5,383,1627,5_1627,EDUCANDÁRIO MAGALHÃES BASTOS,VARZEA,"RUA FRANCISCO LACERDA, SN",-8.04696849,-34.95728518
5,384,1627,5_1627,EDUCANDÁRIO MAGALHÃES BASTOS,VARZEA,"RUA FRANCISCO LACERDA, SN",-8.04696849,-34.95728518
5,385,1627,5_1627,EDUCANDÁRIO MAGALHÃES BASTOS,VARZEA,"RUA FRANCISCO LACERDA, SN",-8.04696849,-34.95728518
5,386,1627,5_1627,EDUCANDÁRIO MAGALHÃES BASTOS,VARZEA,"RUA FRANCISCO LACERDA, SN",-8.04696849,-34.95728518
5,387,1635,5_1635,ESCOLA MUNICIPAL JOÃO BATISTA LIPPO NETO,VARZEA,RUA BARÃO DE CERRO LARGO - LOT. SANTO COSME E DAMIÃO,-8.03564373,-34.99002585
5,388,1635,5_1635,ESCOLA MUNICIPAL JOÃO BATISTA LIPPO NETO,VARZEA,RUA BARÃO DE CERRO LARGO - LOT. SANTO COSME E DAMIÃO,-8.03564373,-34.99002585
5,389,1635,5_1635,ESCOLA MUNICIPAL JOÃO BATISTA LIPPO NETO,VARZEA,RUA BARÃO DE CERRO LARGO - LOT. SANTO COSME E DAMIÃO,-8.03564373,-34.99002585
5,390,1635,5_1635,ESCOLA MUNICIPAL JOÃO BATISTA LIPPO NETO,VARZEA,RUA BARÃO DE CERRO LARGO - LOT. SANTO COSME E DAMIÃO,-8.03564373,-34.99002585
5,519,1635,5_1635,ESCOLA MUNICIPAL JOÃO BATISTA LIPPO NETO,VARZEA,RUA BARÃO DE CERRO LARGO - LOT. SANTO COSME E DAMIÃO,-8.03564373,-34.99002585
5,391,1643,5_1643,ESCOLA SAO CRISTOVAO,BREJO DA GUABIRABA,"RUA CASSITERITA, 395-A",-7.99371049,-34.93556881
5,392,1643,5_1643,ESCOLA SAO CRISTOVAO,BREJO DA GUABIRABA,"RUA CASSITERITA, 395-A",-7.99371049,-34.93556881
5,393,1643,5_1643,ESCOLA SAO CRISTOVAO,BREJO DA GUABIRABA,"RUA CASSITERITA, 395-A",-7.99371049,-34.93556881
5,394,1643,5_1643,ESCOLA SAO CRISTOVAO,BREJO DA GUABIRABA,"RUA CASSITERITA, 395-A",-7.99371049,-34.93556881
5,395,1643,5_1643,ESCOLA SAO CRISTOVAO,BREJO DA GUABIRABA,"RUA CASSITERITA, 395-A",-7.99371049,-34.93556881
5,396,1643,5_1643,ESCOLA SAO CRISTOVAO,BREJO DA GUABIRABA,"RUA CASSITERITA, 395-A",-7.99371049,-34.93556881
5,397,1643,5_1643,ESCOLA SAO CRISTOVAO,BREJO DA GUABIRABA,"RUA CASSITERITA, 395-A",-7.99371049,-34.93556881
5,398,1643,5_1643,ESCOLA SAO CRISTOVAO,BREJO DA GUABIRABA,"RUA CASSITERITA, 395-A",-7.99371049,-34.93556881
5,399,1643,5_1643,ESCOLA SAO CRISTOVAO,BREJO DA GUABIRABA,"RUA CASSITERITA, 395-A",-7.99371049,-34.93556881
5,400,1643,5_1643,ESCOLA SAO CRISTOVAO,BREJO DA GUABIRABA,"RUA CASSITERITA, 395-A",-7.99371049,-34.93556881
5,401,1651,5_1651,CENTRO DE EDUCAÇÃO DA UFPE,CIDADE UNIVERSITARIA,"AV. ACADÊMICO HÉLIO RAMOS, S/N",-8.04876065,-34.95326951
5,402,1651,5_1651,CENTRO DE EDUCAÇÃO DA UFPE,CIDADE UNIVERSITARIA,"AV. ACADÊMICO HÉLIO RAMOS, S/N",-8.04876065,-34.95326951
5,403,1651,5_1651,CENTRO DE EDUCAÇÃO DA UFPE,CIDADE UNIVERSITARIA,"AV. ACADÊMICO HÉLIO RAMOS, S/N",-8.04876065,-34.95326951
5,404,1651,5_1651,CENTRO DE EDUCAÇÃO DA UFPE,CIDADE UNIVERSITARIA,"AV. ACADÊMICO HÉLIO RAMOS, S/N",-8.04876065,-34.95326951
5,405,1651,5_1651,CENTRO DE EDUCAÇÃO DA UFPE,CIDADE UNIVERSITARIA,"AV. ACADÊMICO HÉLIO RAMOS, S/N",-8.04876065,-34.95326951
5,406,1651,5_1651,CENTRO DE EDUCAÇÃO DA UFPE,CIDADE UNIVERSITARIA,"AV. ACADÊMICO HÉLIO RAMOS, S/N",-8.04876065,-34.95326951
5,407,1651,5_1651,CENTRO DE EDUCAÇÃO DA UFPE,CIDADE UNIVERSITARIA,"AV. ACADÊMICO HÉLIO RAMOS, S/N",-8.04876065,-34.95326951
5,408,1651,5_1651,CENTRO DE EDUCAÇÃO DA UFPE,CIDADE UNIVERSITARIA,"AV. ACADÊMICO HÉLIO RAMOS, S/N",-8.04876065,-34.95326951
5,409,1660,5_1660,CENTRO DE CIÊNCIAS SOCIAIS APLICADAS - CCSA - UFPE,CIDADE UNIVERSITARIA,"AV. DOS ECONOMISTAS, S/N",-8.04848665,-34.95092189
5,410,1660,5_1660,CENTRO DE CIÊNCIAS SOCIAIS APLICADAS - CCSA - UFPE,CIDADE UNIVERSITARIA,"AV. DOS ECONOMISTAS, S/N",-8.04848665,-34.95092189
5,411,1660,5_1660,CENTRO DE CIÊNCIAS SOCIAIS APLICADAS - CCSA - UFPE,CIDADE UNIVERSITARIA,"AV. DOS ECONOMISTAS, S/N",-8.04848665,-34.95092189
5,412,1660,5_1660,CENTRO DE CIÊNCIAS SOCIAIS APLICADAS - CCSA - UFPE,CIDADE UNIVERSITARIA,"AV. DOS ECONOMISTAS, S/N",-8.04848665,-34.95092189
5,413,1660,5_1660,CENTRO DE CIÊNCIAS SOCIAIS APLICADAS - CCSA - UFPE,CIDADE UNIVERSITARIA,"AV. DOS ECONOMISTAS, S/N",-8.04848665,-34.95092189
5,414,1660,5_1660,CENTRO DE CIÊNCIAS SOCIAIS APLICADAS - CCSA - UFPE,CIDADE UNIVERSITARIA,"AV. DOS ECONOMISTAS, S/N",-8.04848665,-34.95092189
5,415,1660,5_1660,CENTRO DE CIÊNCIAS SOCIAIS APLICADAS - CCSA - UFPE,CIDADE UNIVERSITARIA,"AV. DOS ECONOMISTAS, S/N",-8.04848665,-34.95092189
5,416,1660,5_1660,CENTRO DE CIÊNCIAS SOCIAIS APLICADAS - CCSA - UFPE,CIDADE UNIVERSITARIA,"AV. DOS ECONOMISTAS, S/N",-8.04848665,-34.95092189
5,417,1660,5_1660,CENTRO DE CIÊNCIAS SOCIAIS APLICADAS - CCSA - UFPE,CIDADE UNIVERSITARIA,"AV. DOS ECONOMISTAS, S/N",-8.04848665,-34.95092189
5,418,1660,5_1660,CENTRO DE CIÊNCIAS SOCIAIS APLICADAS - CCSA - UFPE,CIDADE UNIVERSITARIA,"AV. DOS ECONOMISTAS, S/N",-8.04848665,-34.95092189
5,419,1660,5_1660,CENTRO DE CIÊNCIAS SOCIAIS APLICADAS - CCSA - UFPE,CIDADE UNIVERSITARIA,"AV. DOS ECONOMISTAS, S/N",-8.04848665,-34.95092189
5,420,1660,5_1660,CENTRO DE CIÊNCIAS SOCIAIS APLICADAS - CCSA - UFPE,CIDADE UNIVERSITARIA,"AV. DOS ECONOMISTAS, S/N",-8.04848665,-34.95092189
5,421,1660,5_1660,CENTRO DE CIÊNCIAS SOCIAIS APLICADAS - CCSA - UFPE,CIDADE UNIVERSITARIA,"AV. DOS ECONOMISTAS, S/N",-8.04848665,-34.95092189
5,422,1660,5_1660,CENTRO DE CIÊNCIAS SOCIAIS APLICADAS - CCSA - UFPE,CIDADE UNIVERSITARIA,"AV. DOS ECONOMISTAS, S/N",-8.04848665,-34.95092189
5,529,1660,5_1660,CENTRO DE CIÊNCIAS SOCIAIS APLICADAS - CCSA - UFPE,CIDADE UNIVERSITARIA,"AV. DOS ECONOMISTAS, S/N",-8.04848665,-34.95092189
5,423,1678,5_1678,ESCOLA MUNICIPAL DA GUABIRABA,BREJO DA GUABIRABA,"RUA CASSITERITA, 395-B",-7.99353798,-34.93525553
5,424,1678,5_1678,ESCOLA MUNICIPAL DA GUABIRABA,BREJO DA GUABIRABA,"RUA CASSITERITA, 395-B",-7.99353798,-34.93525553
5,425,1678,5_1678,ESCOLA MUNICIPAL DA GUABIRABA,BREJO DA GUABIRABA,"RUA CASSITERITA, 395-B",-7.99353798,-34.93525553
5,426,1678,5_1678,ESCOLA MUNICIPAL DA GUABIRABA,BREJO DA GUABIRABA,"RUA CASSITERITA, 395-B",-7.99353798,-34.93525553
5,427,1678,5_1678,ESCOLA MUNICIPAL DA GUABIRABA,BREJO DA GUABIRABA,"RUA CASSITERITA, 395-B",-7.99353798,-34.93525553
5,428,1686,5_1686,CENTRO DE ATIVIDADES DOMÉSTICAS - CAD (PRÓX IGREJA DA VÁRZEA),VARZEA,"RUA FRANCISCO LACERDA, 440",-8.05072622,-34.95859656
5,429,1686,5_1686,CENTRO DE ATIVIDADES DOMÉSTICAS - CAD (PRÓX IGREJA DA VÁRZEA),VARZEA,"RUA FRANCISCO LACERDA, 440",-8.05072622,-34.95859656
5,430,1686,5_1686,CENTRO DE ATIVIDADES DOMÉSTICAS - CAD (PRÓX IGREJA DA VÁRZEA),VARZEA,"RUA FRANCISCO LACERDA, 440",-8.05072622,-34.95859656
5,431,1686,5_1686,CENTRO DE ATIVIDADES DOMÉSTICAS - CAD (PRÓX IGREJA DA VÁRZEA),VARZEA,"RUA FRANCISCO LACERDA, 440",-8.05072622,-34.95859656
5,432,1686,5_1686,CENTRO DE ATIVIDADES DOMÉSTICAS - CAD (PRÓX IGREJA DA VÁRZEA),VARZEA,"RUA FRANCISCO LACERDA, 440",-8.05072622,-34.95859656
5,433,1686,5_1686,CENTRO DE ATIVIDADES DOMÉSTICAS - CAD (PRÓX IGREJA DA VÁRZEA),VARZEA,"RUA FRANCISCO LACERDA, 440",-8.05072622,-34.95859656
5,434,1694,5_1694,ESCOLA ESTADUAL PROFESSOR CÂNDIDO DUARTE,VARZEA,"PRAÇA PINTO DAMASIO, S/N",-8.04790164,-34.95903161
5,435,1694,5_1694,ESCOLA ESTADUAL PROFESSOR CÂNDIDO DUARTE,VARZEA,"PRAÇA PINTO DAMASIO, S/N",-8.04790164,-34.95903161
5,436,1694,5_1694,ESCOLA ESTADUAL PROFESSOR CÂNDIDO DUARTE,VARZEA,"PRAÇA PINTO DAMASIO, S/N",-8.04790164,-34.95903161
5,518,1694,5_1694,ESCOLA ESTADUAL PROFESSOR CÂNDIDO DUARTE,VARZEA,"PRAÇA PINTO DAMASIO, S/N",-8.04790164,-34.95903161
5,526,1694,5_1694,ESCOLA ESTADUAL PROFESSOR CÂNDIDO DUARTE,VARZEA,"PRAÇA PINTO DAMASIO, S/N",-8.04790164,-34.95903161
5,437,1708,5_1708,INSTITUTO SANTA MARIA MAZZARELLO - I,VARZEA,"AV. AFONSO OLINDENSE, 1553",-8.04464218,-34.95898251
5,438,1708,5_1708,INSTITUTO SANTA MARIA MAZZARELLO - I,VARZEA,"AV. AFONSO OLINDENSE, 1553",-8.04464218,-34.95898251
5,439,1708,5_1708,INSTITUTO SANTA MARIA MAZZARELLO - I,VARZEA,"AV. AFONSO OLINDENSE, 1553",-8.04464218,-34.95898251
5,440,1708,5_1708,INSTITUTO SANTA MARIA MAZZARELLO - I,VARZEA,"AV. AFONSO OLINDENSE, 1553",-8.04464218,-34.95898251
5,441,1708,5_1708,INSTITUTO SANTA MARIA MAZZARELLO - I,VARZEA,"AV. AFONSO OLINDENSE, 1553",-8.04464218,-34.95898251
5,442,1708,5_1708,INSTITUTO SANTA MARIA MAZZARELLO - I,VARZEA,"AV. AFONSO OLINDENSE, 1553",-8.04464218,-34.95898251
5,443,1708,5_1708,INSTITUTO SANTA MARIA MAZZARELLO - I,VARZEA,"AV. AFONSO OLINDENSE, 1553",-8.04464218,-34.95898251
5,444,1708,5_1708,INSTITUTO SANTA MARIA MAZZARELLO - I,VARZEA,"AV. AFONSO OLINDENSE, 1553",-8.04464218,-34.95898251
5,445,1708,5_1708,INSTITUTO SANTA MARIA MAZZARELLO - I,VARZEA,"AV. AFONSO OLINDENSE, 1553",-8.04464218,-34.95898251
5,446,1708,5_1708,INSTITUTO SANTA MARIA MAZZARELLO - I,VARZEA,"AV. AFONSO OLINDENSE, 1553",-8.04464218,-34.95898251
5,447,1708,5_1708,INSTITUTO SANTA MARIA MAZZARELLO - I,VARZEA,"AV. AFONSO OLINDENSE, 1553",-8.04464218,-34.95898251
5,448,1708,5_1708,INSTITUTO SANTA MARIA MAZZARELLO - I,VARZEA,"AV. AFONSO OLINDENSE, 1553",-8.04464218,-34.95898251
5,449,1708,5_1708,INSTITUTO SANTA MARIA MAZZARELLO - I,VARZEA,"AV. AFONSO OLINDENSE, 1553",-8.04464218,-34.95898251
5,450,1708,5_1708,INSTITUTO SANTA MARIA MAZZARELLO - I,VARZEA,"AV. AFONSO OLINDENSE, 1553",-8.04464218,-34.95898251
5,451,1708,5_1708,INSTITUTO SANTA MARIA MAZZARELLO - I,VARZEA,"AV. AFONSO OLINDENSE, 1553",-8.04464218,-34.95898251
5,452,1716,5_1716,INSTITUTO SANTA MARIA MAZZARELLO - II,VARZEA,"AV. AFONSO OLINDENSE, 1667",-8.04545336,-34.95929206
5,453,1716,5_1716,INSTITUTO SANTA MARIA MAZZARELLO - II,VARZEA,"AV. AFONSO OLINDENSE, 1667",-8.04545336,-34.95929206
5,454,1716,5_1716,INSTITUTO SANTA MARIA MAZZARELLO - II,VARZEA,"AV. AFONSO OLINDENSE, 1667",-8.04545336,-34.95929206
5,455,1716,5_1716,INSTITUTO SANTA MARIA MAZZARELLO - II,VARZEA,"AV. AFONSO OLINDENSE, 1667",-8.04545336,-34.95929206
5,456,1716,5_1716,INSTITUTO SANTA MARIA MAZZARELLO - II,VARZEA,"AV. AFONSO OLINDENSE, 1667",-8.04545336,-34.95929206
5,457,1716,5_1716,INSTITUTO SANTA MARIA MAZZARELLO - II,VARZEA,"AV. AFONSO OLINDENSE, 1667",-8.04545336,-34.95929206
5,458,1716,5_1716,INSTITUTO SANTA MARIA MAZZARELLO - II,VARZEA,"AV. AFONSO OLINDENSE, 1667",-8.04545336,-34.95929206
5,459,1716,5_1716,INSTITUTO SANTA MARIA MAZZARELLO - II,VARZEA,"AV. AFONSO OLINDENSE, 1667",-8.04545336,-34.95929206
5,460,1716,5_1716,INSTITUTO SANTA MARIA MAZZARELLO - II,VARZEA,"AV. AFONSO OLINDENSE, 1667",-8.04545336,-34.95929206
5,461,1716,5_1716,INSTITUTO SANTA MARIA MAZZARELLO - II,VARZEA,"AV. AFONSO OLINDENSE, 1667",-8.04545336,-34.95929206
5,462,1716,5_1716,INSTITUTO SANTA MARIA MAZZARELLO - II,VARZEA,"AV. AFONSO OLINDENSE, 1667",-8.04545336,-34.95929206
5,463,1716,5_1716,INSTITUTO SANTA MARIA MAZZARELLO - II,VARZEA,"AV. AFONSO OLINDENSE, 1667",-8.04545336,-34.95929206
5,464,1724,5_1724,LAR FABIANO DE CRISTO - CAPEMISA,VARZEA,"AVENIDA AFONSO OLINDENSE, 1946",-8.0479103,-34.9596494
5,465,1724,5_1724,LAR FABIANO DE CRISTO - CAPEMISA,VARZEA,"AVENIDA AFONSO OLINDENSE, 1946",-8.0479103,-34.9596494
5,466,1724,5_1724,LAR FABIANO DE CRISTO - CAPEMISA,VARZEA,"AVENIDA AFONSO OLINDENSE, 1946",-8.0479103,-34.9596494
5,467,1724,5_1724,LAR FABIANO DE CRISTO - CAPEMISA,VARZEA,"AVENIDA AFONSO OLINDENSE, 1946",-8.0479103,-34.9596494
5,468,1724,5_1724,LAR FABIANO DE CRISTO - CAPEMISA,VARZEA,"AVENIDA AFONSO OLINDENSE, 1946",-8.0479103,-34.9596494
5,469,1724,5_1724,LAR FABIANO DE CRISTO - CAPEMISA,VARZEA,"AVENIDA AFONSO OLINDENSE, 1946",-8.0479103,-34.9596494
5,470,1724,5_1724,LAR FABIANO DE CRISTO - CAPEMISA,VARZEA,"AVENIDA AFONSO OLINDENSE, 1946",-8.0479103,-34.9596494
5,471,1724,5_1724,LAR FABIANO DE CRISTO - CAPEMISA,VARZEA,"AVENIDA AFONSO OLINDENSE, 1946",-8.0479103,-34.9596494
5,472,1724,5_1724,LAR FABIANO DE CRISTO - CAPEMISA,VARZEA,"AVENIDA AFONSO OLINDENSE, 1946",-8.0479103,-34.9596494
5,473,1724,5_1724,LAR FABIANO DE CRISTO - CAPEMISA,VARZEA,"AVENIDA AFONSO OLINDENSE, 1946",-8.0479103,-34.9596494
5,474,1724,5_1724,LAR FABIANO DE CRISTO - CAPEMISA,VARZEA,"AVENIDA AFONSO OLINDENSE, 1946",-8.0479103,-34.9596494
5,475,1724,5_1724,LAR FABIANO DE CRISTO - CAPEMISA,VARZEA,"AVENIDA AFONSO OLINDENSE, 1946",-8.0479103,-34.9596494
5,476,1724,5_1724,LAR FABIANO DE CRISTO - CAPEMISA,VARZEA,"AVENIDA AFONSO OLINDENSE, 1946",-8.0479103,-34.9596494
5,477,1724,5_1724,LAR FABIANO DE CRISTO - CAPEMISA,VARZEA,"AVENIDA AFONSO OLINDENSE, 1946",-8.0479103,-34.9596494
5,478,1732,5_1732,COLÉGIO DE APLICAÇÃO - UFPE,CIDADE UNIVERSITARIA,"AV. DA ARQUITETURA, S/N",-8.0486929,-34.9531511
5,479,1732,5_1732,COLÉGIO DE APLICAÇÃO - UFPE,CIDADE UNIVERSITARIA,"AV. DA ARQUITETURA, S/N",-8.0486929,-34.9531511
5,480,1732,5_1732,COLÉGIO DE APLICAÇÃO - UFPE,CIDADE UNIVERSITARIA,"AV. DA ARQUITETURA, S/N",-8.0486929,-34.9531511
5,481,1732,5_1732,COLÉGIO DE APLICAÇÃO - UFPE,CIDADE UNIVERSITARIA,"AV. DA ARQUITETURA, S/N",-8.0486929,-34.9531511
5,482,1732,5_1732,COLÉGIO DE APLICAÇÃO - UFPE,CIDADE UNIVERSITARIA,"AV. DA ARQUITETURA, S/N",-8.0486929,-34.9531511
5,483,1732,5_1732,COLÉGIO DE APLICAÇÃO - UFPE,CIDADE UNIVERSITARIA,"AV. DA ARQUITETURA, S/N",-8.0486929,-34.9531511
5,484,1732,5_1732,COLÉGIO DE APLICAÇÃO - UFPE,CIDADE UNIVERSITARIA,"AV. DA ARQUITETURA, S/N",-8.0486929,-34.9531511
5,485,1732,5_1732,COLÉGIO DE APLICAÇÃO - UFPE,CIDADE UNIVERSITARIA,"AV. DA ARQUITETURA, S/N",-8.0486929,-34.9531511
5,486,1732,5_1732,COLÉGIO DE APLICAÇÃO - UFPE,CIDADE UNIVERSITARIA,"AV. DA ARQUITETURA, S/N",-8.0486929,-34.9531511
5,487,1732,5_1732,COLÉGIO DE APLICAÇÃO - UFPE,CIDADE UNIVERSITARIA,"AV. DA ARQUITETURA, S/N",-8.0486929,-34.9531511
5,488,1732,5_1732,COLÉGIO DE APLICAÇÃO - UFPE,CIDADE UNIVERSITARIA,"AV. DA ARQUITETURA, S/N",-8.0486929,-34.9531511
5,489,1740,5_1740,CRECHE MUNICIPAL FLOR DO BAIRRO DA GUABIRABA,BREJO DA GUABIRABA,"RUA CASSITERITA, S/N",-7.99314895,-34.93613745
5,490,1740,5_1740,CRECHE MUNICIPAL FLOR DO BAIRRO DA GUABIRABA,BREJO DA GUABIRABA,"RUA CASSITERITA, S/N",-7.99314895,-34.93613745
5,491,1740,5_1740,CRECHE MUNICIPAL FLOR DO BAIRRO DA GUABIRABA,BREJO DA GUABIRABA,"RUA CASSITERITA, S/N",-7.99314895,-34.93613745
5,513,1740,5_1740,CRECHE MUNICIPAL FLOR DO BAIRRO DA GUABIRABA,BREJO DA GUABIRABA,"RUA CASSITERITA, S/N",-7.99314895,-34.93613745
5,514,1740,5_1740,CRECHE MUNICIPAL FLOR DO BAIRRO DA GUABIRABA,BREJO DA GUABIRABA,"RUA CASSITERITA, S/N",-7.99314895,-34.93613745
5,492,1759,5_1759,ESCOLA TOME GIBSON,BREJO DA GUABIRABA,"AV. VEREADOR OTACILIO DE AZEVEDO, S/N",-7.99211047,-34.93544565
5,493,1759,5_1759,ESCOLA TOME GIBSON,BREJO DA GUABIRABA,"AV. VEREADOR OTACILIO DE AZEVEDO, S/N",-7.99211047,-34.93544565
5,494,1759,5_1759,ESCOLA TOME GIBSON,BREJO DA GUABIRABA,"AV. VEREADOR OTACILIO DE AZEVEDO, S/N",-7.99211047,-34.93544565
5,495,1759,5_1759,ESCOLA TOME GIBSON,BREJO DA GUABIRABA,"AV. VEREADOR OTACILIO DE AZEVEDO, S/N",-7.99211047,-34.93544565
5,496,1759,5_1759,ESCOLA TOME GIBSON,BREJO DA GUABIRABA,"AV. VEREADOR OTACILIO DE AZEVEDO, S/N",-7.99211047,-34.93544565
5,497,1759,5_1759,ESCOLA TOME GIBSON,BREJO DA GUABIRABA,"AV. VEREADOR OTACILIO DE AZEVEDO, S/N",-7.99211047,-34.93544565
5,498,1759,5_1759,ESCOLA TOME GIBSON,BREJO DA GUABIRABA,"AV. VEREADOR OTACILIO DE AZEVEDO, S/N",-7.99211047,-34.93544565
5,499,1759,5_1759,ESCOLA TOME GIBSON,BREJO DA GUABIRABA,"AV. VEREADOR OTACILIO DE AZEVEDO, S/N",-7.99211047,-34.93544565
5,500,1759,5_1759,ESCOLA TOME GIBSON,BREJO DA GUABIRABA,"AV. VEREADOR OTACILIO DE AZEVEDO, S/N",-7.99211047,-34.93544565
5,501,1759,5_1759,ESCOLA TOME GIBSON,BREJO DA GUABIRABA,"AV. VEREADOR OTACILIO DE AZEVEDO, S/N",-7.99211047,-34.93544565
5,502,1767,5_1767,ESCOLA MUNICIPAL PROFESSOR JOÃO FRANCISCO DE SOUZA,VARZEA,"RUA EXPEDICIONÁRIO JORGE DA COSTA LIMA, 31",-8.037081,-34.97336074
5,503,1767,5_1767,ESCOLA MUNICIPAL PROFESSOR JOÃO FRANCISCO DE SOUZA,VARZEA,"RUA EXPEDICIONÁRIO JORGE DA COSTA LIMA, 31",-8.037081,-34.97336074
5,504,1767,5_1767,ESCOLA MUNICIPAL PROFESSOR JOÃO FRANCISCO DE SOUZA,VARZEA,"RUA EXPEDICIONÁRIO JORGE DA COSTA LIMA, 31",-8.037081,-34.97336074
5,505,1767,5_1767,ESCOLA MUNICIPAL PROFESSOR JOÃO FRANCISCO DE SOUZA,VARZEA,"RUA EXPEDICIONÁRIO JORGE DA COSTA LIMA, 31",-8.037081,-34.97336074
5,506,1767,5_1767,ESCOLA MUNICIPAL PROFESSOR JOÃO FRANCISCO DE SOUZA,VARZEA,"RUA EXPEDICIONÁRIO JORGE DA COSTA LIMA, 31",-8.037081,-34.97336074
5,507,1767,5_1767,ESCOLA MUNICIPAL PROFESSOR JOÃO FRANCISCO DE SOUZA,VARZEA,"RUA EXPEDICIONÁRIO JORGE DA COSTA LIMA, 31",-8.037081,-34.97336074
5,525,1767,5_1767,ESCOLA MUNICIPAL PROFESSOR JOÃO FRANCISCO DE SOUZA,VARZEA,"RUA EXPEDICIONÁRIO JORGE DA COSTA LIMA, 31",-8.037081,-34.97336074
5,21,1783,5_1783,CENTRO DE CIÊNCIAS SOCIAIS APLICADAS - UFPE - VOTO EM TRÂNSITO,CIDADE UNIVERSITARIA,"AV. DOS ECONOMISTAS, S/N",-8.04902741,-34.95098851
5,22,1783,5_1783,CENTRO DE CIÊNCIAS SOCIAIS APLICADAS - UFPE - VOTO EM TRÂNSITO,CIDADE UNIVERSITARIA,"AV. DOS ECONOMISTAS, S/N",-8.04902741,-34.95098851
5,509,1783,5_1783,CENTRO DE CIÊNCIAS SOCIAIS APLICADAS - UFPE - VOTO EM TRÂNSITO,CIDADE UNIVERSITARIA,"AV. DOS ECONOMISTAS, S/N",-8.04902741,-34.95098851
5,516,1783,5_1783,CENTRO DE CIÊNCIAS SOCIAIS APLICADAS - UFPE - VOTO EM TRÂNSITO,CIDADE UNIVERSITARIA,"AV. DOS ECONOMISTAS, S/N",-8.04902741,-34.95098851
5,517,1783,5_1783,CENTRO DE CIÊNCIAS SOCIAIS APLICADAS - UFPE - VOTO EM TRÂNSITO,CIDADE UNIVERSITARIA,"AV. DOS ECONOMISTAS, S/N",-8.04902741,-34.95098851
5,62,1805,5_1805,ESCOLA SUNNY PLACE SCHOOL,POCO,"RUA DO CHACON, 300",-8.0399974,-34.9201665
5,63,1805,5_1805,ESCOLA SUNNY PLACE SCHOOL,POCO,"RUA DO CHACON, 300",-8.0399974,-34.9201665
5,64,1805,5_1805,ESCOLA SUNNY PLACE SCHOOL,POCO,"RUA DO CHACON, 300",-8.0399974,-34.9201665
5,137,1805,5_1805,ESCOLA SUNNY PLACE SCHOOL,POCO,"RUA DO CHACON, 300",-8.0399974,-34.9201665
5,520,1805,5_1805,ESCOLA SUNNY PLACE SCHOOL,POCO,"RUA DO CHACON, 300",-8.0399974,-34.9201665
5,522,1813,5_1813,ESCOLA MUNICIPAL ALTO DA GUABIRABA,BREJO DA GUABIRABA,"RUA PRES. COSTA E SILVA, 250",-7.991901,-34.9334445
5,521,1821,5_1821,ESCOLA MUNICIPAL PEDRO ALCÂNTARA (PRÓX ERUNDINA),CORREGO DO JENIPAPO,"RUA TRÊS MORROS, 950",-8.0026311,-34.9376778
5,30,1830,5_1830,COLÉGIO ASM (ANTIGO SAGRADA FAMÍLIA),CASA FORTE,"PRAÇA DE CASA FORTE, 52",-8.032995,-34.9188788
5,31,1830,5_1830,COLÉGIO ASM (ANTIGO SAGRADA FAMÍLIA),CASA FORTE,"PRAÇA DE CASA FORTE, 52",-8.032995,-34.9188788
5,32,1830,5_1830,COLÉGIO ASM (ANTIGO SAGRADA FAMÍLIA),CASA FORTE,"PRAÇA DE CASA FORTE, 52",-8.032995,-34.9188788
5,33,1830,5_1830,COLÉGIO ASM (ANTIGO SAGRADA FAMÍLIA),CASA FORTE,"PRAÇA DE CASA FORTE, 52",-8.032995,-34.9188788
5,34,1830,5_1830,COLÉGIO ASM (ANTIGO SAGRADA FAMÍLIA),CASA FORTE,"PRAÇA DE CASA FORTE, 52",-8.032995,-34.9188788
5,35,1830,5_1830,COLÉGIO ASM (ANTIGO SAGRADA FAMÍLIA),CASA FORTE,"PRAÇA DE CASA FORTE, 52",-8.032995,-34.9188788
5,36,1830,5_1830,COLÉGIO ASM (ANTIGO SAGRADA FAMÍLIA),CASA FORTE,"PRAÇA DE CASA FORTE, 52",-8.032995,-34.9188788
5,527,1864,5_1864,ESCOLA MUNICIPAL NOVA MORADA,CAXANGA,"RUA DEP. JOSÉ FRANCISCO DE MELO CAVALCANTE, 409, NOVA MORADA",-8.0259757,-34.9524379
5,530,1864,5_1864,ESCOLA MUNICIPAL NOVA MORADA,CAXANGA,"RUA DEP. JOSÉ FRANCISCO DE MELO CAVALCANTE, 409, NOVA MORADA",-8.0259757,-34.9524379
6,8,1023,6_1023,COLEGIO SANTA CATARINA,TAMARINEIRA,"ESTRADA DO ARRAIAL, 2740",-8.0304454,-34.9075277
6,9,1023,6_1023,COLEGIO SANTA CATARINA,TAMARINEIRA,"ESTRADA DO ARRAIAL, 2740",-8.0304454,-34.9075277
6,10,1023,6_1023,COLEGIO SANTA CATARINA,TAMARINEIRA,"ESTRADA DO ARRAIAL, 2740",-8.0304454,-34.9075277
6,11,1023,6_1023,COLEGIO SANTA CATARINA,TAMARINEIRA,"ESTRADA DO ARRAIAL, 2740",-8.0304454,-34.9075277
6,12,1023,6_1023,COLEGIO SANTA CATARINA,TAMARINEIRA,"ESTRADA DO ARRAIAL, 2740",-8.0304454,-34.9075277
6,13,1023,6_1023,COLEGIO SANTA CATARINA,TAMARINEIRA,"ESTRADA DO ARRAIAL, 2740",-8.0304454,-34.9075277
6,14,1023,6_1023,COLEGIO SANTA CATARINA,TAMARINEIRA,"ESTRADA DO ARRAIAL, 2740",-8.0304454,-34.9075277
6,15,1023,6_1023,COLEGIO SANTA CATARINA,TAMARINEIRA,"ESTRADA DO ARRAIAL, 2740",-8.0304454,-34.9075277
6,16,1023,6_1023,COLEGIO SANTA CATARINA,TAMARINEIRA,"ESTRADA DO ARRAIAL, 2740",-8.0304454,-34.9075277
6,17,1023,6_1023,COLEGIO SANTA CATARINA,TAMARINEIRA,"ESTRADA DO ARRAIAL, 2740",-8.0304454,-34.9075277
6,18,1023,6_1023,COLEGIO SANTA CATARINA,TAMARINEIRA,"ESTRADA DO ARRAIAL, 2740",-8.0304454,-34.9075277
6,19,1023,6_1023,COLEGIO SANTA CATARINA,TAMARINEIRA,"ESTRADA DO ARRAIAL, 2740",-8.0304454,-34.9075277
6,20,1023,6_1023,COLEGIO SANTA CATARINA,TAMARINEIRA,"ESTRADA DO ARRAIAL, 2740",-8.0304454,-34.9075277
6,21,1023,6_1023,COLEGIO SANTA CATARINA,TAMARINEIRA,"ESTRADA DO ARRAIAL, 2740",-8.0304454,-34.9075277
6,22,1031,6_1031,ESCOLA ESTADUAL AGEU MAGALHAES,CASA AMARELA,"ESTRADA DO ARRAIAL, 3208",-8.028025,-34.9104788
6,23,1031,6_1031,ESCOLA ESTADUAL AGEU MAGALHAES,CASA AMARELA,"ESTRADA DO ARRAIAL, 3208",-8.028025,-34.9104788
6,24,1031,6_1031,ESCOLA ESTADUAL AGEU MAGALHAES,CASA AMARELA,"ESTRADA DO ARRAIAL, 3208",-8.028025,-34.9104788
6,25,1031,6_1031,ESCOLA ESTADUAL AGEU MAGALHAES,CASA AMARELA,"ESTRADA DO ARRAIAL, 3208",-8.028025,-34.9104788
6,26,1031,6_1031,ESCOLA ESTADUAL AGEU MAGALHAES,CASA AMARELA,"ESTRADA DO ARRAIAL, 3208",-8.028025,-34.9104788
6,27,1031,6_1031,ESCOLA ESTADUAL AGEU MAGALHAES,CASA AMARELA,"ESTRADA DO ARRAIAL, 3208",-8.028025,-34.9104788
6,226,1031,6_1031,ESCOLA ESTADUAL AGEU MAGALHAES,CASA AMARELA,"ESTRADA DO ARRAIAL, 3208",-8.028025,-34.9104788
6,227,1031,6_1031,ESCOLA ESTADUAL AGEU MAGALHAES,CASA AMARELA,"ESTRADA DO ARRAIAL, 3208",-8.028025,-34.9104788
6,228,1031,6_1031,ESCOLA ESTADUAL AGEU MAGALHAES,CASA AMARELA,"ESTRADA DO ARRAIAL, 3208",-8.028025,-34.9104788
6,28,1040,6_1040,ESCOLA ESTADUAL DOM BOSCO,CASA AMARELA,"ESTRADA DO ARRAIAL, 3208",-8.028214,-34.9107212
6,29,1040,6_1040,ESCOLA ESTADUAL DOM BOSCO,CASA AMARELA,"ESTRADA DO ARRAIAL, 3208",-8.028214,-34.9107212
6,30,1040,6_1040,ESCOLA ESTADUAL DOM BOSCO,CASA AMARELA,"ESTRADA DO ARRAIAL, 3208",-8.028214,-34.9107212
6,31,1040,6_1040,ESCOLA ESTADUAL DOM BOSCO,CASA AMARELA,"ESTRADA DO ARRAIAL, 3208",-8.028214,-34.9107212
6,32,1040,6_1040,ESCOLA ESTADUAL DOM BOSCO,CASA AMARELA,"ESTRADA DO ARRAIAL, 3208",-8.028214,-34.9107212
6,33,1040,6_1040,ESCOLA ESTADUAL DOM BOSCO,CASA AMARELA,"ESTRADA DO ARRAIAL, 3208",-8.028214,-34.9107212
6,34,1040,6_1040,ESCOLA ESTADUAL DOM BOSCO,CASA AMARELA,"ESTRADA DO ARRAIAL, 3208",-8.028214,-34.9107212
6,35,1040,6_1040,ESCOLA ESTADUAL DOM BOSCO,CASA AMARELA,"ESTRADA DO ARRAIAL, 3208",-8.028214,-34.9107212
6,36,1040,6_1040,ESCOLA ESTADUAL DOM BOSCO,CASA AMARELA,"ESTRADA DO ARRAIAL, 3208",-8.028214,-34.9107212
6,37,1040,6_1040,ESCOLA ESTADUAL DOM BOSCO,CASA AMARELA,"ESTRADA DO ARRAIAL, 3208",-8.028214,-34.9107212
6,38,1040,6_1040,ESCOLA ESTADUAL DOM BOSCO,CASA AMARELA,"ESTRADA DO ARRAIAL, 3208",-8.028214,-34.9107212
6,39,1040,6_1040,ESCOLA ESTADUAL DOM BOSCO,CASA AMARELA,"ESTRADA DO ARRAIAL, 3208",-8.028214,-34.9107212
6,40,1058,6_1058,ESCOLA ESTADUAL MATIAS DE ALBUQUERQUE,CASA AMARELA,"RUA FERNANDO DE SOUSA CAETE, SN",-8.0238447,-34.9134947
6,41,1058,6_1058,ESCOLA ESTADUAL MATIAS DE ALBUQUERQUE,CASA AMARELA,"RUA FERNANDO DE SOUSA CAETE, SN",-8.0238447,-34.9134947
6,42,1058,6_1058,ESCOLA ESTADUAL MATIAS DE ALBUQUERQUE,CASA AMARELA,"RUA FERNANDO DE SOUSA CAETE, SN",-8.0238447,-34.9134947
6,43,1058,6_1058,ESCOLA ESTADUAL MATIAS DE ALBUQUERQUE,CASA AMARELA,"RUA FERNANDO DE SOUSA CAETE, SN",-8.0238447,-34.9134947
6,44,1058,6_1058,ESCOLA ESTADUAL MATIAS DE ALBUQUERQUE,CASA AMARELA,"RUA FERNANDO DE SOUSA CAETE, SN",-8.0238447,-34.9134947
6,45,1058,6_1058,ESCOLA ESTADUAL MATIAS DE ALBUQUERQUE,CASA AMARELA,"RUA FERNANDO DE SOUSA CAETE, SN",-8.0238447,-34.9134947
6,46,1066,6_1066,ESCOLA GOV. CARLOS DE LIMA CAVALCANTI,CASA AMARELA,"RUA DES MOTA JUNIOR, 120",-8.0263212,-34.9108286
6,47,1066,6_1066,ESCOLA GOV. CARLOS DE LIMA CAVALCANTI,CASA AMARELA,"RUA DES MOTA JUNIOR, 120",-8.0263212,-34.9108286
6,48,1066,6_1066,ESCOLA GOV. CARLOS DE LIMA CAVALCANTI,CASA AMARELA,"RUA DES MOTA JUNIOR, 120",-8.0263212,-34.9108286
6,49,1066,6_1066,ESCOLA GOV. CARLOS DE LIMA CAVALCANTI,CASA AMARELA,"RUA DES MOTA JUNIOR, 120",-8.0263212,-34.9108286
6,50,1066,6_1066,ESCOLA GOV. CARLOS DE LIMA CAVALCANTI,CASA AMARELA,"RUA DES MOTA JUNIOR, 120",-8.0263212,-34.9108286
6,51,1066,6_1066,ESCOLA GOV. CARLOS DE LIMA CAVALCANTI,CASA AMARELA,"RUA DES MOTA JUNIOR, 120",-8.0263212,-34.9108286
6,52,1066,6_1066,ESCOLA GOV. CARLOS DE LIMA CAVALCANTI,CASA AMARELA,"RUA DES MOTA JUNIOR, 120",-8.0263212,-34.9108286
6,53,1066,6_1066,ESCOLA GOV. CARLOS DE LIMA CAVALCANTI,CASA AMARELA,"RUA DES MOTA JUNIOR, 120",-8.0263212,-34.9108286
6,54,1066,6_1066,ESCOLA GOV. CARLOS DE LIMA CAVALCANTI,CASA AMARELA,"RUA DES MOTA JUNIOR, 120",-8.0263212,-34.9108286
6,55,1066,6_1066,ESCOLA GOV. CARLOS DE LIMA CAVALCANTI,CASA AMARELA,"RUA DES MOTA JUNIOR, 120",-8.0263212,-34.9108286
6,56,1066,6_1066,ESCOLA GOV. CARLOS DE LIMA CAVALCANTI,CASA AMARELA,"RUA DES MOTA JUNIOR, 120",-8.0263212,-34.9108286
6,57,1066,6_1066,ESCOLA GOV. CARLOS DE LIMA CAVALCANTI,CASA AMARELA,"RUA DES MOTA JUNIOR, 120",-8.0263212,-34.9108286
6,284,1066,6_1066,ESCOLA GOV. CARLOS DE LIMA CAVALCANTI,CASA AMARELA,"RUA DES MOTA JUNIOR, 120",-8.0263212,-34.9108286
6,303,1066,6_1066,ESCOLA GOV. CARLOS DE LIMA CAVALCANTI,CASA AMARELA,"RUA DES MOTA JUNIOR, 120",-8.0263212,-34.9108286
6,307,1066,6_1066,ESCOLA GOV. CARLOS DE LIMA CAVALCANTI,CASA AMARELA,"RUA DES MOTA JUNIOR, 120",-8.0263212,-34.9108286
6,64,1082,6_1082,ESCOLA PADRE MACHADO,CASA AMARELA,"RUA NEREU GUERRA, 92",-8.0260547,-34.9135129
6,65,1082,6_1082,ESCOLA PADRE MACHADO,CASA AMARELA,"RUA NEREU GUERRA, 92",-8.0260547,-34.9135129
6,66,1082,6_1082,ESCOLA PADRE MACHADO,CASA AMARELA,"RUA NEREU GUERRA, 92",-8.0260547,-34.9135129
6,67,1082,6_1082,ESCOLA PADRE MACHADO,CASA AMARELA,"RUA NEREU GUERRA, 92",-8.0260547,-34.9135129
6,68,1082,6_1082,ESCOLA PADRE MACHADO,CASA AMARELA,"RUA NEREU GUERRA, 92",-8.0260547,-34.9135129
6,69,1082,6_1082,ESCOLA PADRE MACHADO,CASA AMARELA,"RUA NEREU GUERRA, 92",-8.0260547,-34.9135129
6,70,1082,6_1082,ESCOLA PADRE MACHADO,CASA AMARELA,"RUA NEREU GUERRA, 92",-8.0260547,-34.9135129
6,71,1082,6_1082,ESCOLA PADRE MACHADO,CASA AMARELA,"RUA NEREU GUERRA, 92",-8.0260547,-34.9135129
6,221,1082,6_1082,ESCOLA PADRE MACHADO,CASA AMARELA,"RUA NEREU GUERRA, 92",-8.0260547,-34.9135129
6,279,1082,6_1082,ESCOLA PADRE MACHADO,CASA AMARELA,"RUA NEREU GUERRA, 92",-8.0260547,-34.9135129
6,301,1082,6_1082,ESCOLA PADRE MACHADO,CASA AMARELA,"RUA NEREU GUERRA, 92",-8.0260547,-34.9135129
6,319,1082,6_1082,ESCOLA PADRE MACHADO,CASA AMARELA,"RUA NEREU GUERRA, 92",-8.0260547,-34.9135129
6,322,1082,6_1082,ESCOLA PADRE MACHADO,CASA AMARELA,"RUA NEREU GUERRA, 92",-8.0260547,-34.9135129
6,325,1082,6_1082,ESCOLA PADRE MACHADO,CASA AMARELA,"RUA NEREU GUERRA, 92",-8.0260547,-34.9135129
6,337,1082,6_1082,ESCOLA PADRE MACHADO,CASA AMARELA,"RUA NEREU GUERRA, 92",-8.0260547,-34.9135129
6,111,1120,6_1120,ESCOLA ESTADUAL CLOTILDE DE OLIVEIRA,NOVA DESCOBERTA,"AV NORTE, 6760",-8.0199265,-34.9258204
6,112,1120,6_1120,ESCOLA ESTADUAL CLOTILDE DE OLIVEIRA,NOVA DESCOBERTA,"AV NORTE, 6760",-8.0199265,-34.9258204
6,113,1120,6_1120,ESCOLA ESTADUAL CLOTILDE DE OLIVEIRA,NOVA DESCOBERTA,"AV NORTE, 6760",-8.0199265,-34.9258204
6,114,1120,6_1120,ESCOLA ESTADUAL CLOTILDE DE OLIVEIRA,NOVA DESCOBERTA,"AV NORTE, 6760",-8.0199265,-34.9258204
6,115,1120,6_1120,ESCOLA ESTADUAL CLOTILDE DE OLIVEIRA,NOVA DESCOBERTA,"AV NORTE, 6760",-8.0199265,-34.9258204
6,116,1120,6_1120,ESCOLA ESTADUAL CLOTILDE DE OLIVEIRA,NOVA DESCOBERTA,"AV NORTE, 6760",-8.0199265,-34.9258204
6,117,1120,6_1120,ESCOLA ESTADUAL CLOTILDE DE OLIVEIRA,NOVA DESCOBERTA,"AV NORTE, 6760",-8.0199265,-34.9258204
6,118,1120,6_1120,ESCOLA ESTADUAL CLOTILDE DE OLIVEIRA,NOVA DESCOBERTA,"AV NORTE, 6760",-8.0199265,-34.9258204
6,119,1120,6_1120,ESCOLA ESTADUAL CLOTILDE DE OLIVEIRA,NOVA DESCOBERTA,"AV NORTE, 6760",-8.0199265,-34.9258204
6,120,1120,6_1120,ESCOLA ESTADUAL CLOTILDE DE OLIVEIRA,NOVA DESCOBERTA,"AV NORTE, 6760",-8.0199265,-34.9258204
6,121,1120,6_1120,ESCOLA ESTADUAL CLOTILDE DE OLIVEIRA,NOVA DESCOBERTA,"AV NORTE, 6760",-8.0199265,-34.9258204
6,257,1147,6_1147,ESCOLA DE PRIMEIRO GRAU ADERBAL GALVAO,VASCO DA GAMA,"RUA VASCO DA GAMA, SN",-8.0173273,-34.921496
6,262,1147,6_1147,ESCOLA DE PRIMEIRO GRAU ADERBAL GALVAO,VASCO DA GAMA,"RUA VASCO DA GAMA, SN",-8.0173273,-34.921496
6,270,1147,6_1147,ESCOLA DE PRIMEIRO GRAU ADERBAL GALVAO,VASCO DA GAMA,"RUA VASCO DA GAMA, SN",-8.0173273,-34.921496
6,315,1147,6_1147,ESCOLA DE PRIMEIRO GRAU ADERBAL GALVAO,VASCO DA GAMA,"RUA VASCO DA GAMA, SN",-8.0173273,-34.921496
6,321,1147,6_1147,ESCOLA DE PRIMEIRO GRAU ADERBAL GALVAO,VASCO DA GAMA,"RUA VASCO DA GAMA, SN",-8.0173273,-34.921496
6,148,1155,6_1155,ESCOLA MUNICIPAL PROF ALMERINDA UMBELINO DE BARROS,VASCO DA GAMA,RUA VASCO DA GAMA SN,-8.0100494,-34.9209206
6,149,1155,6_1155,ESCOLA MUNICIPAL PROF ALMERINDA UMBELINO DE BARROS,VASCO DA GAMA,RUA VASCO DA GAMA SN,-8.0100494,-34.9209206
6,150,1155,6_1155,ESCOLA MUNICIPAL PROF ALMERINDA UMBELINO DE BARROS,VASCO DA GAMA,RUA VASCO DA GAMA SN,-8.0100494,-34.9209206
6,151,1155,6_1155,ESCOLA MUNICIPAL PROF ALMERINDA UMBELINO DE BARROS,VASCO DA GAMA,RUA VASCO DA GAMA SN,-8.0100494,-34.9209206
6,152,1155,6_1155,ESCOLA MUNICIPAL PROF ALMERINDA UMBELINO DE BARROS,VASCO DA GAMA,RUA VASCO DA GAMA SN,-8.0100494,-34.9209206
6,153,1155,6_1155,ESCOLA MUNICIPAL PROF ALMERINDA UMBELINO DE BARROS,VASCO DA GAMA,RUA VASCO DA GAMA SN,-8.0100494,-34.9209206
6,154,1155,6_1155,ESCOLA MUNICIPAL PROF ALMERINDA UMBELINO DE BARROS,VASCO DA GAMA,RUA VASCO DA GAMA SN,-8.0100494,-34.9209206
6,155,1155,6_1155,ESCOLA MUNICIPAL PROF ALMERINDA UMBELINO DE BARROS,VASCO DA GAMA,RUA VASCO DA GAMA SN,-8.0100494,-34.9209206
6,156,1155,6_1155,ESCOLA MUNICIPAL PROF ALMERINDA UMBELINO DE BARROS,VASCO DA GAMA,RUA VASCO DA GAMA SN,-8.0100494,-34.9209206
6,157,1155,6_1155,ESCOLA MUNICIPAL PROF ALMERINDA UMBELINO DE BARROS,VASCO DA GAMA,RUA VASCO DA GAMA SN,-8.0100494,-34.9209206
6,158,1155,6_1155,ESCOLA MUNICIPAL PROF ALMERINDA UMBELINO DE BARROS,VASCO DA GAMA,RUA VASCO DA GAMA SN,-8.0100494,-34.9209206
6,159,1163,6_1163,SESI,VASCO DA GAMA,"RUA VASCO DA GAMA, SN",-8.0189622,-34.9213001
6,160,1163,6_1163,SESI,VASCO DA GAMA,"RUA VASCO DA GAMA, SN",-8.0189622,-34.9213001
6,161,1163,6_1163,SESI,VASCO DA GAMA,"RUA VASCO DA GAMA, SN",-8.0189622,-34.9213001
6,162,1163,6_1163,SESI,VASCO DA GAMA,"RUA VASCO DA GAMA, SN",-8.0189622,-34.9213001
6,163,1163,6_1163,SESI,VASCO DA GAMA,"RUA VASCO DA GAMA, SN",-8.0189622,-34.9213001
6,164,1163,6_1163,SESI,VASCO DA GAMA,"RUA VASCO DA GAMA, SN",-8.0189622,-34.9213001
6,165,1163,6_1163,SESI,VASCO DA GAMA,"RUA VASCO DA GAMA, SN",-8.0189622,-34.9213001
6,166,1163,6_1163,SESI,VASCO DA GAMA,"RUA VASCO DA GAMA, SN",-8.0189622,-34.9213001
6,167,1163,6_1163,SESI,VASCO DA GAMA,"RUA VASCO DA GAMA, SN",-8.0189622,-34.9213001
6,168,1163,6_1163,SESI,VASCO DA GAMA,"RUA VASCO DA GAMA, SN",-8.0189622,-34.9213001
6,169,1163,6_1163,SESI,VASCO DA GAMA,"RUA VASCO DA GAMA, SN",-8.0189622,-34.9213001
6,170,1163,6_1163,SESI,VASCO DA GAMA,"RUA VASCO DA GAMA, SN",-8.0189622,-34.9213001
6,171,1163,6_1163,SESI,VASCO DA GAMA,"RUA VASCO DA GAMA, SN",-8.0189622,-34.9213001
6,172,1163,6_1163,SESI,VASCO DA GAMA,"RUA VASCO DA GAMA, SN",-8.0189622,-34.9213001
6,173,1210,6_1210,ESCOLA REUNIDA PADRE JOAO BARBOSA,MORRO DA CONCEICAO,"PRACA DO MORRO DA CONCEICAO, S/N",-8.0189771,-34.9160131
6,174,1210,6_1210,ESCOLA REUNIDA PADRE JOAO BARBOSA,MORRO DA CONCEICAO,"PRACA DO MORRO DA CONCEICAO, S/N",-8.0189771,-34.9160131
6,175,1210,6_1210,ESCOLA REUNIDA PADRE JOAO BARBOSA,MORRO DA CONCEICAO,"PRACA DO MORRO DA CONCEICAO, S/N",-8.0189771,-34.9160131
6,239,1210,6_1210,ESCOLA REUNIDA PADRE JOAO BARBOSA,MORRO DA CONCEICAO,"PRACA DO MORRO DA CONCEICAO, S/N",-8.0189771,-34.9160131
6,203,1341,6_1341,ESCOLA TREZE DE MAIO - GILBERTO FREIRE,VASCO DA GAMA,"RUA TREZE DE MAIO, SN",-8.0127213,-34.9231998
6,204,1341,6_1341,ESCOLA TREZE DE MAIO - GILBERTO FREIRE,VASCO DA GAMA,"RUA TREZE DE MAIO, SN",-8.0127213,-34.9231998
6,205,1341,6_1341,ESCOLA TREZE DE MAIO - GILBERTO FREIRE,VASCO DA GAMA,"RUA TREZE DE MAIO, SN",-8.0127213,-34.9231998
6,206,1341,6_1341,ESCOLA TREZE DE MAIO - GILBERTO FREIRE,VASCO DA GAMA,"RUA TREZE DE MAIO, SN",-8.0127213,-34.9231998
6,207,1341,6_1341,ESCOLA TREZE DE MAIO - GILBERTO FREIRE,VASCO DA GAMA,"RUA TREZE DE MAIO, SN",-8.0127213,-34.9231998
6,208,1341,6_1341,ESCOLA TREZE DE MAIO - GILBERTO FREIRE,VASCO DA GAMA,"RUA TREZE DE MAIO, SN",-8.0127213,-34.9231998
6,209,1341,6_1341,ESCOLA TREZE DE MAIO - GILBERTO FREIRE,VASCO DA GAMA,"RUA TREZE DE MAIO, SN",-8.0127213,-34.9231998
6,210,1341,6_1341,ESCOLA TREZE DE MAIO - GILBERTO FREIRE,VASCO DA GAMA,"RUA TREZE DE MAIO, SN",-8.0127213,-34.9231998
6,211,1341,6_1341,ESCOLA TREZE DE MAIO - GILBERTO FREIRE,VASCO DA GAMA,"RUA TREZE DE MAIO, SN",-8.0127213,-34.9231998
6,259,1368,6_1368,ASSOC. EVANG. LUTERANA DE EDUC. ESPECIAL,CASA AMARELA,"RUA DES. MOTA JUNIOR, 59",-8.0260939,-34.911044
6,263,1368,6_1368,ASSOC. EVANG. LUTERANA DE EDUC. ESPECIAL,CASA AMARELA,"RUA DES. MOTA JUNIOR, 59",-8.0260939,-34.911044
6,313,1406,6_1406,ESCOLA PROFISSIONALIZANTE DOM BOSCO,CASA AMARELA,"ESTRADA DO ARRAIAL, 2900",-8.0293758,-34.9084521
6,323,1406,6_1406,ESCOLA PROFISSIONALIZANTE DOM BOSCO,CASA AMARELA,"ESTRADA DO ARRAIAL, 2900",-8.0293758,-34.9084521
6,328,1406,6_1406,ESCOLA PROFISSIONALIZANTE DOM BOSCO,CASA AMARELA,"ESTRADA DO ARRAIAL, 2900",-8.0293758,-34.9084521
6,333,1406,6_1406,ESCOLA PROFISSIONALIZANTE DOM BOSCO,CASA AMARELA,"ESTRADA DO ARRAIAL, 2900",-8.0293758,-34.9084521
6,330,1465,6_1465,ESCOLA MUNICIPAL ROZEMAR DE MACEDO LIMA,MORRO DA CONCEICAO,"AV. NORTE, 5400",-8.0230309,-34.9133875
6,331,1465,6_1465,ESCOLA MUNICIPAL ROZEMAR DE MACEDO LIMA,MORRO DA CONCEICAO,"AV. NORTE, 5400",-8.0230309,-34.9133875
6,341,1465,6_1465,ESCOLA MUNICIPAL ROZEMAR DE MACEDO LIMA,MORRO DA CONCEICAO,"AV. NORTE, 5400",-8.0230309,-34.9133875
6,353,1465,6_1465,ESCOLA MUNICIPAL ROZEMAR DE MACEDO LIMA,MORRO DA CONCEICAO,"AV. NORTE, 5400",-8.0230309,-34.9133875
6,355,1465,6_1465,ESCOLA MUNICIPAL ROZEMAR DE MACEDO LIMA,MORRO DA CONCEICAO,"AV. NORTE, 5400",-8.0230309,-34.9133875
6,124,1511,6_1511,ESCOLA MUNICIPAL SANTA MARIA GORETTI,VASCO DA GAMA,"RUA SANTA MARIA GORETTI, 300",-8.0112391,-34.9182972
6,125,1511,6_1511,ESCOLA MUNICIPAL SANTA MARIA GORETTI,VASCO DA GAMA,"RUA SANTA MARIA GORETTI, 300",-8.0112391,-34.9182972
6,241,1511,6_1511,ESCOLA MUNICIPAL SANTA MARIA GORETTI,VASCO DA GAMA,"RUA SANTA MARIA GORETTI, 300",-8.0112391,-34.9182972
6,255,1511,6_1511,ESCOLA MUNICIPAL SANTA MARIA GORETTI,VASCO DA GAMA,"RUA SANTA MARIA GORETTI, 300",-8.0112391,-34.9182972
6,356,1511,6_1511,ESCOLA MUNICIPAL SANTA MARIA GORETTI,VASCO DA GAMA,"RUA SANTA MARIA GORETTI, 300",-8.0112391,-34.9182972
6,360,1511,6_1511,ESCOLA MUNICIPAL SANTA MARIA GORETTI,VASCO DA GAMA,"RUA SANTA MARIA GORETTI, 300",-8.0112391,-34.9182972
6,312,1520,6_1520,ESCOLA MUNICIPAL CHICO SCIENCE,VASCO DA GAMA,"RUA CATIGUÁ, 112",-8.0129886,-34.920726
6,316,1520,6_1520,ESCOLA MUNICIPAL CHICO SCIENCE,VASCO DA GAMA,"RUA CATIGUÁ, 112",-8.0129886,-34.920726
6,326,1520,6_1520,ESCOLA MUNICIPAL CHICO SCIENCE,VASCO DA GAMA,"RUA CATIGUÁ, 112",-8.0129886,-34.920726
6,363,1520,6_1520,ESCOLA MUNICIPAL CHICO SCIENCE,VASCO DA GAMA,"RUA CATIGUÁ, 112",-8.0129886,-34.920726
6,364,1554,6_1554,ESCOLA MARIA AMÁLIA,MACAXEIRA,"AVENIDA NORTE, 7750",-8.013778,-34.9313705
6,365,1554,6_1554,ESCOLA MARIA AMÁLIA,MACAXEIRA,"AVENIDA NORTE, 7750",-8.013778,-34.9313705
6,366,1554,6_1554,ESCOLA MARIA AMÁLIA,MACAXEIRA,"AVENIDA NORTE, 7750",-8.013778,-34.9313705
6,367,1554,6_1554,ESCOLA MARIA AMÁLIA,MACAXEIRA,"AVENIDA NORTE, 7750",-8.013778,-34.9313705
6,368,1554,6_1554,ESCOLA MARIA AMÁLIA,MACAXEIRA,"AVENIDA NORTE, 7750",-8.013778,-34.9313705
6,479,1554,6_1554,ESCOLA MARIA AMÁLIA,MACAXEIRA,"AVENIDA NORTE, 7750",-8.013778,-34.9313705
6,369,1562,6_1562,ESCOLA CORONEL OTHON,MACAXEIRA,"RUA IDA, S/N",-8.0159375,-34.9283457
6,370,1562,6_1562,ESCOLA CORONEL OTHON,MACAXEIRA,"RUA IDA, S/N",-8.0159375,-34.9283457
6,371,1562,6_1562,ESCOLA CORONEL OTHON,MACAXEIRA,"RUA IDA, S/N",-8.0159375,-34.9283457
6,372,1562,6_1562,ESCOLA CORONEL OTHON,MACAXEIRA,"RUA IDA, S/N",-8.0159375,-34.9283457
6,373,1562,6_1562,ESCOLA CORONEL OTHON,MACAXEIRA,"RUA IDA, S/N",-8.0159375,-34.9283457
6,374,1562,6_1562,ESCOLA CORONEL OTHON,MACAXEIRA,"RUA IDA, S/N",-8.0159375,-34.9283457
6,375,1562,6_1562,ESCOLA CORONEL OTHON,MACAXEIRA,"RUA IDA, S/N",-8.0159375,-34.9283457
6,376,1562,6_1562,ESCOLA CORONEL OTHON,MACAXEIRA,"RUA IDA, S/N",-8.0159375,-34.9283457
6,377,1562,6_1562,ESCOLA CORONEL OTHON,MACAXEIRA,"RUA IDA, S/N",-8.0159375,-34.9283457
6,378,1562,6_1562,ESCOLA CORONEL OTHON,MACAXEIRA,"RUA IDA, S/N",-8.0159375,-34.9283457
6,379,1562,6_1562,ESCOLA CORONEL OTHON,MACAXEIRA,"RUA IDA, S/N",-8.0159375,-34.9283457
6,380,1562,6_1562,ESCOLA CORONEL OTHON,MACAXEIRA,"RUA IDA, S/N",-8.0159375,-34.9283457
6,381,1562,6_1562,ESCOLA CORONEL OTHON,MACAXEIRA,"RUA IDA, S/N",-8.0159375,-34.9283457
6,390,1589,6_1589,ESCOLA ROTARY DE NOVA DESCOBERTA,BREJO DE BEBERIBE,"AVENIDA VER. OTACILIO DE AZEVEDO, S/N",-7.9990845,-34.9238316
6,391,1589,6_1589,ESCOLA ROTARY DE NOVA DESCOBERTA,BREJO DE BEBERIBE,"AVENIDA VER. OTACILIO DE AZEVEDO, S/N",-7.9990845,-34.9238316
6,392,1589,6_1589,ESCOLA ROTARY DE NOVA DESCOBERTA,BREJO DE BEBERIBE,"AVENIDA VER. OTACILIO DE AZEVEDO, S/N",-7.9990845,-34.9238316
6,393,1589,6_1589,ESCOLA ROTARY DE NOVA DESCOBERTA,BREJO DE BEBERIBE,"AVENIDA VER. OTACILIO DE AZEVEDO, S/N",-7.9990845,-34.9238316
6,394,1589,6_1589,ESCOLA ROTARY DE NOVA DESCOBERTA,BREJO DE BEBERIBE,"AVENIDA VER. OTACILIO DE AZEVEDO, S/N",-7.9990845,-34.9238316
6,395,1589,6_1589,ESCOLA ROTARY DE NOVA DESCOBERTA,BREJO DE BEBERIBE,"AVENIDA VER. OTACILIO DE AZEVEDO, S/N",-7.9990845,-34.9238316
6,396,1589,6_1589,ESCOLA ROTARY DE NOVA DESCOBERTA,BREJO DE BEBERIBE,"AVENIDA VER. OTACILIO DE AZEVEDO, S/N",-7.9990845,-34.9238316
6,397,1589,6_1589,ESCOLA ROTARY DE NOVA DESCOBERTA,BREJO DE BEBERIBE,"AVENIDA VER. OTACILIO DE AZEVEDO, S/N",-7.9990845,-34.9238316
6,398,1589,6_1589,ESCOLA ROTARY DE NOVA DESCOBERTA,BREJO DE BEBERIBE,"AVENIDA VER. OTACILIO DE AZEVEDO, S/N",-7.9990845,-34.9238316
6,399,1589,6_1589,ESCOLA ROTARY DE NOVA DESCOBERTA,BREJO DE BEBERIBE,"AVENIDA VER. OTACILIO DE AZEVEDO, S/N",-7.9990845,-34.9238316
6,400,1589,6_1589,ESCOLA ROTARY DE NOVA DESCOBERTA,BREJO DE BEBERIBE,"AVENIDA VER. OTACILIO DE AZEVEDO, S/N",-7.9990845,-34.9238316
6,401,1597,6_1597,ESCOLA ESTADUAL ALVARO LINS,BREJO DE BEBERIBE,"AV. VER. OTACILIO DE AZEVEDO, SN",-7.9996364,-34.9228613
6,402,1597,6_1597,ESCOLA ESTADUAL ALVARO LINS,BREJO DE BEBERIBE,"AV. VER. OTACILIO DE AZEVEDO, SN",-7.9996364,-34.9228613
6,403,1597,6_1597,ESCOLA ESTADUAL ALVARO LINS,BREJO DE BEBERIBE,"AV. VER. OTACILIO DE AZEVEDO, SN",-7.9996364,-34.9228613
6,404,1597,6_1597,ESCOLA ESTADUAL ALVARO LINS,BREJO DE BEBERIBE,"AV. VER. OTACILIO DE AZEVEDO, SN",-7.9996364,-34.9228613
6,405,1597,6_1597,ESCOLA ESTADUAL ALVARO LINS,BREJO DE BEBERIBE,"AV. VER. OTACILIO DE AZEVEDO, SN",-7.9996364,-34.9228613
6,406,1597,6_1597,ESCOLA ESTADUAL ALVARO LINS,BREJO DE BEBERIBE,"AV. VER. OTACILIO DE AZEVEDO, SN",-7.9996364,-34.9228613
6,407,1597,6_1597,ESCOLA ESTADUAL ALVARO LINS,BREJO DE BEBERIBE,"AV. VER. OTACILIO DE AZEVEDO, SN",-7.9996364,-34.9228613
6,408,1597,6_1597,ESCOLA ESTADUAL ALVARO LINS,BREJO DE BEBERIBE,"AV. VER. OTACILIO DE AZEVEDO, SN",-7.9996364,-34.9228613
6,409,1597,6_1597,ESCOLA ESTADUAL ALVARO LINS,BREJO DE BEBERIBE,"AV. VER. OTACILIO DE AZEVEDO, SN",-7.9996364,-34.9228613
6,410,1597,6_1597,ESCOLA ESTADUAL ALVARO LINS,BREJO DE BEBERIBE,"AV. VER. OTACILIO DE AZEVEDO, SN",-7.9996364,-34.9228613
6,411,1597,6_1597,ESCOLA ESTADUAL ALVARO LINS,BREJO DE BEBERIBE,"AV. VER. OTACILIO DE AZEVEDO, SN",-7.9996364,-34.9228613
6,412,1597,6_1597,ESCOLA ESTADUAL ALVARO LINS,BREJO DE BEBERIBE,"AV. VER. OTACILIO DE AZEVEDO, SN",-7.9996364,-34.9228613
6,413,1597,6_1597,ESCOLA ESTADUAL ALVARO LINS,BREJO DE BEBERIBE,"AV. VER. OTACILIO DE AZEVEDO, SN",-7.9996364,-34.9228613
6,414,1597,6_1597,ESCOLA ESTADUAL ALVARO LINS,BREJO DE BEBERIBE,"AV. VER. OTACILIO DE AZEVEDO, SN",-7.9996364,-34.9228613
6,415,1597,6_1597,ESCOLA ESTADUAL ALVARO LINS,BREJO DE BEBERIBE,"AV. VER. OTACILIO DE AZEVEDO, SN",-7.9996364,-34.9228613
6,416,1597,6_1597,ESCOLA ESTADUAL ALVARO LINS,BREJO DE BEBERIBE,"AV. VER. OTACILIO DE AZEVEDO, SN",-7.9996364,-34.9228613
6,417,1597,6_1597,ESCOLA ESTADUAL ALVARO LINS,BREJO DE BEBERIBE,"AV. VER. OTACILIO DE AZEVEDO, SN",-7.9996364,-34.9228613
6,418,1597,6_1597,ESCOLA ESTADUAL ALVARO LINS,BREJO DE BEBERIBE,"AV. VER. OTACILIO DE AZEVEDO, SN",-7.9996364,-34.9228613
6,419,1597,6_1597,ESCOLA ESTADUAL ALVARO LINS,BREJO DE BEBERIBE,"AV. VER. OTACILIO DE AZEVEDO, SN",-7.9996364,-34.9228613
6,420,1600,6_1600,ESCOLA NADIR COLACO,MACAXEIRA,"RUA IDA, S/N",-8.0171853,-34.9286164
6,421,1600,6_1600,ESCOLA NADIR COLACO,MACAXEIRA,"RUA IDA, S/N",-8.0171853,-34.9286164
6,422,1600,6_1600,ESCOLA NADIR COLACO,MACAXEIRA,"RUA IDA, S/N",-8.0171853,-34.9286164
6,423,1600,6_1600,ESCOLA NADIR COLACO,MACAXEIRA,"RUA IDA, S/N",-8.0171853,-34.9286164
6,424,1600,6_1600,ESCOLA NADIR COLACO,MACAXEIRA,"RUA IDA, S/N",-8.0171853,-34.9286164
6,425,1600,6_1600,ESCOLA NADIR COLACO,MACAXEIRA,"RUA IDA, S/N",-8.0171853,-34.9286164
6,426,1600,6_1600,ESCOLA NADIR COLACO,MACAXEIRA,"RUA IDA, S/N",-8.0171853,-34.9286164
6,427,1600,6_1600,ESCOLA NADIR COLACO,MACAXEIRA,"RUA IDA, S/N",-8.0171853,-34.9286164
6,428,1600,6_1600,ESCOLA NADIR COLACO,MACAXEIRA,"RUA IDA, S/N",-8.0171853,-34.9286164
6,429,1600,6_1600,ESCOLA NADIR COLACO,MACAXEIRA,"RUA IDA, S/N",-8.0171853,-34.9286164
6,430,1600,6_1600,ESCOLA NADIR COLACO,MACAXEIRA,"RUA IDA, S/N",-8.0171853,-34.9286164
6,431,1600,6_1600,ESCOLA NADIR COLACO,MACAXEIRA,"RUA IDA, S/N",-8.0171853,-34.9286164
6,432,1600,6_1600,ESCOLA NADIR COLACO,MACAXEIRA,"RUA IDA, S/N",-8.0171853,-34.9286164
6,433,1600,6_1600,ESCOLA NADIR COLACO,MACAXEIRA,"RUA IDA, S/N",-8.0171853,-34.9286164
6,72,1619,6_1619,COLÉGIO APOIO,CASA AMARELA,"RUA CONSELHEIRO NABUCO, 44",-8.0303588,-34.9143646
6,73,1619,6_1619,COLÉGIO APOIO,CASA AMARELA,"RUA CONSELHEIRO NABUCO, 44",-8.0303588,-34.9143646
6,74,1619,6_1619,COLÉGIO APOIO,CASA AMARELA,"RUA CONSELHEIRO NABUCO, 44",-8.0303588,-34.9143646
6,235,1619,6_1619,COLÉGIO APOIO,CASA AMARELA,"RUA CONSELHEIRO NABUCO, 44",-8.0303588,-34.9143646
6,237,1619,6_1619,COLÉGIO APOIO,CASA AMARELA,"RUA CONSELHEIRO NABUCO, 44",-8.0303588,-34.9143646
6,238,1619,6_1619,COLÉGIO APOIO,CASA AMARELA,"RUA CONSELHEIRO NABUCO, 44",-8.0303588,-34.9143646
6,434,1619,6_1619,COLÉGIO APOIO,CASA AMARELA,"RUA CONSELHEIRO NABUCO, 44",-8.0303588,-34.9143646
6,435,1619,6_1619,COLÉGIO APOIO,CASA AMARELA,"RUA CONSELHEIRO NABUCO, 44",-8.0303588,-34.9143646
6,436,1619,6_1619,COLÉGIO APOIO,CASA AMARELA,"RUA CONSELHEIRO NABUCO, 44",-8.0303588,-34.9143646
6,437,1619,6_1619,COLÉGIO APOIO,CASA AMARELA,"RUA CONSELHEIRO NABUCO, 44",-8.0303588,-34.9143646
6,439,1635,6_1635,ESCOLA MUNICIPAL DE CASA AMARELA,NOVA DESCOBERTA,"CORREGO DA AREIA, 287",-8.0007059,-34.9259155
6,440,1635,6_1635,ESCOLA MUNICIPAL DE CASA AMARELA,NOVA DESCOBERTA,"CORREGO DA AREIA, 287",-8.0007059,-34.9259155
6,441,1635,6_1635,ESCOLA MUNICIPAL DE CASA AMARELA,NOVA DESCOBERTA,"CORREGO DA AREIA, 287",-8.0007059,-34.9259155
6,442,1635,6_1635,ESCOLA MUNICIPAL DE CASA AMARELA,NOVA DESCOBERTA,"CORREGO DA AREIA, 287",-8.0007059,-34.9259155
6,443,1643,6_1643,GRUPO ESCOLAR MOACIR DE ALBUQUERQUE,NOVA DESCOBERTA,RUA CORREGO DA AREIA S/N,-8.0016097,-34.925288
6,444,1643,6_1643,GRUPO ESCOLAR MOACIR DE ALBUQUERQUE,NOVA DESCOBERTA,RUA CORREGO DA AREIA S/N,-8.0016097,-34.925288
6,445,1643,6_1643,GRUPO ESCOLAR MOACIR DE ALBUQUERQUE,NOVA DESCOBERTA,RUA CORREGO DA AREIA S/N,-8.0016097,-34.925288
6,446,1643,6_1643,GRUPO ESCOLAR MOACIR DE ALBUQUERQUE,NOVA DESCOBERTA,RUA CORREGO DA AREIA S/N,-8.0016097,-34.925288
6,447,1643,6_1643,GRUPO ESCOLAR MOACIR DE ALBUQUERQUE,NOVA DESCOBERTA,RUA CORREGO DA AREIA S/N,-8.0016097,-34.925288
6,448,1651,6_1651,ESCOLA POETA JOAQUIM CARDOSO,NOVA DESCOBERTA,"RUA CORREGO DA AREIA , S/N",-8.001363,-34.9310164
6,449,1651,6_1651,ESCOLA POETA JOAQUIM CARDOSO,NOVA DESCOBERTA,"RUA CORREGO DA AREIA , S/N",-8.001363,-34.9310164
6,450,1651,6_1651,ESCOLA POETA JOAQUIM CARDOSO,NOVA DESCOBERTA,"RUA CORREGO DA AREIA , S/N",-8.001363,-34.9310164
6,459,1678,6_1678,ESCOLA MUNICIPAL ABEL GUEIROS,MACAXEIRA,"AV. NORTE, 7696",-8.0147192,-34.9313208
6,460,1678,6_1678,ESCOLA MUNICIPAL ABEL GUEIROS,MACAXEIRA,"AV. NORTE, 7696",-8.0147192,-34.9313208
6,461,1678,6_1678,ESCOLA MUNICIPAL ABEL GUEIROS,MACAXEIRA,"AV. NORTE, 7696",-8.0147192,-34.9313208
6,462,1678,6_1678,ESCOLA MUNICIPAL ABEL GUEIROS,MACAXEIRA,"AV. NORTE, 7696",-8.0147192,-34.9313208
6,463,1678,6_1678,ESCOLA MUNICIPAL ABEL GUEIROS,MACAXEIRA,"AV. NORTE, 7696",-8.0147192,-34.9313208
6,438,1686,6_1686,ESCOLA TÉCNICA ESTADUAL MIGUEL BATISTA,MACAXEIRA,"AVENIDA NORTE, 7487",-8.0142622,-34.9315337
6,464,1686,6_1686,ESCOLA TÉCNICA ESTADUAL MIGUEL BATISTA,MACAXEIRA,"AVENIDA NORTE, 7487",-8.0142622,-34.9315337
6,465,1686,6_1686,ESCOLA TÉCNICA ESTADUAL MIGUEL BATISTA,MACAXEIRA,"AVENIDA NORTE, 7487",-8.0142622,-34.9315337
6,466,1686,6_1686,ESCOLA TÉCNICA ESTADUAL MIGUEL BATISTA,MACAXEIRA,"AVENIDA NORTE, 7487",-8.0142622,-34.9315337
6,467,1686,6_1686,ESCOLA TÉCNICA ESTADUAL MIGUEL BATISTA,MACAXEIRA,"AVENIDA NORTE, 7487",-8.0142622,-34.9315337
6,478,1686,6_1686,ESCOLA TÉCNICA ESTADUAL MIGUEL BATISTA,MACAXEIRA,"AVENIDA NORTE, 7487",-8.0142622,-34.9315337
6,468,1694,6_1694,ESCOLA MUNICIPAL PROF. MAURO MOTA,NOVA DESCOBERTA,"ALTO DA BRASILEIRA, S/N",-8.000239,-34.9309263
6,469,1694,6_1694,ESCOLA MUNICIPAL PROF. MAURO MOTA,NOVA DESCOBERTA,"ALTO DA BRASILEIRA, S/N",-8.000239,-34.9309263
6,470,1694,6_1694,ESCOLA MUNICIPAL PROF. MAURO MOTA,NOVA DESCOBERTA,"ALTO DA BRASILEIRA, S/N",-8.000239,-34.9309263
6,471,1694,6_1694,ESCOLA MUNICIPAL PROF. MAURO MOTA,NOVA DESCOBERTA,"ALTO DA BRASILEIRA, S/N",-8.000239,-34.9309263
6,472,1694,6_1694,ESCOLA MUNICIPAL PROF. MAURO MOTA,NOVA DESCOBERTA,"ALTO DA BRASILEIRA, S/N",-8.000239,-34.9309263
6,473,1694,6_1694,ESCOLA MUNICIPAL PROF. MAURO MOTA,NOVA DESCOBERTA,"ALTO DA BRASILEIRA, S/N",-8.000239,-34.9309263
6,474,1694,6_1694,ESCOLA MUNICIPAL PROF. MAURO MOTA,NOVA DESCOBERTA,"ALTO DA BRASILEIRA, S/N",-8.000239,-34.9309263
6,475,1694,6_1694,ESCOLA MUNICIPAL PROF. MAURO MOTA,NOVA DESCOBERTA,"ALTO DA BRASILEIRA, S/N",-8.000239,-34.9309263
6,451,1716,6_1716,COLÉGIO REINO MÁGICO,CASA AMARELA,"ESTRADA DO ARRAIAL, 2949",-8.0290127,-34.9087953
6,452,1716,6_1716,COLÉGIO REINO MÁGICO,CASA AMARELA,"ESTRADA DO ARRAIAL, 2949",-8.0290127,-34.9087953
6,453,1716,6_1716,COLÉGIO REINO MÁGICO,CASA AMARELA,"ESTRADA DO ARRAIAL, 2949",-8.0290127,-34.9087953
6,454,1716,6_1716,COLÉGIO REINO MÁGICO,CASA AMARELA,"ESTRADA DO ARRAIAL, 2949",-8.0290127,-34.9087953
6,455,1716,6_1716,COLÉGIO REINO MÁGICO,CASA AMARELA,"ESTRADA DO ARRAIAL, 2949",-8.0290127,-34.9087953
6,456,1716,6_1716,COLÉGIO REINO MÁGICO,CASA AMARELA,"ESTRADA DO ARRAIAL, 2949",-8.0290127,-34.9087953
6,457,1716,6_1716,COLÉGIO REINO MÁGICO,CASA AMARELA,"ESTRADA DO ARRAIAL, 2949",-8.0290127,-34.9087953
6,458,1716,6_1716,COLÉGIO REINO MÁGICO,CASA AMARELA,"ESTRADA DO ARRAIAL, 2949",-8.0290127,-34.9087953
6,382,1724,6_1724,CMEI (MÉRCIA MARIA BEZERRA COSTA),BREJO DE BEBERIBE,"AV. VEREADOR OTACÍLIO DE AZEVEDO, 1030",-8.005149,-34.9154638
6,383,1724,6_1724,CMEI (MÉRCIA MARIA BEZERRA COSTA),BREJO DE BEBERIBE,"AV. VEREADOR OTACÍLIO DE AZEVEDO, 1030",-8.005149,-34.9154638
6,384,1724,6_1724,CMEI (MÉRCIA MARIA BEZERRA COSTA),BREJO DE BEBERIBE,"AV. VEREADOR OTACÍLIO DE AZEVEDO, 1030",-8.005149,-34.9154638
6,385,1724,6_1724,CMEI (MÉRCIA MARIA BEZERRA COSTA),BREJO DE BEBERIBE,"AV. VEREADOR OTACÍLIO DE AZEVEDO, 1030",-8.005149,-34.9154638
6,386,1724,6_1724,CMEI (MÉRCIA MARIA BEZERRA COSTA),BREJO DE BEBERIBE,"AV. VEREADOR OTACÍLIO DE AZEVEDO, 1030",-8.005149,-34.9154638
6,387,1724,6_1724,CMEI (MÉRCIA MARIA BEZERRA COSTA),BREJO DE BEBERIBE,"AV. VEREADOR OTACÍLIO DE AZEVEDO, 1030",-8.005149,-34.9154638
6,388,1724,6_1724,CMEI (MÉRCIA MARIA BEZERRA COSTA),BREJO DE BEBERIBE,"AV. VEREADOR OTACÍLIO DE AZEVEDO, 1030",-8.005149,-34.9154638
6,389,1724,6_1724,CMEI (MÉRCIA MARIA BEZERRA COSTA),BREJO DE BEBERIBE,"AV. VEREADOR OTACÍLIO DE AZEVEDO, 1030",-8.005149,-34.9154638
6,122,1740,6_1740,EREM POMPÉIA CAMPOS,MACAXEIRA,AV. NORTE MIGUEL DE ARRAES DE ALENCAR,-8.0149927,-34.9314343
6,123,1740,6_1740,EREM POMPÉIA CAMPOS,MACAXEIRA,AV. NORTE MIGUEL DE ARRAES DE ALENCAR,-8.0149927,-34.9314343
6,233,1740,6_1740,EREM POMPÉIA CAMPOS,MACAXEIRA,AV. NORTE MIGUEL DE ARRAES DE ALENCAR,-8.0149927,-34.9314343
6,240,1740,6_1740,EREM POMPÉIA CAMPOS,MACAXEIRA,AV. NORTE MIGUEL DE ARRAES DE ALENCAR,-8.0149927,-34.9314343
6,357,1740,6_1740,EREM POMPÉIA CAMPOS,MACAXEIRA,AV. NORTE MIGUEL DE ARRAES DE ALENCAR,-8.0149927,-34.9314343
6,201,1767,6_1767,CERVAC (CENTRO DE REABILITAÇÃO E VALORIZAÇÃO DA CRIANÇA),MORRO DA CONCEICAO,RUA MORRO DA CONCEIÇÃO,-8.0203395,-34.9130157
6,254,1767,6_1767,CERVAC (CENTRO DE REABILITAÇÃO E VALORIZAÇÃO DA CRIANÇA),MORRO DA CONCEICAO,RUA MORRO DA CONCEIÇÃO,-8.0203395,-34.9130157
6,480,1767,6_1767,CERVAC (CENTRO DE REABILITAÇÃO E VALORIZAÇÃO DA CRIANÇA),MORRO DA CONCEICAO,RUA MORRO DA CONCEIÇÃO,-8.0203395,-34.9130157
6,260,1775,6_1775,ESCOLA VILA SEZAMO,CASA AMARELA,"RUA DA HARMONIA, 566",-8.0286721,-34.9144157
6,264,1775,6_1775,ESCOLA VILA SEZAMO,CASA AMARELA,"RUA DA HARMONIA, 566",-8.0286721,-34.9144157
6,265,1775,6_1775,ESCOLA VILA SEZAMO,CASA AMARELA,"RUA DA HARMONIA, 566",-8.0286721,-34.9144157
6,304,1775,6_1775,ESCOLA VILA SEZAMO,CASA AMARELA,"RUA DA HARMONIA, 566",-8.0286721,-34.9144157
6,308,1775,6_1775,ESCOLA VILA SEZAMO,CASA AMARELA,"RUA DA HARMONIA, 566",-8.0286721,-34.9144157
6,310,1775,6_1775,ESCOLA VILA SEZAMO,CASA AMARELA,"RUA DA HARMONIA, 566",-8.0286721,-34.9144157
6,199,1783,6_1783,ESCOLA MUNICIPAL JÚLIO VICENTE ALVES DE ARAÚJO,MORRO DA CONCEICAO,"RUA MORRO DA CONCEIÇÃO, N 468",-8.0192239,-34.9149331
6,200,1783,6_1783,ESCOLA MUNICIPAL JÚLIO VICENTE ALVES DE ARAÚJO,MORRO DA CONCEICAO,"RUA MORRO DA CONCEIÇÃO, N 468",-8.0192239,-34.9149331
6,339,1791,6_1791,SECRETARIA EXECUTIVA DE COMÉRCIO POPULAR- SECPOP,CASA AMARELA,"RUA FERNANDO DE SOUZA CAETÉ, S/N",-8.0232201,-34.9149842
6,346,1791,6_1791,SECRETARIA EXECUTIVA DE COMÉRCIO POPULAR- SECPOP,CASA AMARELA,"RUA FERNANDO DE SOUZA CAETÉ, S/N",-8.0232201,-34.9149842
6,348,1791,6_1791,SECRETARIA EXECUTIVA DE COMÉRCIO POPULAR- SECPOP,CASA AMARELA,"RUA FERNANDO DE SOUZA CAETÉ, S/N",-8.0232201,-34.9149842
6,350,1791,6_1791,SECRETARIA EXECUTIVA DE COMÉRCIO POPULAR- SECPOP,CASA AMARELA,"RUA FERNANDO DE SOUZA CAETÉ, S/N",-8.0232201,-34.9149842
6,332,1805,6_1805,COLEGIO MADRE DE DEUS CAMPUS IV,CASA AMARELA,"ESTRADA DO ARRAIAL, N 3460",-8.0277057,-34.9132099
6,340,1805,6_1805,COLEGIO MADRE DE DEUS CAMPUS IV,CASA AMARELA,"ESTRADA DO ARRAIAL, N 3460",-8.0277057,-34.9132099
6,343,1805,6_1805,COLEGIO MADRE DE DEUS CAMPUS IV,CASA AMARELA,"ESTRADA DO ARRAIAL, N 3460",-8.0277057,-34.9132099
6,344,1805,6_1805,COLEGIO MADRE DE DEUS CAMPUS IV,CASA AMARELA,"ESTRADA DO ARRAIAL, N 3460",-8.0277057,-34.9132099
6,347,1805,6_1805,COLEGIO MADRE DE DEUS CAMPUS IV,CASA AMARELA,"ESTRADA DO ARRAIAL, N 3460",-8.0277057,-34.9132099
6,349,1805,6_1805,COLEGIO MADRE DE DEUS CAMPUS IV,CASA AMARELA,"ESTRADA DO ARRAIAL, N 3460",-8.0277057,-34.9132099
6,351,1805,6_1805,COLEGIO MADRE DE DEUS CAMPUS IV,CASA AMARELA,"ESTRADA DO ARRAIAL, N 3460",-8.0277057,-34.9132099
6,358,1805,6_1805,COLEGIO MADRE DE DEUS CAMPUS IV,CASA AMARELA,"ESTRADA DO ARRAIAL, N 3460",-8.0277057,-34.9132099
6,359,1805,6_1805,COLEGIO MADRE DE DEUS CAMPUS IV,CASA AMARELA,"ESTRADA DO ARRAIAL, N 3460",-8.0277057,-34.9132099
6,361,1805,6_1805,COLEGIO MADRE DE DEUS CAMPUS IV,CASA AMARELA,"ESTRADA DO ARRAIAL, N 3460",-8.0277057,-34.9132099
6,362,1805,6_1805,COLEGIO MADRE DE DEUS CAMPUS IV,CASA AMARELA,"ESTRADA DO ARRAIAL, N 3460",-8.0277057,-34.9132099
6,212,1813,6_1813,IGREJA ANGLICANA DO VASCO DA GAMA( PARÓQUIA SÃO PAULO),BREJO DE BEBERIBE,"RUA ALTO DO EUCALIPTO, N 1032",-8.0030483,-34.922085
6,213,1813,6_1813,IGREJA ANGLICANA DO VASCO DA GAMA( PARÓQUIA SÃO PAULO),BREJO DE BEBERIBE,"RUA ALTO DO EUCALIPTO, N 1032",-8.0030483,-34.922085
6,214,1813,6_1813,IGREJA ANGLICANA DO VASCO DA GAMA( PARÓQUIA SÃO PAULO),BREJO DE BEBERIBE,"RUA ALTO DO EUCALIPTO, N 1032",-8.0030483,-34.922085
6,215,1813,6_1813,IGREJA ANGLICANA DO VASCO DA GAMA( PARÓQUIA SÃO PAULO),BREJO DE BEBERIBE,"RUA ALTO DO EUCALIPTO, N 1032",-8.0030483,-34.922085
6,216,1813,6_1813,IGREJA ANGLICANA DO VASCO DA GAMA( PARÓQUIA SÃO PAULO),BREJO DE BEBERIBE,"RUA ALTO DO EUCALIPTO, N 1032",-8.0030483,-34.922085
6,236,1813,6_1813,IGREJA ANGLICANA DO VASCO DA GAMA( PARÓQUIA SÃO PAULO),BREJO DE BEBERIBE,"RUA ALTO DO EUCALIPTO, N 1032",-8.0030483,-34.922085
6,268,1813,6_1813,IGREJA ANGLICANA DO VASCO DA GAMA( PARÓQUIA SÃO PAULO),BREJO DE BEBERIBE,"RUA ALTO DO EUCALIPTO, N 1032",-8.0030483,-34.922085
6,269,1813,6_1813,IGREJA ANGLICANA DO VASCO DA GAMA( PARÓQUIA SÃO PAULO),BREJO DE BEBERIBE,"RUA ALTO DO EUCALIPTO, N 1032",-8.0030483,-34.922085
6,273,1813,6_1813,IGREJA ANGLICANA DO VASCO DA GAMA( PARÓQUIA SÃO PAULO),BREJO DE BEBERIBE,"RUA ALTO DO EUCALIPTO, N 1032",-8.0030483,-34.922085
7,1,1015,7_1015,ESCOLA MUNICIPAL DARCY RIBEIRO,CORDEIRO,"RUA ODETE MONTEIRO, N 384",-8.0458537,-34.9209122
7,2,1015,7_1015,ESCOLA MUNICIPAL DARCY RIBEIRO,CORDEIRO,"RUA ODETE MONTEIRO, N 384",-8.0458537,-34.9209122
7,3,1015,7_1015,ESCOLA MUNICIPAL DARCY RIBEIRO,CORDEIRO,"RUA ODETE MONTEIRO, N 384",-8.0458537,-34.9209122
7,4,1015,7_1015,ESCOLA MUNICIPAL DARCY RIBEIRO,CORDEIRO,"RUA ODETE MONTEIRO, N 384",-8.0458537,-34.9209122
7,5,1015,7_1015,ESCOLA MUNICIPAL DARCY RIBEIRO,CORDEIRO,"RUA ODETE MONTEIRO, N 384",-8.0458537,-34.9209122
7,6,1015,7_1015,ESCOLA MUNICIPAL DARCY RIBEIRO,CORDEIRO,"RUA ODETE MONTEIRO, N 384",-8.0458537,-34.9209122
7,7,1015,7_1015,ESCOLA MUNICIPAL DARCY RIBEIRO,CORDEIRO,"RUA ODETE MONTEIRO, N 384",-8.0458537,-34.9209122
7,8,1015,7_1015,ESCOLA MUNICIPAL DARCY RIBEIRO,CORDEIRO,"RUA ODETE MONTEIRO, N 384",-8.0458537,-34.9209122
7,22,1015,7_1015,ESCOLA MUNICIPAL DARCY RIBEIRO,CORDEIRO,"RUA ODETE MONTEIRO, N 384",-8.0458537,-34.9209122
7,23,1015,7_1015,ESCOLA MUNICIPAL DARCY RIBEIRO,CORDEIRO,"RUA ODETE MONTEIRO, N 384",-8.0458537,-34.9209122
7,29,1015,7_1015,ESCOLA MUNICIPAL DARCY RIBEIRO,CORDEIRO,"RUA ODETE MONTEIRO, N 384",-8.0458537,-34.9209122
7,48,1015,7_1015,ESCOLA MUNICIPAL DARCY RIBEIRO,CORDEIRO,"RUA ODETE MONTEIRO, N 384",-8.0458537,-34.9209122
7,49,1015,7_1015,ESCOLA MUNICIPAL DARCY RIBEIRO,CORDEIRO,"RUA ODETE MONTEIRO, N 384",-8.0458537,-34.9209122
7,52,1015,7_1015,ESCOLA MUNICIPAL DARCY RIBEIRO,CORDEIRO,"RUA ODETE MONTEIRO, N 384",-8.0458537,-34.9209122
7,53,1015,7_1015,ESCOLA MUNICIPAL DARCY RIBEIRO,CORDEIRO,"RUA ODETE MONTEIRO, N 384",-8.0458537,-34.9209122
7,54,1015,7_1015,ESCOLA MUNICIPAL DARCY RIBEIRO,CORDEIRO,"RUA ODETE MONTEIRO, N 384",-8.0458537,-34.9209122
7,28,1090,7_1090,PARQUE DE EXPOSIÇÃO DE ANIMAIS DO CORDEIRO,CORDEIRO,"RUA COSTA MAIA, 3",-8.0454531,-34.9244357
7,50,1090,7_1090,PARQUE DE EXPOSIÇÃO DE ANIMAIS DO CORDEIRO,CORDEIRO,"RUA COSTA MAIA, 3",-8.0454531,-34.9244357
7,51,1090,7_1090,PARQUE DE EXPOSIÇÃO DE ANIMAIS DO CORDEIRO,CORDEIRO,"RUA COSTA MAIA, 3",-8.0454531,-34.9244357
7,55,1090,7_1090,PARQUE DE EXPOSIÇÃO DE ANIMAIS DO CORDEIRO,CORDEIRO,"RUA COSTA MAIA, 3",-8.0454531,-34.9244357
7,56,1090,7_1090,PARQUE DE EXPOSIÇÃO DE ANIMAIS DO CORDEIRO,CORDEIRO,"RUA COSTA MAIA, 3",-8.0454531,-34.9244357
7,259,1090,7_1090,PARQUE DE EXPOSIÇÃO DE ANIMAIS DO CORDEIRO,CORDEIRO,"RUA COSTA MAIA, 3",-8.0454531,-34.9244357
7,105,1155,7_1155,ESCOLA PADRE DEHON,IPUTINGA,"AVENIDA CAXANGÁ, N 3560",-8.0412025,-34.9374333
7,106,1155,7_1155,ESCOLA PADRE DEHON,IPUTINGA,"AVENIDA CAXANGÁ, N 3560",-8.0412025,-34.9374333
7,107,1155,7_1155,ESCOLA PADRE DEHON,IPUTINGA,"AVENIDA CAXANGÁ, N 3560",-8.0412025,-34.9374333
7,108,1155,7_1155,ESCOLA PADRE DEHON,IPUTINGA,"AVENIDA CAXANGÁ, N 3560",-8.0412025,-34.9374333
7,109,1155,7_1155,ESCOLA PADRE DEHON,IPUTINGA,"AVENIDA CAXANGÁ, N 3560",-8.0412025,-34.9374333
7,110,1155,7_1155,ESCOLA PADRE DEHON,IPUTINGA,"AVENIDA CAXANGÁ, N 3560",-8.0412025,-34.9374333
7,111,1155,7_1155,ESCOLA PADRE DEHON,IPUTINGA,"AVENIDA CAXANGÁ, N 3560",-8.0412025,-34.9374333
7,112,1155,7_1155,ESCOLA PADRE DEHON,IPUTINGA,"AVENIDA CAXANGÁ, N 3560",-8.0412025,-34.9374333
7,113,1155,7_1155,ESCOLA PADRE DEHON,IPUTINGA,"AVENIDA CAXANGÁ, N 3560",-8.0412025,-34.9374333
7,114,1155,7_1155,ESCOLA PADRE DEHON,IPUTINGA,"AVENIDA CAXANGÁ, N 3560",-8.0412025,-34.9374333
7,284,1155,7_1155,ESCOLA PADRE DEHON,IPUTINGA,"AVENIDA CAXANGÁ, N 3560",-8.0412025,-34.9374333
7,290,1155,7_1155,ESCOLA PADRE DEHON,IPUTINGA,"AVENIDA CAXANGÁ, N 3560",-8.0412025,-34.9374333
7,245,1171,7_1171,ESCOLA MUNICIPAL DINÁ DE OLIVEIRA,IPUTINGA,"RUA SAO MATEUS, S/N",-8.0302023,-34.9347601
7,246,1171,7_1171,ESCOLA MUNICIPAL DINÁ DE OLIVEIRA,IPUTINGA,"RUA SAO MATEUS, S/N",-8.0302023,-34.9347601
7,250,1171,7_1171,ESCOLA MUNICIPAL DINÁ DE OLIVEIRA,IPUTINGA,"RUA SAO MATEUS, S/N",-8.0302023,-34.9347601
7,253,1171,7_1171,ESCOLA MUNICIPAL DINÁ DE OLIVEIRA,IPUTINGA,"RUA SAO MATEUS, S/N",-8.0302023,-34.9347601
7,258,1171,7_1171,ESCOLA MUNICIPAL DINÁ DE OLIVEIRA,IPUTINGA,"RUA SAO MATEUS, S/N",-8.0302023,-34.9347601
7,261,1171,7_1171,ESCOLA MUNICIPAL DINÁ DE OLIVEIRA,IPUTINGA,"RUA SAO MATEUS, S/N",-8.0302023,-34.9347601
7,273,1171,7_1171,ESCOLA MUNICIPAL DINÁ DE OLIVEIRA,IPUTINGA,"RUA SAO MATEUS, S/N",-8.0302023,-34.9347601
7,274,1171,7_1171,ESCOLA MUNICIPAL DINÁ DE OLIVEIRA,IPUTINGA,"RUA SAO MATEUS, S/N",-8.0302023,-34.9347601
7,295,1171,7_1171,ESCOLA MUNICIPAL DINÁ DE OLIVEIRA,IPUTINGA,"RUA SAO MATEUS, S/N",-8.0302023,-34.9347601
7,305,1171,7_1171,ESCOLA MUNICIPAL DINÁ DE OLIVEIRA,IPUTINGA,"RUA SAO MATEUS, S/N",-8.0302023,-34.9347601
7,311,1171,7_1171,ESCOLA MUNICIPAL DINÁ DE OLIVEIRA,IPUTINGA,"RUA SAO MATEUS, S/N",-8.0302023,-34.9347601
7,324,1171,7_1171,ESCOLA MUNICIPAL DINÁ DE OLIVEIRA,IPUTINGA,"RUA SAO MATEUS, S/N",-8.0302023,-34.9347601
7,328,1171,7_1171,ESCOLA MUNICIPAL DINÁ DE OLIVEIRA,IPUTINGA,"RUA SAO MATEUS, S/N",-8.0302023,-34.9347601
7,466,1171,7_1171,ESCOLA MUNICIPAL DINÁ DE OLIVEIRA,IPUTINGA,"RUA SAO MATEUS, S/N",-8.0302023,-34.9347601
7,469,1171,7_1171,ESCOLA MUNICIPAL DINÁ DE OLIVEIRA,IPUTINGA,"RUA SAO MATEUS, S/N",-8.0302023,-34.9347601
7,141,1210,7_1210,COLÉGIO JOAQUIM TÁVORA,MADALENA,"RUA REAL DA TORRE, S/N",-8.0554475,-34.9088954
7,142,1210,7_1210,COLÉGIO JOAQUIM TÁVORA,MADALENA,"RUA REAL DA TORRE, S/N",-8.0554475,-34.9088954
7,143,1210,7_1210,COLÉGIO JOAQUIM TÁVORA,MADALENA,"RUA REAL DA TORRE, S/N",-8.0554475,-34.9088954
7,144,1210,7_1210,COLÉGIO JOAQUIM TÁVORA,MADALENA,"RUA REAL DA TORRE, S/N",-8.0554475,-34.9088954
7,145,1210,7_1210,COLÉGIO JOAQUIM TÁVORA,MADALENA,"RUA REAL DA TORRE, S/N",-8.0554475,-34.9088954
7,146,1210,7_1210,COLÉGIO JOAQUIM TÁVORA,MADALENA,"RUA REAL DA TORRE, S/N",-8.0554475,-34.9088954
7,151,1210,7_1210,COLÉGIO JOAQUIM TÁVORA,MADALENA,"RUA REAL DA TORRE, S/N",-8.0554475,-34.9088954
7,152,1210,7_1210,COLÉGIO JOAQUIM TÁVORA,MADALENA,"RUA REAL DA TORRE, S/N",-8.0554475,-34.9088954
7,153,1210,7_1210,COLÉGIO JOAQUIM TÁVORA,MADALENA,"RUA REAL DA TORRE, S/N",-8.0554475,-34.9088954
7,199,1210,7_1210,COLÉGIO JOAQUIM TÁVORA,MADALENA,"RUA REAL DA TORRE, S/N",-8.0554475,-34.9088954
7,234,1210,7_1210,COLÉGIO JOAQUIM TÁVORA,MADALENA,"RUA REAL DA TORRE, S/N",-8.0554475,-34.9088954
7,285,1210,7_1210,COLÉGIO JOAQUIM TÁVORA,MADALENA,"RUA REAL DA TORRE, S/N",-8.0554475,-34.9088954
7,289,1210,7_1210,COLÉGIO JOAQUIM TÁVORA,MADALENA,"RUA REAL DA TORRE, S/N",-8.0554475,-34.9088954
7,135,1236,7_1236,ESCOLA POLITÉCNICA,MADALENA,"RUA BENEDITO MONTEIRO, N 50",-8.0594042,-34.9035298
7,136,1236,7_1236,ESCOLA POLITÉCNICA,MADALENA,"RUA BENEDITO MONTEIRO, N 50",-8.0594042,-34.9035298
7,137,1236,7_1236,ESCOLA POLITÉCNICA,MADALENA,"RUA BENEDITO MONTEIRO, N 50",-8.0594042,-34.9035298
7,138,1236,7_1236,ESCOLA POLITÉCNICA,MADALENA,"RUA BENEDITO MONTEIRO, N 50",-8.0594042,-34.9035298
7,139,1236,7_1236,ESCOLA POLITÉCNICA,MADALENA,"RUA BENEDITO MONTEIRO, N 50",-8.0594042,-34.9035298
7,140,1236,7_1236,ESCOLA POLITÉCNICA,MADALENA,"RUA BENEDITO MONTEIRO, N 50",-8.0594042,-34.9035298
7,147,1236,7_1236,ESCOLA POLITÉCNICA,MADALENA,"RUA BENEDITO MONTEIRO, N 50",-8.0594042,-34.9035298
7,166,1279,7_1279,ESCOLA MACIEL PINHEIRO,TORRE,"PRAÇA PROFESSOR BARRETO CAMPÊLO, S/N",-8.0470231,-34.9137193
7,167,1279,7_1279,ESCOLA MACIEL PINHEIRO,TORRE,"PRAÇA PROFESSOR BARRETO CAMPÊLO, S/N",-8.0470231,-34.9137193
7,168,1279,7_1279,ESCOLA MACIEL PINHEIRO,TORRE,"PRAÇA PROFESSOR BARRETO CAMPÊLO, S/N",-8.0470231,-34.9137193
7,198,1279,7_1279,ESCOLA MACIEL PINHEIRO,TORRE,"PRAÇA PROFESSOR BARRETO CAMPÊLO, S/N",-8.0470231,-34.9137193
7,203,1279,7_1279,ESCOLA MACIEL PINHEIRO,TORRE,"PRAÇA PROFESSOR BARRETO CAMPÊLO, S/N",-8.0470231,-34.9137193
7,264,1279,7_1279,ESCOLA MACIEL PINHEIRO,TORRE,"PRAÇA PROFESSOR BARRETO CAMPÊLO, S/N",-8.0470231,-34.9137193
7,184,1309,7_1309,COLÉGIO SOUZA LEÃO,CORDEIRO,"RUA RONDÔNIA, N 46",-8.0538358,-34.9201213
7,185,1309,7_1309,COLÉGIO SOUZA LEÃO,CORDEIRO,"RUA RONDÔNIA, N 46",-8.0538358,-34.9201213
7,186,1309,7_1309,COLÉGIO SOUZA LEÃO,CORDEIRO,"RUA RONDÔNIA, N 46",-8.0538358,-34.9201213
7,187,1309,7_1309,COLÉGIO SOUZA LEÃO,CORDEIRO,"RUA RONDÔNIA, N 46",-8.0538358,-34.9201213
7,188,1309,7_1309,COLÉGIO SOUZA LEÃO,CORDEIRO,"RUA RONDÔNIA, N 46",-8.0538358,-34.9201213
7,189,1309,7_1309,COLÉGIO SOUZA LEÃO,CORDEIRO,"RUA RONDÔNIA, N 46",-8.0538358,-34.9201213
7,190,1309,7_1309,COLÉGIO SOUZA LEÃO,CORDEIRO,"RUA RONDÔNIA, N 46",-8.0538358,-34.9201213
7,191,1309,7_1309,COLÉGIO SOUZA LEÃO,CORDEIRO,"RUA RONDÔNIA, N 46",-8.0538358,-34.9201213
7,346,1309,7_1309,COLÉGIO SOUZA LEÃO,CORDEIRO,"RUA RONDÔNIA, N 46",-8.0538358,-34.9201213
7,352,1309,7_1309,COLÉGIO SOUZA LEÃO,CORDEIRO,"RUA RONDÔNIA, N 46",-8.0538358,-34.9201213
7,20,1333,7_1333,COLÉGIO ELO (ANTIGO INSTITUTO HELENA LUBIENSKA),ZUMBI,"RUA PARAGUASSU, S/N",-8.0495211,-34.9173885
7,21,1333,7_1333,COLÉGIO ELO (ANTIGO INSTITUTO HELENA LUBIENSKA),ZUMBI,"RUA PARAGUASSU, S/N",-8.0495211,-34.9173885
7,32,1333,7_1333,COLÉGIO ELO (ANTIGO INSTITUTO HELENA LUBIENSKA),ZUMBI,"RUA PARAGUASSU, S/N",-8.0495211,-34.9173885
7,33,1333,7_1333,COLÉGIO ELO (ANTIGO INSTITUTO HELENA LUBIENSKA),ZUMBI,"RUA PARAGUASSU, S/N",-8.0495211,-34.9173885
7,34,1333,7_1333,COLÉGIO ELO (ANTIGO INSTITUTO HELENA LUBIENSKA),ZUMBI,"RUA PARAGUASSU, S/N",-8.0495211,-34.9173885
7,46,1333,7_1333,COLÉGIO ELO (ANTIGO INSTITUTO HELENA LUBIENSKA),ZUMBI,"RUA PARAGUASSU, S/N",-8.0495211,-34.9173885
7,47,1333,7_1333,COLÉGIO ELO (ANTIGO INSTITUTO HELENA LUBIENSKA),ZUMBI,"RUA PARAGUASSU, S/N",-8.0495211,-34.9173885
7,196,1333,7_1333,COLÉGIO ELO (ANTIGO INSTITUTO HELENA LUBIENSKA),ZUMBI,"RUA PARAGUASSU, S/N",-8.0495211,-34.9173885
7,201,1333,7_1333,COLÉGIO ELO (ANTIGO INSTITUTO HELENA LUBIENSKA),ZUMBI,"RUA PARAGUASSU, S/N",-8.0495211,-34.9173885
7,208,1333,7_1333,COLÉGIO ELO (ANTIGO INSTITUTO HELENA LUBIENSKA),ZUMBI,"RUA PARAGUASSU, S/N",-8.0495211,-34.9173885
7,209,1333,7_1333,COLÉGIO ELO (ANTIGO INSTITUTO HELENA LUBIENSKA),ZUMBI,"RUA PARAGUASSU, S/N",-8.0495211,-34.9173885
7,214,1333,7_1333,COLÉGIO ELO (ANTIGO INSTITUTO HELENA LUBIENSKA),ZUMBI,"RUA PARAGUASSU, S/N",-8.0495211,-34.9173885
7,222,1333,7_1333,COLÉGIO ELO (ANTIGO INSTITUTO HELENA LUBIENSKA),ZUMBI,"RUA PARAGUASSU, S/N",-8.0495211,-34.9173885
7,265,1333,7_1333,COLÉGIO ELO (ANTIGO INSTITUTO HELENA LUBIENSKA),ZUMBI,"RUA PARAGUASSU, S/N",-8.0495211,-34.9173885
7,266,1333,7_1333,COLÉGIO ELO (ANTIGO INSTITUTO HELENA LUBIENSKA),ZUMBI,"RUA PARAGUASSU, S/N",-8.0495211,-34.9173885
7,272,1333,7_1333,COLÉGIO ELO (ANTIGO INSTITUTO HELENA LUBIENSKA),ZUMBI,"RUA PARAGUASSU, S/N",-8.0495211,-34.9173885
7,102,1376,7_1376,ESCOLA JOAQUIM XAVIER DE BRITO,IPUTINGA,"RUA CORDISLÂNDIA, N 1120",-8.0418426,-34.9313749
7,103,1376,7_1376,ESCOLA JOAQUIM XAVIER DE BRITO,IPUTINGA,"RUA CORDISLÂNDIA, N 1120",-8.0418426,-34.9313749
7,104,1376,7_1376,ESCOLA JOAQUIM XAVIER DE BRITO,IPUTINGA,"RUA CORDISLÂNDIA, N 1120",-8.0418426,-34.9313749
7,192,1376,7_1376,ESCOLA JOAQUIM XAVIER DE BRITO,IPUTINGA,"RUA CORDISLÂNDIA, N 1120",-8.0418426,-34.9313749
7,197,1376,7_1376,ESCOLA JOAQUIM XAVIER DE BRITO,IPUTINGA,"RUA CORDISLÂNDIA, N 1120",-8.0418426,-34.9313749
7,206,1376,7_1376,ESCOLA JOAQUIM XAVIER DE BRITO,IPUTINGA,"RUA CORDISLÂNDIA, N 1120",-8.0418426,-34.9313749
7,221,1376,7_1376,ESCOLA JOAQUIM XAVIER DE BRITO,IPUTINGA,"RUA CORDISLÂNDIA, N 1120",-8.0418426,-34.9313749
7,293,1376,7_1376,ESCOLA JOAQUIM XAVIER DE BRITO,IPUTINGA,"RUA CORDISLÂNDIA, N 1120",-8.0418426,-34.9313749
7,299,1376,7_1376,ESCOLA JOAQUIM XAVIER DE BRITO,IPUTINGA,"RUA CORDISLÂNDIA, N 1120",-8.0418426,-34.9313749
7,288,1430,7_1430,COLÉGIO EQUIPE,MADALENA,"RUA DEMÓSTENES DE OLINDA, N 121",-8.0497111,-34.9054254
7,294,1430,7_1430,COLÉGIO EQUIPE,MADALENA,"RUA DEMÓSTENES DE OLINDA, N 121",-8.0497111,-34.9054254
7,300,1430,7_1430,COLÉGIO EQUIPE,MADALENA,"RUA DEMÓSTENES DE OLINDA, N 121",-8.0497111,-34.9054254
7,302,1430,7_1430,COLÉGIO EQUIPE,MADALENA,"RUA DEMÓSTENES DE OLINDA, N 121",-8.0497111,-34.9054254
7,310,1430,7_1430,COLÉGIO EQUIPE,MADALENA,"RUA DEMÓSTENES DE OLINDA, N 121",-8.0497111,-34.9054254
7,316,1430,7_1430,COLÉGIO EQUIPE,MADALENA,"RUA DEMÓSTENES DE OLINDA, N 121",-8.0497111,-34.9054254
7,322,1430,7_1430,COLÉGIO EQUIPE,MADALENA,"RUA DEMÓSTENES DE OLINDA, N 121",-8.0497111,-34.9054254
7,327,1430,7_1430,COLÉGIO EQUIPE,MADALENA,"RUA DEMÓSTENES DE OLINDA, N 121",-8.0497111,-34.9054254
7,347,1430,7_1430,COLÉGIO EQUIPE,MADALENA,"RUA DEMÓSTENES DE OLINDA, N 121",-8.0497111,-34.9054254
7,468,1430,7_1430,COLÉGIO EQUIPE,MADALENA,"RUA DEMÓSTENES DE OLINDA, N 121",-8.0497111,-34.9054254
7,215,1449,7_1449,ESCOLA MUNICIPAL DA IPUTINGA,IPUTINGA,"RUA CORONEL FERNANDO FURTADO, N 479",-8.041849,-34.9284749
7,216,1449,7_1449,ESCOLA MUNICIPAL DA IPUTINGA,IPUTINGA,"RUA CORONEL FERNANDO FURTADO, N 479",-8.041849,-34.9284749
7,217,1449,7_1449,ESCOLA MUNICIPAL DA IPUTINGA,IPUTINGA,"RUA CORONEL FERNANDO FURTADO, N 479",-8.041849,-34.9284749
7,218,1449,7_1449,ESCOLA MUNICIPAL DA IPUTINGA,IPUTINGA,"RUA CORONEL FERNANDO FURTADO, N 479",-8.041849,-34.9284749
7,287,1449,7_1449,ESCOLA MUNICIPAL DA IPUTINGA,IPUTINGA,"RUA CORONEL FERNANDO FURTADO, N 479",-8.041849,-34.9284749
7,297,1449,7_1449,ESCOLA MUNICIPAL DA IPUTINGA,IPUTINGA,"RUA CORONEL FERNANDO FURTADO, N 479",-8.041849,-34.9284749
7,303,1449,7_1449,ESCOLA MUNICIPAL DA IPUTINGA,IPUTINGA,"RUA CORONEL FERNANDO FURTADO, N 479",-8.041849,-34.9284749
7,309,1449,7_1449,ESCOLA MUNICIPAL DA IPUTINGA,IPUTINGA,"RUA CORONEL FERNANDO FURTADO, N 479",-8.041849,-34.9284749
7,312,1449,7_1449,ESCOLA MUNICIPAL DA IPUTINGA,IPUTINGA,"RUA CORONEL FERNANDO FURTADO, N 479",-8.041849,-34.9284749
7,317,1449,7_1449,ESCOLA MUNICIPAL DA IPUTINGA,IPUTINGA,"RUA CORONEL FERNANDO FURTADO, N 479",-8.041849,-34.9284749
7,319,1449,7_1449,ESCOLA MUNICIPAL DA IPUTINGA,IPUTINGA,"RUA CORONEL FERNANDO FURTADO, N 479",-8.041849,-34.9284749
7,467,1449,7_1449,ESCOLA MUNICIPAL DA IPUTINGA,IPUTINGA,"RUA CORONEL FERNANDO FURTADO, N 479",-8.041849,-34.9284749
7,286,1457,7_1457,ESCOLA MARTINS JÚNIOR,TORRE,"RUA PADRE JOSÉ REGUEIRA, S/N",-8.0477738,-34.9129976
7,291,1457,7_1457,ESCOLA MARTINS JÚNIOR,TORRE,"RUA PADRE JOSÉ REGUEIRA, S/N",-8.0477738,-34.9129976
7,296,1457,7_1457,ESCOLA MARTINS JÚNIOR,TORRE,"RUA PADRE JOSÉ REGUEIRA, S/N",-8.0477738,-34.9129976
7,298,1457,7_1457,ESCOLA MARTINS JÚNIOR,TORRE,"RUA PADRE JOSÉ REGUEIRA, S/N",-8.0477738,-34.9129976
7,301,1457,7_1457,ESCOLA MARTINS JÚNIOR,TORRE,"RUA PADRE JOSÉ REGUEIRA, S/N",-8.0477738,-34.9129976
7,306,1473,7_1473,CAIC/TORRE-ESCOLA CREUZA BARRETO DORNELAS CÂMARA,CORDEIRO,"RUA CANTORA CLARA NUNES, S/N",-8.0448834,-34.9170086
7,307,1473,7_1473,CAIC/TORRE-ESCOLA CREUZA BARRETO DORNELAS CÂMARA,CORDEIRO,"RUA CANTORA CLARA NUNES, S/N",-8.0448834,-34.9170086
7,315,1473,7_1473,CAIC/TORRE-ESCOLA CREUZA BARRETO DORNELAS CÂMARA,CORDEIRO,"RUA CANTORA CLARA NUNES, S/N",-8.0448834,-34.9170086
7,320,1473,7_1473,CAIC/TORRE-ESCOLA CREUZA BARRETO DORNELAS CÂMARA,CORDEIRO,"RUA CANTORA CLARA NUNES, S/N",-8.0448834,-34.9170086
7,330,1473,7_1473,CAIC/TORRE-ESCOLA CREUZA BARRETO DORNELAS CÂMARA,CORDEIRO,"RUA CANTORA CLARA NUNES, S/N",-8.0448834,-34.9170086
7,338,1473,7_1473,CAIC/TORRE-ESCOLA CREUZA BARRETO DORNELAS CÂMARA,CORDEIRO,"RUA CANTORA CLARA NUNES, S/N",-8.0448834,-34.9170086
7,366,1473,7_1473,CAIC/TORRE-ESCOLA CREUZA BARRETO DORNELAS CÂMARA,CORDEIRO,"RUA CANTORA CLARA NUNES, S/N",-8.0448834,-34.9170086
7,375,1473,7_1473,CAIC/TORRE-ESCOLA CREUZA BARRETO DORNELAS CÂMARA,CORDEIRO,"RUA CANTORA CLARA NUNES, S/N",-8.0448834,-34.9170086
7,314,1481,7_1481,ESCOLA MUNICIPAL VILA SANTA LUZIA,CORDEIRO,"RUA ELIZEU CAVALCANTI, N 52",-8.0494451,-34.9211878
7,325,1481,7_1481,ESCOLA MUNICIPAL VILA SANTA LUZIA,CORDEIRO,"RUA ELIZEU CAVALCANTI, N 52",-8.0494451,-34.9211878
7,341,1481,7_1481,ESCOLA MUNICIPAL VILA SANTA LUZIA,CORDEIRO,"RUA ELIZEU CAVALCANTI, N 52",-8.0494451,-34.9211878
7,363,1481,7_1481,ESCOLA MUNICIPAL VILA SANTA LUZIA,CORDEIRO,"RUA ELIZEU CAVALCANTI, N 52",-8.0494451,-34.9211878
7,372,1481,7_1481,ESCOLA MUNICIPAL VILA SANTA LUZIA,CORDEIRO,"RUA ELIZEU CAVALCANTI, N 52",-8.0494451,-34.9211878
7,174,1490,7_1490,CECOSNE,MADALENA,"RUA JOSÉ OSÓRIO, N 124",-8.0533,-34.9055752
7,175,1490,7_1490,CECOSNE,MADALENA,"RUA JOSÉ OSÓRIO, N 124",-8.0533,-34.9055752
7,176,1490,7_1490,CECOSNE,MADALENA,"RUA JOSÉ OSÓRIO, N 124",-8.0533,-34.9055752
7,177,1490,7_1490,CECOSNE,MADALENA,"RUA JOSÉ OSÓRIO, N 124",-8.0533,-34.9055752
7,178,1490,7_1490,CECOSNE,MADALENA,"RUA JOSÉ OSÓRIO, N 124",-8.0533,-34.9055752
7,179,1490,7_1490,CECOSNE,MADALENA,"RUA JOSÉ OSÓRIO, N 124",-8.0533,-34.9055752
7,180,1490,7_1490,CECOSNE,MADALENA,"RUA JOSÉ OSÓRIO, N 124",-8.0533,-34.9055752
7,181,1490,7_1490,CECOSNE,MADALENA,"RUA JOSÉ OSÓRIO, N 124",-8.0533,-34.9055752
7,182,1490,7_1490,CECOSNE,MADALENA,"RUA JOSÉ OSÓRIO, N 124",-8.0533,-34.9055752
7,183,1490,7_1490,CECOSNE,MADALENA,"RUA JOSÉ OSÓRIO, N 124",-8.0533,-34.9055752
7,331,1490,7_1490,CECOSNE,MADALENA,"RUA JOSÉ OSÓRIO, N 124",-8.0533,-34.9055752
7,368,1490,7_1490,CECOSNE,MADALENA,"RUA JOSÉ OSÓRIO, N 124",-8.0533,-34.9055752
7,371,1490,7_1490,CECOSNE,MADALENA,"RUA JOSÉ OSÓRIO, N 124",-8.0533,-34.9055752
7,373,1490,7_1490,CECOSNE,MADALENA,"RUA JOSÉ OSÓRIO, N 124",-8.0533,-34.9055752
7,169,1503,7_1503,FACULDADE SANTA HELENA,ZUMBI,"AV. CAXANGÁ, N 990",-8.0525165,-34.9171914
7,170,1503,7_1503,FACULDADE SANTA HELENA,ZUMBI,"AV. CAXANGÁ, N 990",-8.0525165,-34.9171914
7,171,1503,7_1503,FACULDADE SANTA HELENA,ZUMBI,"AV. CAXANGÁ, N 990",-8.0525165,-34.9171914
7,172,1503,7_1503,FACULDADE SANTA HELENA,ZUMBI,"AV. CAXANGÁ, N 990",-8.0525165,-34.9171914
7,173,1503,7_1503,FACULDADE SANTA HELENA,ZUMBI,"AV. CAXANGÁ, N 990",-8.0525165,-34.9171914
7,204,1503,7_1503,FACULDADE SANTA HELENA,ZUMBI,"AV. CAXANGÁ, N 990",-8.0525165,-34.9171914
7,213,1503,7_1503,FACULDADE SANTA HELENA,ZUMBI,"AV. CAXANGÁ, N 990",-8.0525165,-34.9171914
7,219,1503,7_1503,FACULDADE SANTA HELENA,ZUMBI,"AV. CAXANGÁ, N 990",-8.0525165,-34.9171914
7,230,1503,7_1503,FACULDADE SANTA HELENA,ZUMBI,"AV. CAXANGÁ, N 990",-8.0525165,-34.9171914
7,332,1503,7_1503,FACULDADE SANTA HELENA,ZUMBI,"AV. CAXANGÁ, N 990",-8.0525165,-34.9171914
7,374,1503,7_1503,FACULDADE SANTA HELENA,ZUMBI,"AV. CAXANGÁ, N 990",-8.0525165,-34.9171914
7,195,1511,7_1511,ESCOLA AVENTURAS DO PINÓQUIO,ZUMBI,"RUA PADRE DIAS MARTINS, N 201",-8.054917,-34.9192176
7,251,1511,7_1511,ESCOLA AVENTURAS DO PINÓQUIO,ZUMBI,"RUA PADRE DIAS MARTINS, N 201",-8.054917,-34.9192176
7,334,1511,7_1511,ESCOLA AVENTURAS DO PINÓQUIO,ZUMBI,"RUA PADRE DIAS MARTINS, N 201",-8.054917,-34.9192176
7,329,1538,7_1538,CENTRO DE FORMAÇÃO DE EDUCADORES PROFESSOR PAULO FREIRE,MADALENA,"RUA REAL DA TORRE, N 299",-8.0545608,-34.9089405
7,335,1538,7_1538,CENTRO DE FORMAÇÃO DE EDUCADORES PROFESSOR PAULO FREIRE,MADALENA,"RUA REAL DA TORRE, N 299",-8.0545608,-34.9089405
7,339,1538,7_1538,CENTRO DE FORMAÇÃO DE EDUCADORES PROFESSOR PAULO FREIRE,MADALENA,"RUA REAL DA TORRE, N 299",-8.0545608,-34.9089405
7,343,1538,7_1538,CENTRO DE FORMAÇÃO DE EDUCADORES PROFESSOR PAULO FREIRE,MADALENA,"RUA REAL DA TORRE, N 299",-8.0545608,-34.9089405
7,348,1538,7_1538,CENTRO DE FORMAÇÃO DE EDUCADORES PROFESSOR PAULO FREIRE,MADALENA,"RUA REAL DA TORRE, N 299",-8.0545608,-34.9089405
7,355,1538,7_1538,CENTRO DE FORMAÇÃO DE EDUCADORES PROFESSOR PAULO FREIRE,MADALENA,"RUA REAL DA TORRE, N 299",-8.0545608,-34.9089405
7,357,1538,7_1538,CENTRO DE FORMAÇÃO DE EDUCADORES PROFESSOR PAULO FREIRE,MADALENA,"RUA REAL DA TORRE, N 299",-8.0545608,-34.9089405
7,360,1538,7_1538,CENTRO DE FORMAÇÃO DE EDUCADORES PROFESSOR PAULO FREIRE,MADALENA,"RUA REAL DA TORRE, N 299",-8.0545608,-34.9089405
7,458,1538,7_1538,CENTRO DE FORMAÇÃO DE EDUCADORES PROFESSOR PAULO FREIRE,MADALENA,"RUA REAL DA TORRE, N 299",-8.0545608,-34.9089405
7,463,1538,7_1538,CENTRO DE FORMAÇÃO DE EDUCADORES PROFESSOR PAULO FREIRE,MADALENA,"RUA REAL DA TORRE, N 299",-8.0545608,-34.9089405
7,333,1546,7_1546,ESCOLA MUNICIPAL EBENEZER GUEIROS,IPUTINGA,"RUA DR. ALUÍSIO BALTAR, N 69",-8.0371394,-34.9330089
7,336,1546,7_1546,ESCOLA MUNICIPAL EBENEZER GUEIROS,IPUTINGA,"RUA DR. ALUÍSIO BALTAR, N 69",-8.0371394,-34.9330089
7,337,1546,7_1546,ESCOLA MUNICIPAL EBENEZER GUEIROS,IPUTINGA,"RUA DR. ALUÍSIO BALTAR, N 69",-8.0371394,-34.9330089
7,340,1546,7_1546,ESCOLA MUNICIPAL EBENEZER GUEIROS,IPUTINGA,"RUA DR. ALUÍSIO BALTAR, N 69",-8.0371394,-34.9330089
7,342,1546,7_1546,ESCOLA MUNICIPAL EBENEZER GUEIROS,IPUTINGA,"RUA DR. ALUÍSIO BALTAR, N 69",-8.0371394,-34.9330089
7,351,1546,7_1546,ESCOLA MUNICIPAL EBENEZER GUEIROS,IPUTINGA,"RUA DR. ALUÍSIO BALTAR, N 69",-8.0371394,-34.9330089
7,455,1546,7_1546,ESCOLA MUNICIPAL EBENEZER GUEIROS,IPUTINGA,"RUA DR. ALUÍSIO BALTAR, N 69",-8.0371394,-34.9330089
7,350,1554,7_1554,ESCOLA MUNICIPAL JOÃO XXIII,IPUTINGA,"ESTRADA DO CAIARA, N 350",-8.0417247,-34.9305611
7,353,1554,7_1554,ESCOLA MUNICIPAL JOÃO XXIII,IPUTINGA,"ESTRADA DO CAIARA, N 350",-8.0417247,-34.9305611
7,354,1554,7_1554,ESCOLA MUNICIPAL JOÃO XXIII,IPUTINGA,"ESTRADA DO CAIARA, N 350",-8.0417247,-34.9305611
7,356,1554,7_1554,ESCOLA MUNICIPAL JOÃO XXIII,IPUTINGA,"ESTRADA DO CAIARA, N 350",-8.0417247,-34.9305611
7,358,1554,7_1554,ESCOLA MUNICIPAL JOÃO XXIII,IPUTINGA,"ESTRADA DO CAIARA, N 350",-8.0417247,-34.9305611
7,359,1554,7_1554,ESCOLA MUNICIPAL JOÃO XXIII,IPUTINGA,"ESTRADA DO CAIARA, N 350",-8.0417247,-34.9305611
7,365,1554,7_1554,ESCOLA MUNICIPAL JOÃO XXIII,IPUTINGA,"ESTRADA DO CAIARA, N 350",-8.0417247,-34.9305611
7,369,1554,7_1554,ESCOLA MUNICIPAL JOÃO XXIII,IPUTINGA,"ESTRADA DO CAIARA, N 350",-8.0417247,-34.9305611
7,362,1562,7_1562,ESCOLA MUNICIPAL PAROQUIAL CRISTO REI,TORRE,"RUA DOM MANOEL DA COSTA, S/N",-8.0478491,-34.9125171
7,367,1562,7_1562,ESCOLA MUNICIPAL PAROQUIAL CRISTO REI,TORRE,"RUA DOM MANOEL DA COSTA, S/N",-8.0478491,-34.9125171
7,456,1562,7_1562,ESCOLA MUNICIPAL PAROQUIAL CRISTO REI,TORRE,"RUA DOM MANOEL DA COSTA, S/N",-8.0478491,-34.9125171
7,376,1570,7_1570,COLÉGIO E CURSO GGE (BENFICA),MADALENA,"RUA BENFICA, N 286/314",-8.059361,-34.9019061
7,377,1570,7_1570,COLÉGIO E CURSO GGE (BENFICA),MADALENA,"RUA BENFICA, N 286/314",-8.059361,-34.9019061
7,378,1570,7_1570,COLÉGIO E CURSO GGE (BENFICA),MADALENA,"RUA BENFICA, N 286/314",-8.059361,-34.9019061
7,379,1570,7_1570,COLÉGIO E CURSO GGE (BENFICA),MADALENA,"RUA BENFICA, N 286/314",-8.059361,-34.9019061
7,380,1570,7_1570,COLÉGIO E CURSO GGE (BENFICA),MADALENA,"RUA BENFICA, N 286/314",-8.059361,-34.9019061
7,381,1570,7_1570,COLÉGIO E CURSO GGE (BENFICA),MADALENA,"RUA BENFICA, N 286/314",-8.059361,-34.9019061
7,382,1570,7_1570,COLÉGIO E CURSO GGE (BENFICA),MADALENA,"RUA BENFICA, N 286/314",-8.059361,-34.9019061
7,383,1570,7_1570,COLÉGIO E CURSO GGE (BENFICA),MADALENA,"RUA BENFICA, N 286/314",-8.059361,-34.9019061
7,384,1570,7_1570,COLÉGIO E CURSO GGE (BENFICA),MADALENA,"RUA BENFICA, N 286/314",-8.059361,-34.9019061
7,385,1570,7_1570,COLÉGIO E CURSO GGE (BENFICA),MADALENA,"RUA BENFICA, N 286/314",-8.059361,-34.9019061
7,386,1570,7_1570,COLÉGIO E CURSO GGE (BENFICA),MADALENA,"RUA BENFICA, N 286/314",-8.059361,-34.9019061
7,387,1589,7_1589,FACULDADE ESTÁCIO (ANTIGA FIR),PRADO,"AV. ENG. ABDIAS DE CARVALHO, N 1678",-8.0623901,-34.9167615
7,388,1589,7_1589,FACULDADE ESTÁCIO (ANTIGA FIR),PRADO,"AV. ENG. ABDIAS DE CARVALHO, N 1678",-8.0623901,-34.9167615
7,390,1589,7_1589,FACULDADE ESTÁCIO (ANTIGA FIR),PRADO,"AV. ENG. ABDIAS DE CARVALHO, N 1678",-8.0623901,-34.9167615
7,392,1589,7_1589,FACULDADE ESTÁCIO (ANTIGA FIR),PRADO,"AV. ENG. ABDIAS DE CARVALHO, N 1678",-8.0623901,-34.9167615
7,394,1589,7_1589,FACULDADE ESTÁCIO (ANTIGA FIR),PRADO,"AV. ENG. ABDIAS DE CARVALHO, N 1678",-8.0623901,-34.9167615
7,396,1589,7_1589,FACULDADE ESTÁCIO (ANTIGA FIR),PRADO,"AV. ENG. ABDIAS DE CARVALHO, N 1678",-8.0623901,-34.9167615
7,398,1589,7_1589,FACULDADE ESTÁCIO (ANTIGA FIR),PRADO,"AV. ENG. ABDIAS DE CARVALHO, N 1678",-8.0623901,-34.9167615
7,400,1589,7_1589,FACULDADE ESTÁCIO (ANTIGA FIR),PRADO,"AV. ENG. ABDIAS DE CARVALHO, N 1678",-8.0623901,-34.9167615
7,402,1589,7_1589,FACULDADE ESTÁCIO (ANTIGA FIR),PRADO,"AV. ENG. ABDIAS DE CARVALHO, N 1678",-8.0623901,-34.9167615
7,404,1589,7_1589,FACULDADE ESTÁCIO (ANTIGA FIR),PRADO,"AV. ENG. ABDIAS DE CARVALHO, N 1678",-8.0623901,-34.9167615
7,406,1589,7_1589,FACULDADE ESTÁCIO (ANTIGA FIR),PRADO,"AV. ENG. ABDIAS DE CARVALHO, N 1678",-8.0623901,-34.9167615
7,408,1589,7_1589,FACULDADE ESTÁCIO (ANTIGA FIR),PRADO,"AV. ENG. ABDIAS DE CARVALHO, N 1678",-8.0623901,-34.9167615
7,410,1589,7_1589,FACULDADE ESTÁCIO (ANTIGA FIR),PRADO,"AV. ENG. ABDIAS DE CARVALHO, N 1678",-8.0623901,-34.9167615
7,412,1589,7_1589,FACULDADE ESTÁCIO (ANTIGA FIR),PRADO,"AV. ENG. ABDIAS DE CARVALHO, N 1678",-8.0623901,-34.9167615
7,414,1600,7_1600,ESCOLA MUNICIPAL MÉRCIA DE ALBUQUERQUE FERREIRA,ILHA DO RETIRO,"RUA TABAIARES, N 182",-8.0653861,-34.906557
7,415,1600,7_1600,ESCOLA MUNICIPAL MÉRCIA DE ALBUQUERQUE FERREIRA,ILHA DO RETIRO,"RUA TABAIARES, N 182",-8.0653861,-34.906557
7,416,1600,7_1600,ESCOLA MUNICIPAL MÉRCIA DE ALBUQUERQUE FERREIRA,ILHA DO RETIRO,"RUA TABAIARES, N 182",-8.0653861,-34.906557
7,457,1600,7_1600,ESCOLA MUNICIPAL MÉRCIA DE ALBUQUERQUE FERREIRA,ILHA DO RETIRO,"RUA TABAIARES, N 182",-8.0653861,-34.906557
7,417,1619,7_1619,ESCOLA BARROS CARVALHO,CORDEIRO,"RUA HONÓRIO CORREIA, N 167",-8.0526379,-34.9210703
7,418,1619,7_1619,ESCOLA BARROS CARVALHO,CORDEIRO,"RUA HONÓRIO CORREIA, N 167",-8.0526379,-34.9210703
7,419,1619,7_1619,ESCOLA BARROS CARVALHO,CORDEIRO,"RUA HONÓRIO CORREIA, N 167",-8.0526379,-34.9210703
7,420,1619,7_1619,ESCOLA BARROS CARVALHO,CORDEIRO,"RUA HONÓRIO CORREIA, N 167",-8.0526379,-34.9210703
7,421,1619,7_1619,ESCOLA BARROS CARVALHO,CORDEIRO,"RUA HONÓRIO CORREIA, N 167",-8.0526379,-34.9210703
7,422,1619,7_1619,ESCOLA BARROS CARVALHO,CORDEIRO,"RUA HONÓRIO CORREIA, N 167",-8.0526379,-34.9210703
7,423,1619,7_1619,ESCOLA BARROS CARVALHO,CORDEIRO,"RUA HONÓRIO CORREIA, N 167",-8.0526379,-34.9210703
7,424,1619,7_1619,ESCOLA BARROS CARVALHO,CORDEIRO,"RUA HONÓRIO CORREIA, N 167",-8.0526379,-34.9210703
7,425,1619,7_1619,ESCOLA BARROS CARVALHO,CORDEIRO,"RUA HONÓRIO CORREIA, N 167",-8.0526379,-34.9210703
7,426,1619,7_1619,ESCOLA BARROS CARVALHO,CORDEIRO,"RUA HONÓRIO CORREIA, N 167",-8.0526379,-34.9210703
7,427,1619,7_1619,ESCOLA BARROS CARVALHO,CORDEIRO,"RUA HONÓRIO CORREIA, N 167",-8.0526379,-34.9210703
7,428,1619,7_1619,ESCOLA BARROS CARVALHO,CORDEIRO,"RUA HONÓRIO CORREIA, N 167",-8.0526379,-34.9210703
7,429,1619,7_1619,ESCOLA BARROS CARVALHO,CORDEIRO,"RUA HONÓRIO CORREIA, N 167",-8.0526379,-34.9210703
7,430,1627,7_1627,INSTITUTO BLUE DE EDUCACAO E CULTURA - BLUE SCHOOL (CONECTA),MADALENA,"RUA JOSÉ MÚCIO MONTEIRO, 157",-8.0607543,-34.90279
7,431,1627,7_1627,INSTITUTO BLUE DE EDUCACAO E CULTURA - BLUE SCHOOL (CONECTA),MADALENA,"RUA JOSÉ MÚCIO MONTEIRO, 157",-8.0607543,-34.90279
7,432,1627,7_1627,INSTITUTO BLUE DE EDUCACAO E CULTURA - BLUE SCHOOL (CONECTA),MADALENA,"RUA JOSÉ MÚCIO MONTEIRO, 157",-8.0607543,-34.90279
7,433,1627,7_1627,INSTITUTO BLUE DE EDUCACAO E CULTURA - BLUE SCHOOL (CONECTA),MADALENA,"RUA JOSÉ MÚCIO MONTEIRO, 157",-8.0607543,-34.90279
7,434,1627,7_1627,INSTITUTO BLUE DE EDUCACAO E CULTURA - BLUE SCHOOL (CONECTA),MADALENA,"RUA JOSÉ MÚCIO MONTEIRO, 157",-8.0607543,-34.90279
7,435,1627,7_1627,INSTITUTO BLUE DE EDUCACAO E CULTURA - BLUE SCHOOL (CONECTA),MADALENA,"RUA JOSÉ MÚCIO MONTEIRO, 157",-8.0607543,-34.90279
7,436,1627,7_1627,INSTITUTO BLUE DE EDUCACAO E CULTURA - BLUE SCHOOL (CONECTA),MADALENA,"RUA JOSÉ MÚCIO MONTEIRO, 157",-8.0607543,-34.90279
7,437,1627,7_1627,INSTITUTO BLUE DE EDUCACAO E CULTURA - BLUE SCHOOL (CONECTA),MADALENA,"RUA JOSÉ MÚCIO MONTEIRO, 157",-8.0607543,-34.90279
7,438,1627,7_1627,INSTITUTO BLUE DE EDUCACAO E CULTURA - BLUE SCHOOL (CONECTA),MADALENA,"RUA JOSÉ MÚCIO MONTEIRO, 157",-8.0607543,-34.90279
7,439,1627,7_1627,INSTITUTO BLUE DE EDUCACAO E CULTURA - BLUE SCHOOL (CONECTA),MADALENA,"RUA JOSÉ MÚCIO MONTEIRO, 157",-8.0607543,-34.90279
7,440,1627,7_1627,INSTITUTO BLUE DE EDUCACAO E CULTURA - BLUE SCHOOL (CONECTA),MADALENA,"RUA JOSÉ MÚCIO MONTEIRO, 157",-8.0607543,-34.90279
7,441,1627,7_1627,INSTITUTO BLUE DE EDUCACAO E CULTURA - BLUE SCHOOL (CONECTA),MADALENA,"RUA JOSÉ MÚCIO MONTEIRO, 157",-8.0607543,-34.90279
7,442,1627,7_1627,INSTITUTO BLUE DE EDUCACAO E CULTURA - BLUE SCHOOL (CONECTA),MADALENA,"RUA JOSÉ MÚCIO MONTEIRO, 157",-8.0607543,-34.90279
7,443,1627,7_1627,INSTITUTO BLUE DE EDUCACAO E CULTURA - BLUE SCHOOL (CONECTA),MADALENA,"RUA JOSÉ MÚCIO MONTEIRO, 157",-8.0607543,-34.90279
7,444,1627,7_1627,INSTITUTO BLUE DE EDUCACAO E CULTURA - BLUE SCHOOL (CONECTA),MADALENA,"RUA JOSÉ MÚCIO MONTEIRO, 157",-8.0607543,-34.90279
7,445,1627,7_1627,INSTITUTO BLUE DE EDUCACAO E CULTURA - BLUE SCHOOL (CONECTA),MADALENA,"RUA JOSÉ MÚCIO MONTEIRO, 157",-8.0607543,-34.90279
7,446,1627,7_1627,INSTITUTO BLUE DE EDUCACAO E CULTURA - BLUE SCHOOL (CONECTA),MADALENA,"RUA JOSÉ MÚCIO MONTEIRO, 157",-8.0607543,-34.90279
7,447,1627,7_1627,INSTITUTO BLUE DE EDUCACAO E CULTURA - BLUE SCHOOL (CONECTA),MADALENA,"RUA JOSÉ MÚCIO MONTEIRO, 157",-8.0607543,-34.90279
7,448,1627,7_1627,INSTITUTO BLUE DE EDUCACAO E CULTURA - BLUE SCHOOL (CONECTA),MADALENA,"RUA JOSÉ MÚCIO MONTEIRO, 157",-8.0607543,-34.90279
7,449,1627,7_1627,INSTITUTO BLUE DE EDUCACAO E CULTURA - BLUE SCHOOL (CONECTA),MADALENA,"RUA JOSÉ MÚCIO MONTEIRO, 157",-8.0607543,-34.90279
7,450,1627,7_1627,INSTITUTO BLUE DE EDUCACAO E CULTURA - BLUE SCHOOL (CONECTA),MADALENA,"RUA JOSÉ MÚCIO MONTEIRO, 157",-8.0607543,-34.90279
7,451,1627,7_1627,INSTITUTO BLUE DE EDUCACAO E CULTURA - BLUE SCHOOL (CONECTA),MADALENA,"RUA JOSÉ MÚCIO MONTEIRO, 157",-8.0607543,-34.90279
7,452,1627,7_1627,INSTITUTO BLUE DE EDUCACAO E CULTURA - BLUE SCHOOL (CONECTA),MADALENA,"RUA JOSÉ MÚCIO MONTEIRO, 157",-8.0607543,-34.90279
7,453,1627,7_1627,INSTITUTO BLUE DE EDUCACAO E CULTURA - BLUE SCHOOL (CONECTA),MADALENA,"RUA JOSÉ MÚCIO MONTEIRO, 157",-8.0607543,-34.90279
7,454,1627,7_1627,INSTITUTO BLUE DE EDUCACAO E CULTURA - BLUE SCHOOL (CONECTA),MADALENA,"RUA JOSÉ MÚCIO MONTEIRO, 157",-8.0607543,-34.90279
7,370,1643,7_1643,CRECHE MUNICIPAL CASINHA AZUL,IPUTINGA,"RUA SÃO MATEUS, S/N",-8.0300122,-34.9341596
7,459,1643,7_1643,CRECHE MUNICIPAL CASINHA AZUL,IPUTINGA,"RUA SÃO MATEUS, S/N",-8.0300122,-34.9341596
7,464,1643,7_1643,CRECHE MUNICIPAL CASINHA AZUL,IPUTINGA,"RUA SÃO MATEUS, S/N",-8.0300122,-34.9341596
7,461,1651,7_1651,COLÉGIO EQUIPE (ANEXO I),MADALENA,"RUA DEMÓSTENES DE OLINDA, N 138",-8.0497014,-34.9054182
7,465,1651,7_1651,COLÉGIO EQUIPE (ANEXO I),MADALENA,"RUA DEMÓSTENES DE OLINDA, N 138",-8.0497014,-34.9054182
7,292,1660,7_1660,ESCOLA MUNICIPAL SÃO DOMINGOS,IPUTINGA,"RUA SÃO MATEUS, 364",-8.0384917,-34.9359089
7,462,1660,7_1660,ESCOLA MUNICIPAL SÃO DOMINGOS,IPUTINGA,"RUA SÃO MATEUS, 364",-8.0384917,-34.9359089
7,57,1678,7_1678,PERPART,CORDEIRO,"RUA DR. JOÃO LACERDA, 395",-8.0460748,-34.9223623
7,58,1678,7_1678,PERPART,CORDEIRO,"RUA DR. JOÃO LACERDA, 395",-8.0460748,-34.9223623
7,59,1678,7_1678,PERPART,CORDEIRO,"RUA DR. JOÃO LACERDA, 395",-8.0460748,-34.9223623
7,60,1678,7_1678,PERPART,CORDEIRO,"RUA DR. JOÃO LACERDA, 395",-8.0460748,-34.9223623
7,86,1678,7_1678,PERPART,CORDEIRO,"RUA DR. JOÃO LACERDA, 395",-8.0460748,-34.9223623
7,87,1678,7_1678,PERPART,CORDEIRO,"RUA DR. JOÃO LACERDA, 395",-8.0460748,-34.9223623
7,283,1678,7_1678,PERPART,CORDEIRO,"RUA DR. JOÃO LACERDA, 395",-8.0460748,-34.9223623
7,24,1694,7_1694,CMEI DARCY RIBEIRO,CORDEIRO,"RUA ODETE MONTEIRO, 450",-8.0461834,-34.92055
7,25,1694,7_1694,CMEI DARCY RIBEIRO,CORDEIRO,"RUA ODETE MONTEIRO, 450",-8.0461834,-34.92055
7,26,1694,7_1694,CMEI DARCY RIBEIRO,CORDEIRO,"RUA ODETE MONTEIRO, 450",-8.0461834,-34.92055
7,27,1694,7_1694,CMEI DARCY RIBEIRO,CORDEIRO,"RUA ODETE MONTEIRO, 450",-8.0461834,-34.92055
7,231,1694,7_1694,CMEI DARCY RIBEIRO,CORDEIRO,"RUA ODETE MONTEIRO, 450",-8.0461834,-34.92055
7,304,1708,7_1708,CFI - COLÉGIO DE FORMAÇÃO INTEGRAL,MADALENA,"AVENIDA CAXANGÁ, 460",-8.0547694,-34.9129511
7,308,1708,7_1708,CFI - COLÉGIO DE FORMAÇÃO INTEGRAL,MADALENA,"AVENIDA CAXANGÁ, 460",-8.0547694,-34.9129511
7,313,1708,7_1708,CFI - COLÉGIO DE FORMAÇÃO INTEGRAL,MADALENA,"AVENIDA CAXANGÁ, 460",-8.0547694,-34.9129511
7,318,1708,7_1708,CFI - COLÉGIO DE FORMAÇÃO INTEGRAL,MADALENA,"AVENIDA CAXANGÁ, 460",-8.0547694,-34.9129511
7,323,1708,7_1708,CFI - COLÉGIO DE FORMAÇÃO INTEGRAL,MADALENA,"AVENIDA CAXANGÁ, 460",-8.0547694,-34.9129511
7,326,1708,7_1708,CFI - COLÉGIO DE FORMAÇÃO INTEGRAL,MADALENA,"AVENIDA CAXANGÁ, 460",-8.0547694,-34.9129511
7,345,1708,7_1708,CFI - COLÉGIO DE FORMAÇÃO INTEGRAL,MADALENA,"AVENIDA CAXANGÁ, 460",-8.0547694,-34.9129511
7,349,1708,7_1708,CFI - COLÉGIO DE FORMAÇÃO INTEGRAL,MADALENA,"AVENIDA CAXANGÁ, 460",-8.0547694,-34.9129511
7,361,1716,7_1716,COLÉGIO EQUIPE (ANEXO II),MADALENA,"RUA DEMÓSTENES DE OLINDA, N 152",-8.0498842,-34.9052151
7,364,1716,7_1716,COLÉGIO EQUIPE (ANEXO II),MADALENA,"RUA DEMÓSTENES DE OLINDA, N 152",-8.0498842,-34.9052151
7,163,1724,7_1724,CRECHE MUNICIPAL SÍTIO DO CARDOSO,MADALENA,"RUA PADRE LANDIM, N 89",-8.0493045,-34.9123229
7,164,1724,7_1724,CRECHE MUNICIPAL SÍTIO DO CARDOSO,MADALENA,"RUA PADRE LANDIM, N 89",-8.0493045,-34.9123229
7,165,1724,7_1724,CRECHE MUNICIPAL SÍTIO DO CARDOSO,MADALENA,"RUA PADRE LANDIM, N 89",-8.0493045,-34.9123229
7,241,1724,7_1724,CRECHE MUNICIPAL SÍTIO DO CARDOSO,MADALENA,"RUA PADRE LANDIM, N 89",-8.0493045,-34.9123229
7,276,1724,7_1724,CRECHE MUNICIPAL SÍTIO DO CARDOSO,MADALENA,"RUA PADRE LANDIM, N 89",-8.0493045,-34.9123229
7,321,1732,7_1732,CRECHE MUNICIPAL MENINO JESUS DA BOMBA GRANDE,IPUTINGA,"RUA NOSSA SENHORA DA SAÚDE, N 669",-8.0419163,-34.9281461
7,460,1732,7_1732,CRECHE MUNICIPAL MENINO JESUS DA BOMBA GRANDE,IPUTINGA,"RUA NOSSA SENHORA DA SAÚDE, N 669",-8.0419163,-34.9281461
7,148,1740,7_1740,FCAP - FACULDADE DE CIÊNCIAS DA ADMINISTRAÇÃO DE PERNAMBUCO,MADALENA,"AV. SPORT CLUBE DO RECIFE, N 252",-8.0611189,-34.9029219
7,263,1740,7_1740,FCAP - FACULDADE DE CIÊNCIAS DA ADMINISTRAÇÃO DE PERNAMBUCO,MADALENA,"AV. SPORT CLUBE DO RECIFE, N 252",-8.0611189,-34.9029219
7,279,1740,7_1740,FCAP - FACULDADE DE CIÊNCIAS DA ADMINISTRAÇÃO DE PERNAMBUCO,MADALENA,"AV. SPORT CLUBE DO RECIFE, N 252",-8.0611189,-34.9029219
8,9,1023,8_1023,INSTITUTO DOS CEGOS,GRACAS,"RUA GUILHERME PINTO, 146",-8.05206647,-34.90222191
8,179,1023,8_1023,INSTITUTO DOS CEGOS,GRACAS,"RUA GUILHERME PINTO, 146",-8.05206647,-34.90222191
8,10,1031,8_1031,INSTITUTO PROFISSIONAL MARIA AUXILIADORA,DERBY,"RUA JOAQUIM NABUCO, 237",-8.05263676,-34.89841034
8,11,1031,8_1031,INSTITUTO PROFISSIONAL MARIA AUXILIADORA,DERBY,"RUA JOAQUIM NABUCO, 237",-8.05263676,-34.89841034
8,12,1031,8_1031,INSTITUTO PROFISSIONAL MARIA AUXILIADORA,DERBY,"RUA JOAQUIM NABUCO, 237",-8.05263676,-34.89841034
8,13,1031,8_1031,INSTITUTO PROFISSIONAL MARIA AUXILIADORA,DERBY,"RUA JOAQUIM NABUCO, 237",-8.05263676,-34.89841034
8,14,1031,8_1031,INSTITUTO PROFISSIONAL MARIA AUXILIADORA,DERBY,"RUA JOAQUIM NABUCO, 237",-8.05263676,-34.89841034
8,15,1031,8_1031,INSTITUTO PROFISSIONAL MARIA AUXILIADORA,DERBY,"RUA JOAQUIM NABUCO, 237",-8.05263676,-34.89841034
8,177,1031,8_1031,INSTITUTO PROFISSIONAL MARIA AUXILIADORA,DERBY,"RUA JOAQUIM NABUCO, 237",-8.05263676,-34.89841034
8,215,1031,8_1031,INSTITUTO PROFISSIONAL MARIA AUXILIADORA,DERBY,"RUA JOAQUIM NABUCO, 237",-8.05263676,-34.89841034
8,57,1104,8_1104,ETEPAM - ESCOLA TECNICA ESTADUAL PROF. AGAMENON MAGALHAES,ENCRUZILHADA,AVENIDA JOAO DE BARROS 1769,-8.03916707,-34.8922357
8,58,1104,8_1104,ETEPAM - ESCOLA TECNICA ESTADUAL PROF. AGAMENON MAGALHAES,ENCRUZILHADA,AVENIDA JOAO DE BARROS 1769,-8.03916707,-34.8922357
8,59,1104,8_1104,ETEPAM - ESCOLA TECNICA ESTADUAL PROF. AGAMENON MAGALHAES,ENCRUZILHADA,AVENIDA JOAO DE BARROS 1769,-8.03916707,-34.8922357
8,60,1104,8_1104,ETEPAM - ESCOLA TECNICA ESTADUAL PROF. AGAMENON MAGALHAES,ENCRUZILHADA,AVENIDA JOAO DE BARROS 1769,-8.03916707,-34.8922357
8,61,1104,8_1104,ETEPAM - ESCOLA TECNICA ESTADUAL PROF. AGAMENON MAGALHAES,ENCRUZILHADA,AVENIDA JOAO DE BARROS 1769,-8.03916707,-34.8922357
8,62,1104,8_1104,ETEPAM - ESCOLA TECNICA ESTADUAL PROF. AGAMENON MAGALHAES,ENCRUZILHADA,AVENIDA JOAO DE BARROS 1769,-8.03916707,-34.8922357
8,63,1104,8_1104,ETEPAM - ESCOLA TECNICA ESTADUAL PROF. AGAMENON MAGALHAES,ENCRUZILHADA,AVENIDA JOAO DE BARROS 1769,-8.03916707,-34.8922357
8,64,1104,8_1104,ETEPAM - ESCOLA TECNICA ESTADUAL PROF. AGAMENON MAGALHAES,ENCRUZILHADA,AVENIDA JOAO DE BARROS 1769,-8.03916707,-34.8922357
8,65,1104,8_1104,ETEPAM - ESCOLA TECNICA ESTADUAL PROF. AGAMENON MAGALHAES,ENCRUZILHADA,AVENIDA JOAO DE BARROS 1769,-8.03916707,-34.8922357
8,66,1104,8_1104,ETEPAM - ESCOLA TECNICA ESTADUAL PROF. AGAMENON MAGALHAES,ENCRUZILHADA,AVENIDA JOAO DE BARROS 1769,-8.03916707,-34.8922357
8,67,1104,8_1104,ETEPAM - ESCOLA TECNICA ESTADUAL PROF. AGAMENON MAGALHAES,ENCRUZILHADA,AVENIDA JOAO DE BARROS 1769,-8.03916707,-34.8922357
8,68,1104,8_1104,ETEPAM - ESCOLA TECNICA ESTADUAL PROF. AGAMENON MAGALHAES,ENCRUZILHADA,AVENIDA JOAO DE BARROS 1769,-8.03916707,-34.8922357
8,69,1104,8_1104,ETEPAM - ESCOLA TECNICA ESTADUAL PROF. AGAMENON MAGALHAES,ENCRUZILHADA,AVENIDA JOAO DE BARROS 1769,-8.03916707,-34.8922357
8,70,1104,8_1104,ETEPAM - ESCOLA TECNICA ESTADUAL PROF. AGAMENON MAGALHAES,ENCRUZILHADA,AVENIDA JOAO DE BARROS 1769,-8.03916707,-34.8922357
8,147,1104,8_1104,ETEPAM - ESCOLA TECNICA ESTADUAL PROF. AGAMENON MAGALHAES,ENCRUZILHADA,AVENIDA JOAO DE BARROS 1769,-8.03916707,-34.8922357
8,71,1120,8_1120,ESCOLA PAULA FRASSINETTI,ESPINHEIRO,RUA GOMES PACHECO SN,-8.04082688,-34.88832571
8,72,1120,8_1120,ESCOLA PAULA FRASSINETTI,ESPINHEIRO,RUA GOMES PACHECO SN,-8.04082688,-34.88832571
8,73,1120,8_1120,ESCOLA PAULA FRASSINETTI,ESPINHEIRO,RUA GOMES PACHECO SN,-8.04082688,-34.88832571
8,74,1120,8_1120,ESCOLA PAULA FRASSINETTI,ESPINHEIRO,RUA GOMES PACHECO SN,-8.04082688,-34.88832571
8,75,1120,8_1120,ESCOLA PAULA FRASSINETTI,ESPINHEIRO,RUA GOMES PACHECO SN,-8.04082688,-34.88832571
8,76,1120,8_1120,ESCOLA PAULA FRASSINETTI,ESPINHEIRO,RUA GOMES PACHECO SN,-8.04082688,-34.88832571
8,77,1120,8_1120,ESCOLA PAULA FRASSINETTI,ESPINHEIRO,RUA GOMES PACHECO SN,-8.04082688,-34.88832571
8,78,1120,8_1120,ESCOLA PAULA FRASSINETTI,ESPINHEIRO,RUA GOMES PACHECO SN,-8.04082688,-34.88832571
8,79,1120,8_1120,ESCOLA PAULA FRASSINETTI,ESPINHEIRO,RUA GOMES PACHECO SN,-8.04082688,-34.88832571
8,80,1120,8_1120,ESCOLA PAULA FRASSINETTI,ESPINHEIRO,RUA GOMES PACHECO SN,-8.04082688,-34.88832571
8,150,1120,8_1120,ESCOLA PAULA FRASSINETTI,ESPINHEIRO,RUA GOMES PACHECO SN,-8.04082688,-34.88832571
8,81,1139,8_1139,COLEGIO VERA CRUZ,GRACAS,AVENIDA RUI BARBOSA 57,-8.05098616,-34.89717231
8,82,1139,8_1139,COLEGIO VERA CRUZ,GRACAS,AVENIDA RUI BARBOSA 57,-8.05098616,-34.89717231
8,83,1139,8_1139,COLEGIO VERA CRUZ,GRACAS,AVENIDA RUI BARBOSA 57,-8.05098616,-34.89717231
8,84,1139,8_1139,COLEGIO VERA CRUZ,GRACAS,AVENIDA RUI BARBOSA 57,-8.05098616,-34.89717231
8,85,1139,8_1139,COLEGIO VERA CRUZ,GRACAS,AVENIDA RUI BARBOSA 57,-8.05098616,-34.89717231
8,86,1139,8_1139,COLEGIO VERA CRUZ,GRACAS,AVENIDA RUI BARBOSA 57,-8.05098616,-34.89717231
8,87,1139,8_1139,COLEGIO VERA CRUZ,GRACAS,AVENIDA RUI BARBOSA 57,-8.05098616,-34.89717231
8,88,1139,8_1139,COLEGIO VERA CRUZ,GRACAS,AVENIDA RUI BARBOSA 57,-8.05098616,-34.89717231
8,89,1139,8_1139,COLEGIO VERA CRUZ,GRACAS,AVENIDA RUI BARBOSA 57,-8.05098616,-34.89717231
8,90,1139,8_1139,COLEGIO VERA CRUZ,GRACAS,AVENIDA RUI BARBOSA 57,-8.05098616,-34.89717231
8,91,1139,8_1139,COLEGIO VERA CRUZ,GRACAS,AVENIDA RUI BARBOSA 57,-8.05098616,-34.89717231
8,92,1139,8_1139,COLEGIO VERA CRUZ,GRACAS,AVENIDA RUI BARBOSA 57,-8.05098616,-34.89717231
8,93,1139,8_1139,COLEGIO VERA CRUZ,GRACAS,AVENIDA RUI BARBOSA 57,-8.05098616,-34.89717231
8,143,1139,8_1139,COLEGIO VERA CRUZ,GRACAS,AVENIDA RUI BARBOSA 57,-8.05098616,-34.89717231
8,114,1180,8_1180,COLEGIO DAS DAMAS DA INSTRUCAO CRISTA,GRACAS,AV RUI BARBOSA 1426,-8.04212679,-34.90263745
8,115,1180,8_1180,COLEGIO DAS DAMAS DA INSTRUCAO CRISTA,GRACAS,AV RUI BARBOSA 1426,-8.04212679,-34.90263745
8,116,1180,8_1180,COLEGIO DAS DAMAS DA INSTRUCAO CRISTA,GRACAS,AV RUI BARBOSA 1426,-8.04212679,-34.90263745
8,117,1180,8_1180,COLEGIO DAS DAMAS DA INSTRUCAO CRISTA,GRACAS,AV RUI BARBOSA 1426,-8.04212679,-34.90263745
8,118,1180,8_1180,COLEGIO DAS DAMAS DA INSTRUCAO CRISTA,GRACAS,AV RUI BARBOSA 1426,-8.04212679,-34.90263745
8,119,1180,8_1180,COLEGIO DAS DAMAS DA INSTRUCAO CRISTA,GRACAS,AV RUI BARBOSA 1426,-8.04212679,-34.90263745
8,120,1180,8_1180,COLEGIO DAS DAMAS DA INSTRUCAO CRISTA,GRACAS,AV RUI BARBOSA 1426,-8.04212679,-34.90263745
8,121,1180,8_1180,COLEGIO DAS DAMAS DA INSTRUCAO CRISTA,GRACAS,AV RUI BARBOSA 1426,-8.04212679,-34.90263745
8,122,1180,8_1180,COLEGIO DAS DAMAS DA INSTRUCAO CRISTA,GRACAS,AV RUI BARBOSA 1426,-8.04212679,-34.90263745
8,123,1180,8_1180,COLEGIO DAS DAMAS DA INSTRUCAO CRISTA,GRACAS,AV RUI BARBOSA 1426,-8.04212679,-34.90263745
8,144,1180,8_1180,COLEGIO DAS DAMAS DA INSTRUCAO CRISTA,GRACAS,AV RUI BARBOSA 1426,-8.04212679,-34.90263745
8,152,1180,8_1180,COLEGIO DAS DAMAS DA INSTRUCAO CRISTA,GRACAS,AV RUI BARBOSA 1426,-8.04212679,-34.90263745
8,239,1180,8_1180,COLEGIO DAS DAMAS DA INSTRUCAO CRISTA,GRACAS,AV RUI BARBOSA 1426,-8.04212679,-34.90263745
8,243,1180,8_1180,COLEGIO DAS DAMAS DA INSTRUCAO CRISTA,GRACAS,AV RUI BARBOSA 1426,-8.04212679,-34.90263745
8,245,1180,8_1180,COLEGIO DAS DAMAS DA INSTRUCAO CRISTA,GRACAS,AV RUI BARBOSA 1426,-8.04212679,-34.90263745
8,405,1180,8_1180,COLEGIO DAS DAMAS DA INSTRUCAO CRISTA,GRACAS,AV RUI BARBOSA 1426,-8.04212679,-34.90263745
8,128,1201,8_1201,CBV - JAQUEIRA,TAMARINEIRA,RUA DR JOSE MARIA 1106,-8.03472566,-34.90176161
8,129,1201,8_1201,CBV - JAQUEIRA,TAMARINEIRA,RUA DR JOSE MARIA 1106,-8.03472566,-34.90176161
8,130,1201,8_1201,CBV - JAQUEIRA,TAMARINEIRA,RUA DR JOSE MARIA 1106,-8.03472566,-34.90176161
8,131,1201,8_1201,CBV - JAQUEIRA,TAMARINEIRA,RUA DR JOSE MARIA 1106,-8.03472566,-34.90176161
8,132,1201,8_1201,CBV - JAQUEIRA,TAMARINEIRA,RUA DR JOSE MARIA 1106,-8.03472566,-34.90176161
8,133,1201,8_1201,CBV - JAQUEIRA,TAMARINEIRA,RUA DR JOSE MARIA 1106,-8.03472566,-34.90176161
8,404,1201,8_1201,CBV - JAQUEIRA,TAMARINEIRA,RUA DR JOSE MARIA 1106,-8.03472566,-34.90176161
8,408,1201,8_1201,CBV - JAQUEIRA,TAMARINEIRA,RUA DR JOSE MARIA 1106,-8.03472566,-34.90176161
8,416,1201,8_1201,CBV - JAQUEIRA,TAMARINEIRA,RUA DR JOSE MARIA 1106,-8.03472566,-34.90176161
8,52,1236,8_1236,COLEGIO DA POLICIA MILITAR,DERBY,"RUA HENRIQUE DIAS, S/N",-8.05915552,-34.8992939
8,53,1236,8_1236,COLEGIO DA POLICIA MILITAR,DERBY,"RUA HENRIQUE DIAS, S/N",-8.05915552,-34.8992939
8,54,1236,8_1236,COLEGIO DA POLICIA MILITAR,DERBY,"RUA HENRIQUE DIAS, S/N",-8.05915552,-34.8992939
8,55,1236,8_1236,COLEGIO DA POLICIA MILITAR,DERBY,"RUA HENRIQUE DIAS, S/N",-8.05915552,-34.8992939
8,56,1236,8_1236,COLEGIO DA POLICIA MILITAR,DERBY,"RUA HENRIQUE DIAS, S/N",-8.05915552,-34.8992939
8,154,1236,8_1236,COLEGIO DA POLICIA MILITAR,DERBY,"RUA HENRIQUE DIAS, S/N",-8.05915552,-34.8992939
8,166,1236,8_1236,COLEGIO DA POLICIA MILITAR,DERBY,"RUA HENRIQUE DIAS, S/N",-8.05915552,-34.8992939
8,157,1279,8_1279,COLEGIO MARISTA SAO LUÍS,GRACAS,"AV. RUI BARBOSA, 1104",-8.04303982,-34.90234879
8,158,1279,8_1279,COLEGIO MARISTA SAO LUÍS,GRACAS,"AV. RUI BARBOSA, 1104",-8.04303982,-34.90234879
8,162,1279,8_1279,COLEGIO MARISTA SAO LUÍS,GRACAS,"AV. RUI BARBOSA, 1104",-8.04303982,-34.90234879
8,163,1279,8_1279,COLEGIO MARISTA SAO LUÍS,GRACAS,"AV. RUI BARBOSA, 1104",-8.04303982,-34.90234879
8,165,1279,8_1279,COLEGIO MARISTA SAO LUÍS,GRACAS,"AV. RUI BARBOSA, 1104",-8.04303982,-34.90234879
8,168,1279,8_1279,COLEGIO MARISTA SAO LUÍS,GRACAS,"AV. RUI BARBOSA, 1104",-8.04303982,-34.90234879
8,178,1279,8_1279,COLEGIO MARISTA SAO LUÍS,GRACAS,"AV. RUI BARBOSA, 1104",-8.04303982,-34.90234879
8,189,1279,8_1279,COLEGIO MARISTA SAO LUÍS,GRACAS,"AV. RUI BARBOSA, 1104",-8.04303982,-34.90234879
8,193,1279,8_1279,COLEGIO MARISTA SAO LUÍS,GRACAS,"AV. RUI BARBOSA, 1104",-8.04303982,-34.90234879
8,198,1279,8_1279,COLEGIO MARISTA SAO LUÍS,GRACAS,"AV. RUI BARBOSA, 1104",-8.04303982,-34.90234879
8,214,1279,8_1279,COLEGIO MARISTA SAO LUÍS,GRACAS,"AV. RUI BARBOSA, 1104",-8.04303982,-34.90234879
8,217,1279,8_1279,COLEGIO MARISTA SAO LUÍS,GRACAS,"AV. RUI BARBOSA, 1104",-8.04303982,-34.90234879
8,219,1279,8_1279,COLEGIO MARISTA SAO LUÍS,GRACAS,"AV. RUI BARBOSA, 1104",-8.04303982,-34.90234879
8,220,1279,8_1279,COLEGIO MARISTA SAO LUÍS,GRACAS,"AV. RUI BARBOSA, 1104",-8.04303982,-34.90234879
8,227,1279,8_1279,COLEGIO MARISTA SAO LUÍS,GRACAS,"AV. RUI BARBOSA, 1104",-8.04303982,-34.90234879
8,229,1279,8_1279,COLEGIO MARISTA SAO LUÍS,GRACAS,"AV. RUI BARBOSA, 1104",-8.04303982,-34.90234879
8,232,1279,8_1279,COLEGIO MARISTA SAO LUÍS,GRACAS,"AV. RUI BARBOSA, 1104",-8.04303982,-34.90234879
8,234,1279,8_1279,COLEGIO MARISTA SAO LUÍS,GRACAS,"AV. RUI BARBOSA, 1104",-8.04303982,-34.90234879
8,236,1279,8_1279,COLEGIO MARISTA SAO LUÍS,GRACAS,"AV. RUI BARBOSA, 1104",-8.04303982,-34.90234879
8,237,1279,8_1279,COLEGIO MARISTA SAO LUÍS,GRACAS,"AV. RUI BARBOSA, 1104",-8.04303982,-34.90234879
8,406,1279,8_1279,COLEGIO MARISTA SAO LUÍS,GRACAS,"AV. RUI BARBOSA, 1104",-8.04303982,-34.90234879
8,172,1350,8_1350,ESCOLA DOM HELDER CAMARA,ESPINHEIRO,"RUA MARQUES DO PARANA, 320",-8.04091879,-34.88839903
8,201,1350,8_1350,ESCOLA DOM HELDER CAMARA,ESPINHEIRO,"RUA MARQUES DO PARANA, 320",-8.04091879,-34.88839903
8,211,1350,8_1350,ESCOLA DOM HELDER CAMARA,ESPINHEIRO,"RUA MARQUES DO PARANA, 320",-8.04091879,-34.88839903
8,230,1350,8_1350,ESCOLA DOM HELDER CAMARA,ESPINHEIRO,"RUA MARQUES DO PARANA, 320",-8.04091879,-34.88839903
8,170,1368,8_1368,ESCOLA GOVERNADOR BARBOSA LIMA,GRACAS,"RUA JOAQUIM NABUCO, S/N",-8.05277742,-34.89642382
8,196,1368,8_1368,ESCOLA GOVERNADOR BARBOSA LIMA,GRACAS,"RUA JOAQUIM NABUCO, S/N",-8.05277742,-34.89642382
8,238,1368,8_1368,ESCOLA GOVERNADOR BARBOSA LIMA,GRACAS,"RUA JOAQUIM NABUCO, S/N",-8.05277742,-34.89642382
8,175,1376,8_1376,EDUCANDARIO NOSSA SENHORA DE LOURDES,TAMARINEIRA,"AVENIDA ROSA E SILVA, 1767",-8.03668765,-34.90157651
8,185,1376,8_1376,EDUCANDARIO NOSSA SENHORA DE LOURDES,TAMARINEIRA,"AVENIDA ROSA E SILVA, 1767",-8.03668765,-34.90157651
8,194,1376,8_1376,EDUCANDARIO NOSSA SENHORA DE LOURDES,TAMARINEIRA,"AVENIDA ROSA E SILVA, 1767",-8.03668765,-34.90157651
8,200,1376,8_1376,EDUCANDARIO NOSSA SENHORA DE LOURDES,TAMARINEIRA,"AVENIDA ROSA E SILVA, 1767",-8.03668765,-34.90157651
8,202,1376,8_1376,EDUCANDARIO NOSSA SENHORA DE LOURDES,TAMARINEIRA,"AVENIDA ROSA E SILVA, 1767",-8.03668765,-34.90157651
8,208,1376,8_1376,EDUCANDARIO NOSSA SENHORA DE LOURDES,TAMARINEIRA,"AVENIDA ROSA E SILVA, 1767",-8.03668765,-34.90157651
8,218,1376,8_1376,EDUCANDARIO NOSSA SENHORA DE LOURDES,TAMARINEIRA,"AVENIDA ROSA E SILVA, 1767",-8.03668765,-34.90157651
8,222,1376,8_1376,EDUCANDARIO NOSSA SENHORA DE LOURDES,TAMARINEIRA,"AVENIDA ROSA E SILVA, 1767",-8.03668765,-34.90157651
8,124,1384,8_1384,COLEGIO ANGLO LÍDER,TAMARINEIRA,"RUA VISCONDE DE ABAETE, 200",-8.02910054,-34.89783416
8,125,1384,8_1384,COLEGIO ANGLO LÍDER,TAMARINEIRA,"RUA VISCONDE DE ABAETE, 200",-8.02910054,-34.89783416
8,126,1384,8_1384,COLEGIO ANGLO LÍDER,TAMARINEIRA,"RUA VISCONDE DE ABAETE, 200",-8.02910054,-34.89783416
8,127,1384,8_1384,COLEGIO ANGLO LÍDER,TAMARINEIRA,"RUA VISCONDE DE ABAETE, 200",-8.02910054,-34.89783416
8,174,1384,8_1384,COLEGIO ANGLO LÍDER,TAMARINEIRA,"RUA VISCONDE DE ABAETE, 200",-8.02910054,-34.89783416
8,197,1384,8_1384,COLEGIO ANGLO LÍDER,TAMARINEIRA,"RUA VISCONDE DE ABAETE, 200",-8.02910054,-34.89783416
8,221,1384,8_1384,COLEGIO ANGLO LÍDER,TAMARINEIRA,"RUA VISCONDE DE ABAETE, 200",-8.02910054,-34.89783416
8,134,1392,8_1392,ESCOLA ESTADUAL REGUEIRA COSTA,ROSARINHO,"RUA REGUEIRA COSTA, S/N",-8.03407026,-34.89840223
8,135,1392,8_1392,ESCOLA ESTADUAL REGUEIRA COSTA,ROSARINHO,"RUA REGUEIRA COSTA, S/N",-8.03407026,-34.89840223
8,136,1392,8_1392,ESCOLA ESTADUAL REGUEIRA COSTA,ROSARINHO,"RUA REGUEIRA COSTA, S/N",-8.03407026,-34.89840223
8,137,1392,8_1392,ESCOLA ESTADUAL REGUEIRA COSTA,ROSARINHO,"RUA REGUEIRA COSTA, S/N",-8.03407026,-34.89840223
8,145,1392,8_1392,ESCOLA ESTADUAL REGUEIRA COSTA,ROSARINHO,"RUA REGUEIRA COSTA, S/N",-8.03407026,-34.89840223
8,212,1392,8_1392,ESCOLA ESTADUAL REGUEIRA COSTA,ROSARINHO,"RUA REGUEIRA COSTA, S/N",-8.03407026,-34.89840223
8,226,1392,8_1392,ESCOLA ESTADUAL REGUEIRA COSTA,ROSARINHO,"RUA REGUEIRA COSTA, S/N",-8.03407026,-34.89840223
8,235,1392,8_1392,ESCOLA ESTADUAL REGUEIRA COSTA,ROSARINHO,"RUA REGUEIRA COSTA, S/N",-8.03407026,-34.89840223
8,410,1392,8_1392,ESCOLA ESTADUAL REGUEIRA COSTA,ROSARINHO,"RUA REGUEIRA COSTA, S/N",-8.03407026,-34.89840223
8,1,1473,8_1473,COLÉGIO PRESBITERIANO MACKENZIE AGNES,GRACAS,"RUA AMÉLIA, 483",-8.04708848,-34.90082632
8,2,1473,8_1473,COLÉGIO PRESBITERIANO MACKENZIE AGNES,GRACAS,"RUA AMÉLIA, 483",-8.04708848,-34.90082632
8,3,1473,8_1473,COLÉGIO PRESBITERIANO MACKENZIE AGNES,GRACAS,"RUA AMÉLIA, 483",-8.04708848,-34.90082632
8,4,1473,8_1473,COLÉGIO PRESBITERIANO MACKENZIE AGNES,GRACAS,"RUA AMÉLIA, 483",-8.04708848,-34.90082632
8,5,1473,8_1473,COLÉGIO PRESBITERIANO MACKENZIE AGNES,GRACAS,"RUA AMÉLIA, 483",-8.04708848,-34.90082632
8,6,1473,8_1473,COLÉGIO PRESBITERIANO MACKENZIE AGNES,GRACAS,"RUA AMÉLIA, 483",-8.04708848,-34.90082632
8,7,1473,8_1473,COLÉGIO PRESBITERIANO MACKENZIE AGNES,GRACAS,"RUA AMÉLIA, 483",-8.04708848,-34.90082632
8,8,1473,8_1473,COLÉGIO PRESBITERIANO MACKENZIE AGNES,GRACAS,"RUA AMÉLIA, 483",-8.04708848,-34.90082632
8,142,1473,8_1473,COLÉGIO PRESBITERIANO MACKENZIE AGNES,GRACAS,"RUA AMÉLIA, 483",-8.04708848,-34.90082632
8,151,1473,8_1473,COLÉGIO PRESBITERIANO MACKENZIE AGNES,GRACAS,"RUA AMÉLIA, 483",-8.04708848,-34.90082632
8,173,1473,8_1473,COLÉGIO PRESBITERIANO MACKENZIE AGNES,GRACAS,"RUA AMÉLIA, 483",-8.04708848,-34.90082632
8,192,1473,8_1473,COLÉGIO PRESBITERIANO MACKENZIE AGNES,GRACAS,"RUA AMÉLIA, 483",-8.04708848,-34.90082632
8,241,1473,8_1473,COLÉGIO PRESBITERIANO MACKENZIE AGNES,GRACAS,"RUA AMÉLIA, 483",-8.04708848,-34.90082632
8,244,1473,8_1473,COLÉGIO PRESBITERIANO MACKENZIE AGNES,GRACAS,"RUA AMÉLIA, 483",-8.04708848,-34.90082632
8,246,1473,8_1473,COLÉGIO PRESBITERIANO MACKENZIE AGNES,GRACAS,"RUA AMÉLIA, 483",-8.04708848,-34.90082632
8,248,1520,8_1520,ESCOLA MUNICIPAL DA MANGABEIRA,MANGABEIRA,"RUA NICEAS ARCOVERDE GUSMÃO, S/N",-8.02361514,-34.90043103
8,249,1520,8_1520,ESCOLA MUNICIPAL DA MANGABEIRA,MANGABEIRA,"RUA NICEAS ARCOVERDE GUSMÃO, S/N",-8.02361514,-34.90043103
8,250,1520,8_1520,ESCOLA MUNICIPAL DA MANGABEIRA,MANGABEIRA,"RUA NICEAS ARCOVERDE GUSMÃO, S/N",-8.02361514,-34.90043103
8,251,1520,8_1520,ESCOLA MUNICIPAL DA MANGABEIRA,MANGABEIRA,"RUA NICEAS ARCOVERDE GUSMÃO, S/N",-8.02361514,-34.90043103
8,252,1520,8_1520,ESCOLA MUNICIPAL DA MANGABEIRA,MANGABEIRA,"RUA NICEAS ARCOVERDE GUSMÃO, S/N",-8.02361514,-34.90043103
8,253,1538,8_1538,ESCOLA PROFESSOR ALFREDO FREYRE,ARRUDA,"RUA ZEFERINO AGRA, 193",-8.02132816,-34.89265085
8,254,1538,8_1538,ESCOLA PROFESSOR ALFREDO FREYRE,ARRUDA,"RUA ZEFERINO AGRA, 193",-8.02132816,-34.89265085
8,255,1538,8_1538,ESCOLA PROFESSOR ALFREDO FREYRE,ARRUDA,"RUA ZEFERINO AGRA, 193",-8.02132816,-34.89265085
8,256,1538,8_1538,ESCOLA PROFESSOR ALFREDO FREYRE,ARRUDA,"RUA ZEFERINO AGRA, 193",-8.02132816,-34.89265085
8,257,1538,8_1538,ESCOLA PROFESSOR ALFREDO FREYRE,ARRUDA,"RUA ZEFERINO AGRA, 193",-8.02132816,-34.89265085
8,258,1538,8_1538,ESCOLA PROFESSOR ALFREDO FREYRE,ARRUDA,"RUA ZEFERINO AGRA, 193",-8.02132816,-34.89265085
8,259,1538,8_1538,ESCOLA PROFESSOR ALFREDO FREYRE,ARRUDA,"RUA ZEFERINO AGRA, 193",-8.02132816,-34.89265085
8,260,1538,8_1538,ESCOLA PROFESSOR ALFREDO FREYRE,ARRUDA,"RUA ZEFERINO AGRA, 193",-8.02132816,-34.89265085
8,261,1538,8_1538,ESCOLA PROFESSOR ALFREDO FREYRE,ARRUDA,"RUA ZEFERINO AGRA, 193",-8.02132816,-34.89265085
8,262,1538,8_1538,ESCOLA PROFESSOR ALFREDO FREYRE,ARRUDA,"RUA ZEFERINO AGRA, 193",-8.02132816,-34.89265085
8,263,1538,8_1538,ESCOLA PROFESSOR ALFREDO FREYRE,ARRUDA,"RUA ZEFERINO AGRA, 193",-8.02132816,-34.89265085
8,264,1538,8_1538,ESCOLA PROFESSOR ALFREDO FREYRE,ARRUDA,"RUA ZEFERINO AGRA, 193",-8.02132816,-34.89265085
8,265,1538,8_1538,ESCOLA PROFESSOR ALFREDO FREYRE,ARRUDA,"RUA ZEFERINO AGRA, 193",-8.02132816,-34.89265085
8,266,1538,8_1538,ESCOLA PROFESSOR ALFREDO FREYRE,ARRUDA,"RUA ZEFERINO AGRA, 193",-8.02132816,-34.89265085
8,267,1538,8_1538,ESCOLA PROFESSOR ALFREDO FREYRE,ARRUDA,"RUA ZEFERINO AGRA, 193",-8.02132816,-34.89265085
8,268,1538,8_1538,ESCOLA PROFESSOR ALFREDO FREYRE,ARRUDA,"RUA ZEFERINO AGRA, 193",-8.02132816,-34.89265085
8,269,1538,8_1538,ESCOLA PROFESSOR ALFREDO FREYRE,ARRUDA,"RUA ZEFERINO AGRA, 193",-8.02132816,-34.89265085
8,270,1538,8_1538,ESCOLA PROFESSOR ALFREDO FREYRE,ARRUDA,"RUA ZEFERINO AGRA, 193",-8.02132816,-34.89265085
8,271,1538,8_1538,ESCOLA PROFESSOR ALFREDO FREYRE,ARRUDA,"RUA ZEFERINO AGRA, 193",-8.02132816,-34.89265085
8,272,1538,8_1538,ESCOLA PROFESSOR ALFREDO FREYRE,ARRUDA,"RUA ZEFERINO AGRA, 193",-8.02132816,-34.89265085
8,273,1538,8_1538,ESCOLA PROFESSOR ALFREDO FREYRE,ARRUDA,"RUA ZEFERINO AGRA, 193",-8.02132816,-34.89265085
8,274,1538,8_1538,ESCOLA PROFESSOR ALFREDO FREYRE,ARRUDA,"RUA ZEFERINO AGRA, 193",-8.02132816,-34.89265085
8,275,1538,8_1538,ESCOLA PROFESSOR ALFREDO FREYRE,ARRUDA,"RUA ZEFERINO AGRA, 193",-8.02132816,-34.89265085
8,285,1554,8_1554,COLÉGIO MODELO,ARRUDA,"RUA RAMIZ GALVÃO, 83",-8.02761169,-34.89039858
8,286,1554,8_1554,COLÉGIO MODELO,ARRUDA,"RUA RAMIZ GALVÃO, 83",-8.02761169,-34.89039858
8,287,1554,8_1554,COLÉGIO MODELO,ARRUDA,"RUA RAMIZ GALVÃO, 83",-8.02761169,-34.89039858
8,288,1554,8_1554,COLÉGIO MODELO,ARRUDA,"RUA RAMIZ GALVÃO, 83",-8.02761169,-34.89039858
8,289,1554,8_1554,COLÉGIO MODELO,ARRUDA,"RUA RAMIZ GALVÃO, 83",-8.02761169,-34.89039858
8,290,1554,8_1554,COLÉGIO MODELO,ARRUDA,"RUA RAMIZ GALVÃO, 83",-8.02761169,-34.89039858
8,291,1562,8_1562,ESCOLA MUNICIPAL SANTA MARIA,ALTO JOSE DO PINHO,"RUA ACAIACA , 70",-8.02201452,-34.90886759
8,292,1562,8_1562,ESCOLA MUNICIPAL SANTA MARIA,ALTO JOSE DO PINHO,"RUA ACAIACA , 70",-8.02201452,-34.90886759
8,293,1562,8_1562,ESCOLA MUNICIPAL SANTA MARIA,ALTO JOSE DO PINHO,"RUA ACAIACA , 70",-8.02201452,-34.90886759
8,294,1562,8_1562,ESCOLA MUNICIPAL SANTA MARIA,ALTO JOSE DO PINHO,"RUA ACAIACA , 70",-8.02201452,-34.90886759
8,295,1562,8_1562,ESCOLA MUNICIPAL SANTA MARIA,ALTO JOSE DO PINHO,"RUA ACAIACA , 70",-8.02201452,-34.90886759
8,296,1562,8_1562,ESCOLA MUNICIPAL SANTA MARIA,ALTO JOSE DO PINHO,"RUA ACAIACA , 70",-8.02201452,-34.90886759
8,297,1562,8_1562,ESCOLA MUNICIPAL SANTA MARIA,ALTO JOSE DO PINHO,"RUA ACAIACA , 70",-8.02201452,-34.90886759
8,298,1562,8_1562,ESCOLA MUNICIPAL SANTA MARIA,ALTO JOSE DO PINHO,"RUA ACAIACA , 70",-8.02201452,-34.90886759
8,409,1562,8_1562,ESCOLA MUNICIPAL SANTA MARIA,ALTO JOSE DO PINHO,"RUA ACAIACA , 70",-8.02201452,-34.90886759
8,299,1570,8_1570,ESCOLA ESTADUAL JOSÉ VILELA,PARNAMIRIM,"ESTRADA DO ENCANAMENTO, 277",-8.032245,-34.91287333
8,300,1570,8_1570,ESCOLA ESTADUAL JOSÉ VILELA,PARNAMIRIM,"ESTRADA DO ENCANAMENTO, 277",-8.032245,-34.91287333
8,301,1570,8_1570,ESCOLA ESTADUAL JOSÉ VILELA,PARNAMIRIM,"ESTRADA DO ENCANAMENTO, 277",-8.032245,-34.91287333
8,302,1570,8_1570,ESCOLA ESTADUAL JOSÉ VILELA,PARNAMIRIM,"ESTRADA DO ENCANAMENTO, 277",-8.032245,-34.91287333
8,303,1570,8_1570,ESCOLA ESTADUAL JOSÉ VILELA,PARNAMIRIM,"ESTRADA DO ENCANAMENTO, 277",-8.032245,-34.91287333
8,304,1570,8_1570,ESCOLA ESTADUAL JOSÉ VILELA,PARNAMIRIM,"ESTRADA DO ENCANAMENTO, 277",-8.032245,-34.91287333
8,305,1570,8_1570,ESCOLA ESTADUAL JOSÉ VILELA,PARNAMIRIM,"ESTRADA DO ENCANAMENTO, 277",-8.032245,-34.91287333
8,306,1570,8_1570,ESCOLA ESTADUAL JOSÉ VILELA,PARNAMIRIM,"ESTRADA DO ENCANAMENTO, 277",-8.032245,-34.91287333
8,307,1570,8_1570,ESCOLA ESTADUAL JOSÉ VILELA,PARNAMIRIM,"ESTRADA DO ENCANAMENTO, 277",-8.032245,-34.91287333
8,308,1570,8_1570,ESCOLA ESTADUAL JOSÉ VILELA,PARNAMIRIM,"ESTRADA DO ENCANAMENTO, 277",-8.032245,-34.91287333
8,309,1570,8_1570,ESCOLA ESTADUAL JOSÉ VILELA,PARNAMIRIM,"ESTRADA DO ENCANAMENTO, 277",-8.032245,-34.91287333
8,310,1570,8_1570,ESCOLA ESTADUAL JOSÉ VILELA,PARNAMIRIM,"ESTRADA DO ENCANAMENTO, 277",-8.032245,-34.91287333
8,312,1589,8_1589,ESCOLA MUNICIPAL SEVERINA LIRA,TAMARINEIRA,"RUA JOSÉ DE VASCONCELOS, 150",-8.0287,-34.90061167
8,314,1589,8_1589,ESCOLA MUNICIPAL SEVERINA LIRA,TAMARINEIRA,"RUA JOSÉ DE VASCONCELOS, 150",-8.0287,-34.90061167
8,376,1589,8_1589,ESCOLA MUNICIPAL SEVERINA LIRA,TAMARINEIRA,"RUA JOSÉ DE VASCONCELOS, 150",-8.0287,-34.90061167
8,380,1589,8_1589,ESCOLA MUNICIPAL SEVERINA LIRA,TAMARINEIRA,"RUA JOSÉ DE VASCONCELOS, 150",-8.0287,-34.90061167
8,315,1597,8_1597,SESC,MANGABEIRA,AV PROFESSOR JOSÉ DOS ANJOS 1190,-8.02592,-34.90526667
8,316,1597,8_1597,SESC,MANGABEIRA,AV PROFESSOR JOSÉ DOS ANJOS 1190,-8.02592,-34.90526667
8,317,1597,8_1597,SESC,MANGABEIRA,AV PROFESSOR JOSÉ DOS ANJOS 1190,-8.02592,-34.90526667
8,318,1597,8_1597,SESC,MANGABEIRA,AV PROFESSOR JOSÉ DOS ANJOS 1190,-8.02592,-34.90526667
8,319,1597,8_1597,SESC,MANGABEIRA,AV PROFESSOR JOSÉ DOS ANJOS 1190,-8.02592,-34.90526667
8,320,1597,8_1597,SESC,MANGABEIRA,AV PROFESSOR JOSÉ DOS ANJOS 1190,-8.02592,-34.90526667
8,321,1597,8_1597,SESC,MANGABEIRA,AV PROFESSOR JOSÉ DOS ANJOS 1190,-8.02592,-34.90526667
8,322,1597,8_1597,SESC,MANGABEIRA,AV PROFESSOR JOSÉ DOS ANJOS 1190,-8.02592,-34.90526667
8,323,1597,8_1597,SESC,MANGABEIRA,AV PROFESSOR JOSÉ DOS ANJOS 1190,-8.02592,-34.90526667
8,324,1597,8_1597,SESC,MANGABEIRA,AV PROFESSOR JOSÉ DOS ANJOS 1190,-8.02592,-34.90526667
8,325,1600,8_1600,ESCOLA MOTA E ALBUQUERQUE,TAMARINEIRA,"RUA SOARES MORENO , 117",-8.02957,-34.906035
8,326,1600,8_1600,ESCOLA MOTA E ALBUQUERQUE,TAMARINEIRA,"RUA SOARES MORENO , 117",-8.02957,-34.906035
8,327,1600,8_1600,ESCOLA MOTA E ALBUQUERQUE,TAMARINEIRA,"RUA SOARES MORENO , 117",-8.02957,-34.906035
8,328,1600,8_1600,ESCOLA MOTA E ALBUQUERQUE,TAMARINEIRA,"RUA SOARES MORENO , 117",-8.02957,-34.906035
8,329,1600,8_1600,ESCOLA MOTA E ALBUQUERQUE,TAMARINEIRA,"RUA SOARES MORENO , 117",-8.02957,-34.906035
8,330,1600,8_1600,ESCOLA MOTA E ALBUQUERQUE,TAMARINEIRA,"RUA SOARES MORENO , 117",-8.02957,-34.906035
8,331,1619,8_1619,CENTRO SOCIAL DOM JOÃO COSTA,ALTO JOSE DO PINHO,"RUA ACAIACA,70",-8.0218277,-34.90896335
8,332,1619,8_1619,CENTRO SOCIAL DOM JOÃO COSTA,ALTO JOSE DO PINHO,"RUA ACAIACA,70",-8.0218277,-34.90896335
8,333,1619,8_1619,CENTRO SOCIAL DOM JOÃO COSTA,ALTO JOSE DO PINHO,"RUA ACAIACA,70",-8.0218277,-34.90896335
8,334,1619,8_1619,CENTRO SOCIAL DOM JOÃO COSTA,ALTO JOSE DO PINHO,"RUA ACAIACA,70",-8.0218277,-34.90896335
8,335,1619,8_1619,CENTRO SOCIAL DOM JOÃO COSTA,ALTO JOSE DO PINHO,"RUA ACAIACA,70",-8.0218277,-34.90896335
8,336,1627,8_1627,COLÉGIO GGE - PARNAMIRIM,PARNAMIRIM,"RUA DESEMBARGADOR GÓIS CAVALCANTE, 460",-8.03249667,-34.91178333
8,337,1627,8_1627,COLÉGIO GGE - PARNAMIRIM,PARNAMIRIM,"RUA DESEMBARGADOR GÓIS CAVALCANTE, 460",-8.03249667,-34.91178333
8,338,1627,8_1627,COLÉGIO GGE - PARNAMIRIM,PARNAMIRIM,"RUA DESEMBARGADOR GÓIS CAVALCANTE, 460",-8.03249667,-34.91178333
8,339,1627,8_1627,COLÉGIO GGE - PARNAMIRIM,PARNAMIRIM,"RUA DESEMBARGADOR GÓIS CAVALCANTE, 460",-8.03249667,-34.91178333
8,340,1627,8_1627,COLÉGIO GGE - PARNAMIRIM,PARNAMIRIM,"RUA DESEMBARGADOR GÓIS CAVALCANTE, 460",-8.03249667,-34.91178333
8,341,1627,8_1627,COLÉGIO GGE - PARNAMIRIM,PARNAMIRIM,"RUA DESEMBARGADOR GÓIS CAVALCANTE, 460",-8.03249667,-34.91178333
8,342,1635,8_1635,CLUBE ESPORTIVO SOBRE RODAS,ENCRUZILHADA,"RUA SALVADOR DE SA, 125",-8.03218316,-34.89313837
8,343,1635,8_1635,CLUBE ESPORTIVO SOBRE RODAS,ENCRUZILHADA,"RUA SALVADOR DE SA, 125",-8.03218316,-34.89313837
8,344,1635,8_1635,CLUBE ESPORTIVO SOBRE RODAS,ENCRUZILHADA,"RUA SALVADOR DE SA, 125",-8.03218316,-34.89313837
8,345,1635,8_1635,CLUBE ESPORTIVO SOBRE RODAS,ENCRUZILHADA,"RUA SALVADOR DE SA, 125",-8.03218316,-34.89313837
8,346,1635,8_1635,CLUBE ESPORTIVO SOBRE RODAS,ENCRUZILHADA,"RUA SALVADOR DE SA, 125",-8.03218316,-34.89313837
8,347,1643,8_1643,COLÉGIO ADVENTISTA DO ARRUDA,ARRUDA,"RUA ZEFERINO AGRA, 268",-8.02164656,-34.89195485
8,348,1643,8_1643,COLÉGIO ADVENTISTA DO ARRUDA,ARRUDA,"RUA ZEFERINO AGRA, 268",-8.02164656,-34.89195485
8,349,1643,8_1643,COLÉGIO ADVENTISTA DO ARRUDA,ARRUDA,"RUA ZEFERINO AGRA, 268",-8.02164656,-34.89195485
8,350,1643,8_1643,COLÉGIO ADVENTISTA DO ARRUDA,ARRUDA,"RUA ZEFERINO AGRA, 268",-8.02164656,-34.89195485
8,351,1643,8_1643,COLÉGIO ADVENTISTA DO ARRUDA,ARRUDA,"RUA ZEFERINO AGRA, 268",-8.02164656,-34.89195485
8,352,1643,8_1643,COLÉGIO ADVENTISTA DO ARRUDA,ARRUDA,"RUA ZEFERINO AGRA, 268",-8.02164656,-34.89195485
8,353,1643,8_1643,COLÉGIO ADVENTISTA DO ARRUDA,ARRUDA,"RUA ZEFERINO AGRA, 268",-8.02164656,-34.89195485
8,354,1643,8_1643,COLÉGIO ADVENTISTA DO ARRUDA,ARRUDA,"RUA ZEFERINO AGRA, 268",-8.02164656,-34.89195485
8,355,1643,8_1643,COLÉGIO ADVENTISTA DO ARRUDA,ARRUDA,"RUA ZEFERINO AGRA, 268",-8.02164656,-34.89195485
8,356,1643,8_1643,COLÉGIO ADVENTISTA DO ARRUDA,ARRUDA,"RUA ZEFERINO AGRA, 268",-8.02164656,-34.89195485
8,357,1643,8_1643,COLÉGIO ADVENTISTA DO ARRUDA,ARRUDA,"RUA ZEFERINO AGRA, 268",-8.02164656,-34.89195485
8,358,1643,8_1643,COLÉGIO ADVENTISTA DO ARRUDA,ARRUDA,"RUA ZEFERINO AGRA, 268",-8.02164656,-34.89195485
8,359,1643,8_1643,COLÉGIO ADVENTISTA DO ARRUDA,ARRUDA,"RUA ZEFERINO AGRA, 268",-8.02164656,-34.89195485
8,360,1643,8_1643,COLÉGIO ADVENTISTA DO ARRUDA,ARRUDA,"RUA ZEFERINO AGRA, 268",-8.02164656,-34.89195485
8,361,1643,8_1643,COLÉGIO ADVENTISTA DO ARRUDA,ARRUDA,"RUA ZEFERINO AGRA, 268",-8.02164656,-34.89195485
8,362,1643,8_1643,COLÉGIO ADVENTISTA DO ARRUDA,ARRUDA,"RUA ZEFERINO AGRA, 268",-8.02164656,-34.89195485
8,363,1643,8_1643,COLÉGIO ADVENTISTA DO ARRUDA,ARRUDA,"RUA ZEFERINO AGRA, 268",-8.02164656,-34.89195485
8,364,1643,8_1643,COLÉGIO ADVENTISTA DO ARRUDA,ARRUDA,"RUA ZEFERINO AGRA, 268",-8.02164656,-34.89195485
8,365,1643,8_1643,COLÉGIO ADVENTISTA DO ARRUDA,ARRUDA,"RUA ZEFERINO AGRA, 268",-8.02164656,-34.89195485
8,366,1643,8_1643,COLÉGIO ADVENTISTA DO ARRUDA,ARRUDA,"RUA ZEFERINO AGRA, 268",-8.02164656,-34.89195485
8,367,1643,8_1643,COLÉGIO ADVENTISTA DO ARRUDA,ARRUDA,"RUA ZEFERINO AGRA, 268",-8.02164656,-34.89195485
8,368,1651,8_1651,DNOCS,TAMARINEIRA,RUA CONEGO BARATA 999,-8.02733833,-34.89758833
8,369,1651,8_1651,DNOCS,TAMARINEIRA,RUA CONEGO BARATA 999,-8.02733833,-34.89758833
8,370,1651,8_1651,DNOCS,TAMARINEIRA,RUA CONEGO BARATA 999,-8.02733833,-34.89758833
8,371,1651,8_1651,DNOCS,TAMARINEIRA,RUA CONEGO BARATA 999,-8.02733833,-34.89758833
8,372,1651,8_1651,DNOCS,TAMARINEIRA,RUA CONEGO BARATA 999,-8.02733833,-34.89758833
8,373,1651,8_1651,DNOCS,TAMARINEIRA,RUA CONEGO BARATA 999,-8.02733833,-34.89758833
8,374,1651,8_1651,DNOCS,TAMARINEIRA,RUA CONEGO BARATA 999,-8.02733833,-34.89758833
8,375,1651,8_1651,DNOCS,TAMARINEIRA,RUA CONEGO BARATA 999,-8.02733833,-34.89758833
8,377,1651,8_1651,DNOCS,TAMARINEIRA,RUA CONEGO BARATA 999,-8.02733833,-34.89758833
8,378,1651,8_1651,DNOCS,TAMARINEIRA,RUA CONEGO BARATA 999,-8.02733833,-34.89758833
8,379,1651,8_1651,DNOCS,TAMARINEIRA,RUA CONEGO BARATA 999,-8.02733833,-34.89758833
8,381,1651,8_1651,DNOCS,TAMARINEIRA,RUA CONEGO BARATA 999,-8.02733833,-34.89758833
8,382,1651,8_1651,DNOCS,TAMARINEIRA,RUA CONEGO BARATA 999,-8.02733833,-34.89758833
8,383,1660,8_1660,SANTA CRUZ FUTEBOL CLUBE,ARRUDA,"AVENIDA BEBERIBE,1285",-8.02648904,-34.8930908
8,384,1660,8_1660,SANTA CRUZ FUTEBOL CLUBE,ARRUDA,"AVENIDA BEBERIBE,1285",-8.02648904,-34.8930908
8,385,1660,8_1660,SANTA CRUZ FUTEBOL CLUBE,ARRUDA,"AVENIDA BEBERIBE,1285",-8.02648904,-34.8930908
8,386,1660,8_1660,SANTA CRUZ FUTEBOL CLUBE,ARRUDA,"AVENIDA BEBERIBE,1285",-8.02648904,-34.8930908
8,387,1660,8_1660,SANTA CRUZ FUTEBOL CLUBE,ARRUDA,"AVENIDA BEBERIBE,1285",-8.02648904,-34.8930908
8,388,1660,8_1660,SANTA CRUZ FUTEBOL CLUBE,ARRUDA,"AVENIDA BEBERIBE,1285",-8.02648904,-34.8930908
8,389,1660,8_1660,SANTA CRUZ FUTEBOL CLUBE,ARRUDA,"AVENIDA BEBERIBE,1285",-8.02648904,-34.8930908
8,390,1660,8_1660,SANTA CRUZ FUTEBOL CLUBE,ARRUDA,"AVENIDA BEBERIBE,1285",-8.02648904,-34.8930908
8,391,1660,8_1660,SANTA CRUZ FUTEBOL CLUBE,ARRUDA,"AVENIDA BEBERIBE,1285",-8.02648904,-34.8930908
8,392,1660,8_1660,SANTA CRUZ FUTEBOL CLUBE,ARRUDA,"AVENIDA BEBERIBE,1285",-8.02648904,-34.8930908
8,393,1660,8_1660,SANTA CRUZ FUTEBOL CLUBE,ARRUDA,"AVENIDA BEBERIBE,1285",-8.02648904,-34.8930908
8,394,1678,8_1678,ESCOLA DONA MARIA TERESA CORREIA,ALTO JOSE DO PINHO,RUA SEIS S/N,-8.02192891,-34.90738392
8,395,1678,8_1678,ESCOLA DONA MARIA TERESA CORREIA,ALTO JOSE DO PINHO,RUA SEIS S/N,-8.02192891,-34.90738392
8,396,1678,8_1678,ESCOLA DONA MARIA TERESA CORREIA,ALTO JOSE DO PINHO,RUA SEIS S/N,-8.02192891,-34.90738392
8,397,1678,8_1678,ESCOLA DONA MARIA TERESA CORREIA,ALTO JOSE DO PINHO,RUA SEIS S/N,-8.02192891,-34.90738392
8,398,1678,8_1678,ESCOLA DONA MARIA TERESA CORREIA,ALTO JOSE DO PINHO,RUA SEIS S/N,-8.02192891,-34.90738392
8,399,1678,8_1678,ESCOLA DONA MARIA TERESA CORREIA,ALTO JOSE DO PINHO,RUA SEIS S/N,-8.02192891,-34.90738392
8,400,1678,8_1678,ESCOLA DONA MARIA TERESA CORREIA,ALTO JOSE DO PINHO,RUA SEIS S/N,-8.02192891,-34.90738392
8,401,1678,8_1678,ESCOLA DONA MARIA TERESA CORREIA,ALTO JOSE DO PINHO,RUA SEIS S/N,-8.02192891,-34.90738392
8,402,1678,8_1678,ESCOLA DONA MARIA TERESA CORREIA,ALTO JOSE DO PINHO,RUA SEIS S/N,-8.02192891,-34.90738392
8,403,1678,8_1678,ESCOLA DONA MARIA TERESA CORREIA,ALTO JOSE DO PINHO,RUA SEIS S/N,-8.02192891,-34.90738392
8,276,1732,8_1732,PARÓQUIA DE SANTO ANTONIO ÁGUA FRIA/ARRUDA,AGUA FRIA,"RUA ZEFERINO AGRA, 580",-8.0225158,-34.8891801
8,277,1732,8_1732,PARÓQUIA DE SANTO ANTONIO ÁGUA FRIA/ARRUDA,AGUA FRIA,"RUA ZEFERINO AGRA, 580",-8.0225158,-34.8891801
8,278,1732,8_1732,PARÓQUIA DE SANTO ANTONIO ÁGUA FRIA/ARRUDA,AGUA FRIA,"RUA ZEFERINO AGRA, 580",-8.0225158,-34.8891801
8,279,1732,8_1732,PARÓQUIA DE SANTO ANTONIO ÁGUA FRIA/ARRUDA,AGUA FRIA,"RUA ZEFERINO AGRA, 580",-8.0225158,-34.8891801
8,156,1740,8_1740,COLÉGIO TERCEIRO MILÊNIO,ESPINHEIRO,"RUA DR. FERNANDO ALAIN, 136",-8.0425521,-34.8884879
8,160,1740,8_1740,COLÉGIO TERCEIRO MILÊNIO,ESPINHEIRO,"RUA DR. FERNANDO ALAIN, 136",-8.0425521,-34.8884879
8,164,1740,8_1740,COLÉGIO TERCEIRO MILÊNIO,ESPINHEIRO,"RUA DR. FERNANDO ALAIN, 136",-8.0425521,-34.8884879
8,167,1740,8_1740,COLÉGIO TERCEIRO MILÊNIO,ESPINHEIRO,"RUA DR. FERNANDO ALAIN, 136",-8.0425521,-34.8884879
8,171,1740,8_1740,COLÉGIO TERCEIRO MILÊNIO,ESPINHEIRO,"RUA DR. FERNANDO ALAIN, 136",-8.0425521,-34.8884879
8,181,1740,8_1740,COLÉGIO TERCEIRO MILÊNIO,ESPINHEIRO,"RUA DR. FERNANDO ALAIN, 136",-8.0425521,-34.8884879
8,183,1740,8_1740,COLÉGIO TERCEIRO MILÊNIO,ESPINHEIRO,"RUA DR. FERNANDO ALAIN, 136",-8.0425521,-34.8884879
8,191,1740,8_1740,COLÉGIO TERCEIRO MILÊNIO,ESPINHEIRO,"RUA DR. FERNANDO ALAIN, 136",-8.0425521,-34.8884879
8,207,1740,8_1740,COLÉGIO TERCEIRO MILÊNIO,ESPINHEIRO,"RUA DR. FERNANDO ALAIN, 136",-8.0425521,-34.8884879
8,280,1759,8_1759,COLÉGIO TRIUNFO,ARRUDA,"R. DO TRIUNFO, 647",-8.0252439,-34.8884964
8,281,1759,8_1759,COLÉGIO TRIUNFO,ARRUDA,"R. DO TRIUNFO, 647",-8.0252439,-34.8884964
8,282,1759,8_1759,COLÉGIO TRIUNFO,ARRUDA,"R. DO TRIUNFO, 647",-8.0252439,-34.8884964
8,283,1759,8_1759,COLÉGIO TRIUNFO,ARRUDA,"R. DO TRIUNFO, 647",-8.0252439,-34.8884964
8,284,1759,8_1759,COLÉGIO TRIUNFO,ARRUDA,"R. DO TRIUNFO, 647",-8.0252439,-34.8884964
8,407,1759,8_1759,COLÉGIO TRIUNFO,ARRUDA,"R. DO TRIUNFO, 647",-8.0252439,-34.8884964
8,411,1767,8_1767,ANTIGA SEDE DO TRE/PE (VOTO EM TRÂNSITO),GRACAS,"AV. RUI BARBOSA, 320",-8.0488639,-34.89876
8,412,1767,8_1767,ANTIGA SEDE DO TRE/PE (VOTO EM TRÂNSITO),GRACAS,"AV. RUI BARBOSA, 320",-8.0488639,-34.89876
8,413,1767,8_1767,ANTIGA SEDE DO TRE/PE (VOTO EM TRÂNSITO),GRACAS,"AV. RUI BARBOSA, 320",-8.0488639,-34.89876
8,414,1767,8_1767,ANTIGA SEDE DO TRE/PE (VOTO EM TRÂNSITO),GRACAS,"AV. RUI BARBOSA, 320",-8.0488639,-34.89876
8,415,1767,8_1767,ANTIGA SEDE DO TRE/PE (VOTO EM TRÂNSITO),GRACAS,"AV. RUI BARBOSA, 320",-8.0488639,-34.89876
9,61,1015,9_1015,ESCOLA MUNICIPAL POETA SOLANO TRINDADE,AGUA FRIA,"RUA MANOEL SILVA, 134",-8.0183707,-34.8891694
9,62,1015,9_1015,ESCOLA MUNICIPAL POETA SOLANO TRINDADE,AGUA FRIA,"RUA MANOEL SILVA, 134",-8.0183707,-34.8891694
9,63,1015,9_1015,ESCOLA MUNICIPAL POETA SOLANO TRINDADE,AGUA FRIA,"RUA MANOEL SILVA, 134",-8.0183707,-34.8891694
9,64,1015,9_1015,ESCOLA MUNICIPAL POETA SOLANO TRINDADE,AGUA FRIA,"RUA MANOEL SILVA, 134",-8.0183707,-34.8891694
9,65,1015,9_1015,ESCOLA MUNICIPAL POETA SOLANO TRINDADE,AGUA FRIA,"RUA MANOEL SILVA, 134",-8.0183707,-34.8891694
9,209,1015,9_1015,ESCOLA MUNICIPAL POETA SOLANO TRINDADE,AGUA FRIA,"RUA MANOEL SILVA, 134",-8.0183707,-34.8891694
9,323,1015,9_1015,ESCOLA MUNICIPAL POETA SOLANO TRINDADE,AGUA FRIA,"RUA MANOEL SILVA, 134",-8.0183707,-34.8891694
9,325,1015,9_1015,ESCOLA MUNICIPAL POETA SOLANO TRINDADE,AGUA FRIA,"RUA MANOEL SILVA, 134",-8.0183707,-34.8891694
9,12,1023,9_1023,EREM PROF. MARDÔNIO DE ANDRADE DE LIMA COELHO,BOMBA DO HEMETERIO,"RUA CHA DE ALEGRIA, 117",-8.0207659,-34.9038273
9,13,1023,9_1023,EREM PROF. MARDÔNIO DE ANDRADE DE LIMA COELHO,BOMBA DO HEMETERIO,"RUA CHA DE ALEGRIA, 117",-8.0207659,-34.9038273
9,14,1023,9_1023,EREM PROF. MARDÔNIO DE ANDRADE DE LIMA COELHO,BOMBA DO HEMETERIO,"RUA CHA DE ALEGRIA, 117",-8.0207659,-34.9038273
9,15,1023,9_1023,EREM PROF. MARDÔNIO DE ANDRADE DE LIMA COELHO,BOMBA DO HEMETERIO,"RUA CHA DE ALEGRIA, 117",-8.0207659,-34.9038273
9,16,1023,9_1023,EREM PROF. MARDÔNIO DE ANDRADE DE LIMA COELHO,BOMBA DO HEMETERIO,"RUA CHA DE ALEGRIA, 117",-8.0207659,-34.9038273
9,17,1023,9_1023,EREM PROF. MARDÔNIO DE ANDRADE DE LIMA COELHO,BOMBA DO HEMETERIO,"RUA CHA DE ALEGRIA, 117",-8.0207659,-34.9038273
9,18,1023,9_1023,EREM PROF. MARDÔNIO DE ANDRADE DE LIMA COELHO,BOMBA DO HEMETERIO,"RUA CHA DE ALEGRIA, 117",-8.0207659,-34.9038273
9,77,1023,9_1023,EREM PROF. MARDÔNIO DE ANDRADE DE LIMA COELHO,BOMBA DO HEMETERIO,"RUA CHA DE ALEGRIA, 117",-8.0207659,-34.9038273
9,78,1023,9_1023,EREM PROF. MARDÔNIO DE ANDRADE DE LIMA COELHO,BOMBA DO HEMETERIO,"RUA CHA DE ALEGRIA, 117",-8.0207659,-34.9038273
9,79,1023,9_1023,EREM PROF. MARDÔNIO DE ANDRADE DE LIMA COELHO,BOMBA DO HEMETERIO,"RUA CHA DE ALEGRIA, 117",-8.0207659,-34.9038273
9,232,1023,9_1023,EREM PROF. MARDÔNIO DE ANDRADE DE LIMA COELHO,BOMBA DO HEMETERIO,"RUA CHA DE ALEGRIA, 117",-8.0207659,-34.9038273
9,236,1023,9_1023,EREM PROF. MARDÔNIO DE ANDRADE DE LIMA COELHO,BOMBA DO HEMETERIO,"RUA CHA DE ALEGRIA, 117",-8.0207659,-34.9038273
9,239,1023,9_1023,EREM PROF. MARDÔNIO DE ANDRADE DE LIMA COELHO,BOMBA DO HEMETERIO,"RUA CHA DE ALEGRIA, 117",-8.0207659,-34.9038273
9,251,1023,9_1023,EREM PROF. MARDÔNIO DE ANDRADE DE LIMA COELHO,BOMBA DO HEMETERIO,"RUA CHA DE ALEGRIA, 117",-8.0207659,-34.9038273
9,530,1023,9_1023,EREM PROF. MARDÔNIO DE ANDRADE DE LIMA COELHO,BOMBA DO HEMETERIO,"RUA CHA DE ALEGRIA, 117",-8.0207659,-34.9038273
9,541,1023,9_1023,EREM PROF. MARDÔNIO DE ANDRADE DE LIMA COELHO,BOMBA DO HEMETERIO,"RUA CHA DE ALEGRIA, 117",-8.0207659,-34.9038273
9,546,1023,9_1023,EREM PROF. MARDÔNIO DE ANDRADE DE LIMA COELHO,BOMBA DO HEMETERIO,"RUA CHA DE ALEGRIA, 117",-8.0207659,-34.9038273
9,19,1058,9_1058,ESCOLA ROTARY DO ALTO DO PASCOAL,AGUA FRIA,"RUA LADEIRA DE PEDRA, 958",-8.0153764,-34.9020735
9,20,1058,9_1058,ESCOLA ROTARY DO ALTO DO PASCOAL,AGUA FRIA,"RUA LADEIRA DE PEDRA, 958",-8.0153764,-34.9020735
9,21,1058,9_1058,ESCOLA ROTARY DO ALTO DO PASCOAL,AGUA FRIA,"RUA LADEIRA DE PEDRA, 958",-8.0153764,-34.9020735
9,22,1058,9_1058,ESCOLA ROTARY DO ALTO DO PASCOAL,AGUA FRIA,"RUA LADEIRA DE PEDRA, 958",-8.0153764,-34.9020735
9,23,1058,9_1058,ESCOLA ROTARY DO ALTO DO PASCOAL,AGUA FRIA,"RUA LADEIRA DE PEDRA, 958",-8.0153764,-34.9020735
9,24,1058,9_1058,ESCOLA ROTARY DO ALTO DO PASCOAL,AGUA FRIA,"RUA LADEIRA DE PEDRA, 958",-8.0153764,-34.9020735
9,25,1058,9_1058,ESCOLA ROTARY DO ALTO DO PASCOAL,AGUA FRIA,"RUA LADEIRA DE PEDRA, 958",-8.0153764,-34.9020735
9,42,1058,9_1058,ESCOLA ROTARY DO ALTO DO PASCOAL,AGUA FRIA,"RUA LADEIRA DE PEDRA, 958",-8.0153764,-34.9020735
9,43,1058,9_1058,ESCOLA ROTARY DO ALTO DO PASCOAL,AGUA FRIA,"RUA LADEIRA DE PEDRA, 958",-8.0153764,-34.9020735
9,44,1058,9_1058,ESCOLA ROTARY DO ALTO DO PASCOAL,AGUA FRIA,"RUA LADEIRA DE PEDRA, 958",-8.0153764,-34.9020735
9,45,1058,9_1058,ESCOLA ROTARY DO ALTO DO PASCOAL,AGUA FRIA,"RUA LADEIRA DE PEDRA, 958",-8.0153764,-34.9020735
9,46,1058,9_1058,ESCOLA ROTARY DO ALTO DO PASCOAL,AGUA FRIA,"RUA LADEIRA DE PEDRA, 958",-8.0153764,-34.9020735
9,47,1058,9_1058,ESCOLA ROTARY DO ALTO DO PASCOAL,AGUA FRIA,"RUA LADEIRA DE PEDRA, 958",-8.0153764,-34.9020735
9,246,1058,9_1058,ESCOLA ROTARY DO ALTO DO PASCOAL,AGUA FRIA,"RUA LADEIRA DE PEDRA, 958",-8.0153764,-34.9020735
9,188,1066,9_1066,ESCOLA ESTADUAL ROSA MAGALHAES MELO,LINHA DO TIRO,"AV ANIBAL BENEVOLO, 1378",-8.0106041,-34.9015524
9,195,1066,9_1066,ESCOLA ESTADUAL ROSA MAGALHAES MELO,LINHA DO TIRO,"AV ANIBAL BENEVOLO, 1378",-8.0106041,-34.9015524
9,210,1066,9_1066,ESCOLA ESTADUAL ROSA MAGALHAES MELO,LINHA DO TIRO,"AV ANIBAL BENEVOLO, 1378",-8.0106041,-34.9015524
9,216,1066,9_1066,ESCOLA ESTADUAL ROSA MAGALHAES MELO,LINHA DO TIRO,"AV ANIBAL BENEVOLO, 1378",-8.0106041,-34.9015524
9,219,1066,9_1066,ESCOLA ESTADUAL ROSA MAGALHAES MELO,LINHA DO TIRO,"AV ANIBAL BENEVOLO, 1378",-8.0106041,-34.9015524
9,221,1066,9_1066,ESCOLA ESTADUAL ROSA MAGALHAES MELO,LINHA DO TIRO,"AV ANIBAL BENEVOLO, 1378",-8.0106041,-34.9015524
9,224,1066,9_1066,ESCOLA ESTADUAL ROSA MAGALHAES MELO,LINHA DO TIRO,"AV ANIBAL BENEVOLO, 1378",-8.0106041,-34.9015524
9,227,1066,9_1066,ESCOLA ESTADUAL ROSA MAGALHAES MELO,LINHA DO TIRO,"AV ANIBAL BENEVOLO, 1378",-8.0106041,-34.9015524
9,256,1066,9_1066,ESCOLA ESTADUAL ROSA MAGALHAES MELO,LINHA DO TIRO,"AV ANIBAL BENEVOLO, 1378",-8.0106041,-34.9015524
9,529,1066,9_1066,ESCOLA ESTADUAL ROSA MAGALHAES MELO,LINHA DO TIRO,"AV ANIBAL BENEVOLO, 1378",-8.0106041,-34.9015524
9,547,1066,9_1066,ESCOLA ESTADUAL ROSA MAGALHAES MELO,LINHA DO TIRO,"AV ANIBAL BENEVOLO, 1378",-8.0106041,-34.9015524
9,80,1120,9_1120,ESCOLA ESTADUAL ANA MALTA DA COSTA AZEVEDO,ALTO JOSE DO PINHO,"RUA PADRE OLIVEIRA, 684",-8.0190826,-34.9098386
9,81,1120,9_1120,ESCOLA ESTADUAL ANA MALTA DA COSTA AZEVEDO,ALTO JOSE DO PINHO,"RUA PADRE OLIVEIRA, 684",-8.0190826,-34.9098386
9,82,1120,9_1120,ESCOLA ESTADUAL ANA MALTA DA COSTA AZEVEDO,ALTO JOSE DO PINHO,"RUA PADRE OLIVEIRA, 684",-8.0190826,-34.9098386
9,311,1120,9_1120,ESCOLA ESTADUAL ANA MALTA DA COSTA AZEVEDO,ALTO JOSE DO PINHO,"RUA PADRE OLIVEIRA, 684",-8.0190826,-34.9098386
9,525,1120,9_1120,ESCOLA ESTADUAL ANA MALTA DA COSTA AZEVEDO,ALTO JOSE DO PINHO,"RUA PADRE OLIVEIRA, 684",-8.0190826,-34.9098386
9,167,1236,9_1236,ESCOLA ESTADUAL PROF. PEDRO AUGUSTO CARNEIRO LEAO,FUNDAO,"AVENIDA BEBERIBE, 2595",-8.0157297,-34.890929
9,168,1236,9_1236,ESCOLA ESTADUAL PROF. PEDRO AUGUSTO CARNEIRO LEAO,FUNDAO,"AVENIDA BEBERIBE, 2595",-8.0157297,-34.890929
9,169,1236,9_1236,ESCOLA ESTADUAL PROF. PEDRO AUGUSTO CARNEIRO LEAO,FUNDAO,"AVENIDA BEBERIBE, 2595",-8.0157297,-34.890929
9,170,1236,9_1236,ESCOLA ESTADUAL PROF. PEDRO AUGUSTO CARNEIRO LEAO,FUNDAO,"AVENIDA BEBERIBE, 2595",-8.0157297,-34.890929
9,171,1236,9_1236,ESCOLA ESTADUAL PROF. PEDRO AUGUSTO CARNEIRO LEAO,FUNDAO,"AVENIDA BEBERIBE, 2595",-8.0157297,-34.890929
9,172,1236,9_1236,ESCOLA ESTADUAL PROF. PEDRO AUGUSTO CARNEIRO LEAO,FUNDAO,"AVENIDA BEBERIBE, 2595",-8.0157297,-34.890929
9,173,1236,9_1236,ESCOLA ESTADUAL PROF. PEDRO AUGUSTO CARNEIRO LEAO,FUNDAO,"AVENIDA BEBERIBE, 2595",-8.0157297,-34.890929
9,174,1236,9_1236,ESCOLA ESTADUAL PROF. PEDRO AUGUSTO CARNEIRO LEAO,FUNDAO,"AVENIDA BEBERIBE, 2595",-8.0157297,-34.890929
9,175,1236,9_1236,ESCOLA ESTADUAL PROF. PEDRO AUGUSTO CARNEIRO LEAO,FUNDAO,"AVENIDA BEBERIBE, 2595",-8.0157297,-34.890929
9,176,1236,9_1236,ESCOLA ESTADUAL PROF. PEDRO AUGUSTO CARNEIRO LEAO,FUNDAO,"AVENIDA BEBERIBE, 2595",-8.0157297,-34.890929
9,215,1236,9_1236,ESCOLA ESTADUAL PROF. PEDRO AUGUSTO CARNEIRO LEAO,FUNDAO,"AVENIDA BEBERIBE, 2595",-8.0157297,-34.890929
9,535,1236,9_1236,ESCOLA ESTADUAL PROF. PEDRO AUGUSTO CARNEIRO LEAO,FUNDAO,"AVENIDA BEBERIBE, 2595",-8.0157297,-34.890929
9,8,1325,9_1325,ESCOLA MUNICIPAL ANTONIO HERACLIO DO REGO,AGUA FRIA,"RUA MANOEL SILVA, 134",-8.0185508,-34.8889563
9,9,1325,9_1325,ESCOLA MUNICIPAL ANTONIO HERACLIO DO REGO,AGUA FRIA,"RUA MANOEL SILVA, 134",-8.0185508,-34.8889563
9,10,1325,9_1325,ESCOLA MUNICIPAL ANTONIO HERACLIO DO REGO,AGUA FRIA,"RUA MANOEL SILVA, 134",-8.0185508,-34.8889563
9,11,1325,9_1325,ESCOLA MUNICIPAL ANTONIO HERACLIO DO REGO,AGUA FRIA,"RUA MANOEL SILVA, 134",-8.0185508,-34.8889563
9,54,1325,9_1325,ESCOLA MUNICIPAL ANTONIO HERACLIO DO REGO,AGUA FRIA,"RUA MANOEL SILVA, 134",-8.0185508,-34.8889563
9,55,1325,9_1325,ESCOLA MUNICIPAL ANTONIO HERACLIO DO REGO,AGUA FRIA,"RUA MANOEL SILVA, 134",-8.0185508,-34.8889563
9,56,1325,9_1325,ESCOLA MUNICIPAL ANTONIO HERACLIO DO REGO,AGUA FRIA,"RUA MANOEL SILVA, 134",-8.0185508,-34.8889563
9,57,1325,9_1325,ESCOLA MUNICIPAL ANTONIO HERACLIO DO REGO,AGUA FRIA,"RUA MANOEL SILVA, 134",-8.0185508,-34.8889563
9,58,1325,9_1325,ESCOLA MUNICIPAL ANTONIO HERACLIO DO REGO,AGUA FRIA,"RUA MANOEL SILVA, 134",-8.0185508,-34.8889563
9,59,1325,9_1325,ESCOLA MUNICIPAL ANTONIO HERACLIO DO REGO,AGUA FRIA,"RUA MANOEL SILVA, 134",-8.0185508,-34.8889563
9,60,1325,9_1325,ESCOLA MUNICIPAL ANTONIO HERACLIO DO REGO,AGUA FRIA,"RUA MANOEL SILVA, 134",-8.0185508,-34.8889563
9,260,1392,9_1392,ESCOLA MUNICIPAL SAO JOAO BATISTA,LINHA DO TIRO,"AVENIDA ANIBAL BENEVOLO, 1800",-8.0120094,-34.9045723
9,273,1392,9_1392,ESCOLA MUNICIPAL SAO JOAO BATISTA,LINHA DO TIRO,"AVENIDA ANIBAL BENEVOLO, 1800",-8.0120094,-34.9045723
9,285,1392,9_1392,ESCOLA MUNICIPAL SAO JOAO BATISTA,LINHA DO TIRO,"AVENIDA ANIBAL BENEVOLO, 1800",-8.0120094,-34.9045723
9,299,1392,9_1392,ESCOLA MUNICIPAL SAO JOAO BATISTA,LINHA DO TIRO,"AVENIDA ANIBAL BENEVOLO, 1800",-8.0120094,-34.9045723
9,308,1392,9_1392,ESCOLA MUNICIPAL SAO JOAO BATISTA,LINHA DO TIRO,"AVENIDA ANIBAL BENEVOLO, 1800",-8.0120094,-34.9045723
9,234,1414,9_1414,ESCOLA ESTADUAL SAO FRANCISCO DE ASSIS,ARRUDA,"RUA SAO BENTO, 157",-8.0236027,-34.895349
9,238,1414,9_1414,ESCOLA ESTADUAL SAO FRANCISCO DE ASSIS,ARRUDA,"RUA SAO BENTO, 157",-8.0236027,-34.895349
9,240,1414,9_1414,ESCOLA ESTADUAL SAO FRANCISCO DE ASSIS,ARRUDA,"RUA SAO BENTO, 157",-8.0236027,-34.895349
9,250,1414,9_1414,ESCOLA ESTADUAL SAO FRANCISCO DE ASSIS,ARRUDA,"RUA SAO BENTO, 157",-8.0236027,-34.895349
9,342,1414,9_1414,ESCOLA ESTADUAL SAO FRANCISCO DE ASSIS,ARRUDA,"RUA SAO BENTO, 157",-8.0236027,-34.895349
9,524,1414,9_1414,ESCOLA ESTADUAL SAO FRANCISCO DE ASSIS,ARRUDA,"RUA SAO BENTO, 157",-8.0236027,-34.895349
9,277,1465,9_1465,ESCOLA ESTADUAL GABRIELA MISTRAL,AGUA FRIA,"RUA LADEIRA DE PEDRA, SN",-8.0139627,-34.9036098
9,287,1465,9_1465,ESCOLA ESTADUAL GABRIELA MISTRAL,AGUA FRIA,"RUA LADEIRA DE PEDRA, SN",-8.0139627,-34.9036098
9,291,1465,9_1465,ESCOLA ESTADUAL GABRIELA MISTRAL,AGUA FRIA,"RUA LADEIRA DE PEDRA, SN",-8.0139627,-34.9036098
9,301,1465,9_1465,ESCOLA ESTADUAL GABRIELA MISTRAL,AGUA FRIA,"RUA LADEIRA DE PEDRA, SN",-8.0139627,-34.9036098
9,313,1465,9_1465,ESCOLA ESTADUAL GABRIELA MISTRAL,AGUA FRIA,"RUA LADEIRA DE PEDRA, SN",-8.0139627,-34.9036098
9,316,1465,9_1465,ESCOLA ESTADUAL GABRIELA MISTRAL,AGUA FRIA,"RUA LADEIRA DE PEDRA, SN",-8.0139627,-34.9036098
9,527,1465,9_1465,ESCOLA ESTADUAL GABRIELA MISTRAL,AGUA FRIA,"RUA LADEIRA DE PEDRA, SN",-8.0139627,-34.9036098
9,310,1490,9_1490,ESCOLA MUNICIPAL MANOEL ANTONIO DE FREITAS,ALTO SANTA TEREZINHA,"RUA SAO JERONIMO, 147",-8.0176833,-34.909161
9,324,1490,9_1490,ESCOLA MUNICIPAL MANOEL ANTONIO DE FREITAS,ALTO SANTA TEREZINHA,"RUA SAO JERONIMO, 147",-8.0176833,-34.909161
9,526,1490,9_1490,ESCOLA MUNICIPAL MANOEL ANTONIO DE FREITAS,ALTO SANTA TEREZINHA,"RUA SAO JERONIMO, 147",-8.0176833,-34.909161
9,83,1511,9_1511,COLEGIO MOVIMENTO- ANTIGO HORIZONTE,AGUA FRIA,"RUA MOEMA, 157",-8.0183649,-34.8915892
9,84,1511,9_1511,COLEGIO MOVIMENTO- ANTIGO HORIZONTE,AGUA FRIA,"RUA MOEMA, 157",-8.0183649,-34.8915892
9,85,1511,9_1511,COLEGIO MOVIMENTO- ANTIGO HORIZONTE,AGUA FRIA,"RUA MOEMA, 157",-8.0183649,-34.8915892
9,200,1511,9_1511,COLEGIO MOVIMENTO- ANTIGO HORIZONTE,AGUA FRIA,"RUA MOEMA, 157",-8.0183649,-34.8915892
9,317,1511,9_1511,COLEGIO MOVIMENTO- ANTIGO HORIZONTE,AGUA FRIA,"RUA MOEMA, 157",-8.0183649,-34.8915892
9,319,1511,9_1511,COLEGIO MOVIMENTO- ANTIGO HORIZONTE,AGUA FRIA,"RUA MOEMA, 157",-8.0183649,-34.8915892
9,321,1520,9_1520,CLUBE ASSISTENCIAL ESPORTIVO BELA VISTA,BEBERIBE,"RUA ANÍBAL BENÉVOLO, 636",-8.0076938,-34.8958993
9,327,1520,9_1520,CLUBE ASSISTENCIAL ESPORTIVO BELA VISTA,BEBERIBE,"RUA ANÍBAL BENÉVOLO, 636",-8.0076938,-34.8958993
9,331,1520,9_1520,CLUBE ASSISTENCIAL ESPORTIVO BELA VISTA,BEBERIBE,"RUA ANÍBAL BENÉVOLO, 636",-8.0076938,-34.8958993
9,333,1520,9_1520,CLUBE ASSISTENCIAL ESPORTIVO BELA VISTA,BEBERIBE,"RUA ANÍBAL BENÉVOLO, 636",-8.0076938,-34.8958993
9,336,1520,9_1520,CLUBE ASSISTENCIAL ESPORTIVO BELA VISTA,BEBERIBE,"RUA ANÍBAL BENÉVOLO, 636",-8.0076938,-34.8958993
9,339,1520,9_1520,CLUBE ASSISTENCIAL ESPORTIVO BELA VISTA,BEBERIBE,"RUA ANÍBAL BENÉVOLO, 636",-8.0076938,-34.8958993
9,340,1520,9_1520,CLUBE ASSISTENCIAL ESPORTIVO BELA VISTA,BEBERIBE,"RUA ANÍBAL BENÉVOLO, 636",-8.0076938,-34.8958993
9,341,1520,9_1520,CLUBE ASSISTENCIAL ESPORTIVO BELA VISTA,BEBERIBE,"RUA ANÍBAL BENÉVOLO, 636",-8.0076938,-34.8958993
9,536,1520,9_1520,CLUBE ASSISTENCIAL ESPORTIVO BELA VISTA,BEBERIBE,"RUA ANÍBAL BENÉVOLO, 636",-8.0076938,-34.8958993
9,326,1546,9_1546,ESCOLA MUNICIPAL ANA MAURÍCIA WANDERLEY,AGUA FRIA,"RUA JOÃO UZEDA LUNA, 813 - CORREGO SÃO SEBASTIÃO",-8.0179648,-34.8960306
9,328,1546,9_1546,ESCOLA MUNICIPAL ANA MAURÍCIA WANDERLEY,AGUA FRIA,"RUA JOÃO UZEDA LUNA, 813 - CORREGO SÃO SEBASTIÃO",-8.0179648,-34.8960306
9,329,1546,9_1546,ESCOLA MUNICIPAL ANA MAURÍCIA WANDERLEY,AGUA FRIA,"RUA JOÃO UZEDA LUNA, 813 - CORREGO SÃO SEBASTIÃO",-8.0179648,-34.8960306
9,330,1546,9_1546,ESCOLA MUNICIPAL ANA MAURÍCIA WANDERLEY,AGUA FRIA,"RUA JOÃO UZEDA LUNA, 813 - CORREGO SÃO SEBASTIÃO",-8.0179648,-34.8960306
9,538,1546,9_1546,ESCOLA MUNICIPAL ANA MAURÍCIA WANDERLEY,AGUA FRIA,"RUA JOÃO UZEDA LUNA, 813 - CORREGO SÃO SEBASTIÃO",-8.0179648,-34.8960306
9,344,1589,9_1589,ESCOLA MUNICIPAL PROFESSOR RICARDO GAMA,LINHA DO TIRO,RUA GUAIRA 160,-8.0074503,-34.9043785
9,345,1589,9_1589,ESCOLA MUNICIPAL PROFESSOR RICARDO GAMA,LINHA DO TIRO,RUA GUAIRA 160,-8.0074503,-34.9043785
9,346,1589,9_1589,ESCOLA MUNICIPAL PROFESSOR RICARDO GAMA,LINHA DO TIRO,RUA GUAIRA 160,-8.0074503,-34.9043785
9,347,1589,9_1589,ESCOLA MUNICIPAL PROFESSOR RICARDO GAMA,LINHA DO TIRO,RUA GUAIRA 160,-8.0074503,-34.9043785
9,348,1589,9_1589,ESCOLA MUNICIPAL PROFESSOR RICARDO GAMA,LINHA DO TIRO,RUA GUAIRA 160,-8.0074503,-34.9043785
9,349,1589,9_1589,ESCOLA MUNICIPAL PROFESSOR RICARDO GAMA,LINHA DO TIRO,RUA GUAIRA 160,-8.0074503,-34.9043785
9,350,1589,9_1589,ESCOLA MUNICIPAL PROFESSOR RICARDO GAMA,LINHA DO TIRO,RUA GUAIRA 160,-8.0074503,-34.9043785
9,456,1589,9_1589,ESCOLA MUNICIPAL PROFESSOR RICARDO GAMA,LINHA DO TIRO,RUA GUAIRA 160,-8.0074503,-34.9043785
9,457,1589,9_1589,ESCOLA MUNICIPAL PROFESSOR RICARDO GAMA,LINHA DO TIRO,RUA GUAIRA 160,-8.0074503,-34.9043785
9,458,1589,9_1589,ESCOLA MUNICIPAL PROFESSOR RICARDO GAMA,LINHA DO TIRO,RUA GUAIRA 160,-8.0074503,-34.9043785
9,459,1589,9_1589,ESCOLA MUNICIPAL PROFESSOR RICARDO GAMA,LINHA DO TIRO,RUA GUAIRA 160,-8.0074503,-34.9043785
9,351,1597,9_1597,ESCOLA ESTADUAL CAIO PEREIRA,ALTO JOSE BONIFACIO,"RUA ALTO JOSE BONIFACIO, S/N",-8.0123394,-34.913311
9,352,1597,9_1597,ESCOLA ESTADUAL CAIO PEREIRA,ALTO JOSE BONIFACIO,"RUA ALTO JOSE BONIFACIO, S/N",-8.0123394,-34.913311
9,353,1597,9_1597,ESCOLA ESTADUAL CAIO PEREIRA,ALTO JOSE BONIFACIO,"RUA ALTO JOSE BONIFACIO, S/N",-8.0123394,-34.913311
9,354,1597,9_1597,ESCOLA ESTADUAL CAIO PEREIRA,ALTO JOSE BONIFACIO,"RUA ALTO JOSE BONIFACIO, S/N",-8.0123394,-34.913311
9,355,1597,9_1597,ESCOLA ESTADUAL CAIO PEREIRA,ALTO JOSE BONIFACIO,"RUA ALTO JOSE BONIFACIO, S/N",-8.0123394,-34.913311
9,356,1597,9_1597,ESCOLA ESTADUAL CAIO PEREIRA,ALTO JOSE BONIFACIO,"RUA ALTO JOSE BONIFACIO, S/N",-8.0123394,-34.913311
9,357,1597,9_1597,ESCOLA ESTADUAL CAIO PEREIRA,ALTO JOSE BONIFACIO,"RUA ALTO JOSE BONIFACIO, S/N",-8.0123394,-34.913311
9,358,1597,9_1597,ESCOLA ESTADUAL CAIO PEREIRA,ALTO JOSE BONIFACIO,"RUA ALTO JOSE BONIFACIO, S/N",-8.0123394,-34.913311
9,523,1597,9_1597,ESCOLA ESTADUAL CAIO PEREIRA,ALTO JOSE BONIFACIO,"RUA ALTO JOSE BONIFACIO, S/N",-8.0123394,-34.913311
9,532,1597,9_1597,ESCOLA ESTADUAL CAIO PEREIRA,ALTO JOSE BONIFACIO,"RUA ALTO JOSE BONIFACIO, S/N",-8.0123394,-34.913311
9,543,1597,9_1597,ESCOLA ESTADUAL CAIO PEREIRA,ALTO JOSE BONIFACIO,"RUA ALTO JOSE BONIFACIO, S/N",-8.0123394,-34.913311
9,359,1600,9_1600,ESCOLA ESTADUAL DOUTOR FABIO CORREIA,BEBERIBE,RUA ADALBERTO ELIAS DA COSTA SN,-8.0051866,-34.8982255
9,360,1600,9_1600,ESCOLA ESTADUAL DOUTOR FABIO CORREIA,BEBERIBE,RUA ADALBERTO ELIAS DA COSTA SN,-8.0051866,-34.8982255
9,361,1600,9_1600,ESCOLA ESTADUAL DOUTOR FABIO CORREIA,BEBERIBE,RUA ADALBERTO ELIAS DA COSTA SN,-8.0051866,-34.8982255
9,362,1600,9_1600,ESCOLA ESTADUAL DOUTOR FABIO CORREIA,BEBERIBE,RUA ADALBERTO ELIAS DA COSTA SN,-8.0051866,-34.8982255
9,363,1600,9_1600,ESCOLA ESTADUAL DOUTOR FABIO CORREIA,BEBERIBE,RUA ADALBERTO ELIAS DA COSTA SN,-8.0051866,-34.8982255
9,364,1600,9_1600,ESCOLA ESTADUAL DOUTOR FABIO CORREIA,BEBERIBE,RUA ADALBERTO ELIAS DA COSTA SN,-8.0051866,-34.8982255
9,365,1600,9_1600,ESCOLA ESTADUAL DOUTOR FABIO CORREIA,BEBERIBE,RUA ADALBERTO ELIAS DA COSTA SN,-8.0051866,-34.8982255
9,366,1600,9_1600,ESCOLA ESTADUAL DOUTOR FABIO CORREIA,BEBERIBE,RUA ADALBERTO ELIAS DA COSTA SN,-8.0051866,-34.8982255
9,367,1600,9_1600,ESCOLA ESTADUAL DOUTOR FABIO CORREIA,BEBERIBE,RUA ADALBERTO ELIAS DA COSTA SN,-8.0051866,-34.8982255
9,368,1600,9_1600,ESCOLA ESTADUAL DOUTOR FABIO CORREIA,BEBERIBE,RUA ADALBERTO ELIAS DA COSTA SN,-8.0051866,-34.8982255
9,369,1600,9_1600,ESCOLA ESTADUAL DOUTOR FABIO CORREIA,BEBERIBE,RUA ADALBERTO ELIAS DA COSTA SN,-8.0051866,-34.8982255
9,370,1600,9_1600,ESCOLA ESTADUAL DOUTOR FABIO CORREIA,BEBERIBE,RUA ADALBERTO ELIAS DA COSTA SN,-8.0051866,-34.8982255
9,371,1600,9_1600,ESCOLA ESTADUAL DOUTOR FABIO CORREIA,BEBERIBE,RUA ADALBERTO ELIAS DA COSTA SN,-8.0051866,-34.8982255
9,372,1619,9_1619,INVEST CENTRO EDUCACIONAL,PORTO DA MADEIRA,AVENIDA BEBERIBE 3607,-8.0073711,-34.8904874
9,373,1619,9_1619,INVEST CENTRO EDUCACIONAL,PORTO DA MADEIRA,AVENIDA BEBERIBE 3607,-8.0073711,-34.8904874
9,374,1619,9_1619,INVEST CENTRO EDUCACIONAL,PORTO DA MADEIRA,AVENIDA BEBERIBE 3607,-8.0073711,-34.8904874
9,375,1619,9_1619,INVEST CENTRO EDUCACIONAL,PORTO DA MADEIRA,AVENIDA BEBERIBE 3607,-8.0073711,-34.8904874
9,376,1619,9_1619,INVEST CENTRO EDUCACIONAL,PORTO DA MADEIRA,AVENIDA BEBERIBE 3607,-8.0073711,-34.8904874
9,377,1619,9_1619,INVEST CENTRO EDUCACIONAL,PORTO DA MADEIRA,AVENIDA BEBERIBE 3607,-8.0073711,-34.8904874
9,378,1619,9_1619,INVEST CENTRO EDUCACIONAL,PORTO DA MADEIRA,AVENIDA BEBERIBE 3607,-8.0073711,-34.8904874
9,379,1619,9_1619,INVEST CENTRO EDUCACIONAL,PORTO DA MADEIRA,AVENIDA BEBERIBE 3607,-8.0073711,-34.8904874
9,380,1619,9_1619,INVEST CENTRO EDUCACIONAL,PORTO DA MADEIRA,AVENIDA BEBERIBE 3607,-8.0073711,-34.8904874
9,381,1619,9_1619,INVEST CENTRO EDUCACIONAL,PORTO DA MADEIRA,AVENIDA BEBERIBE 3607,-8.0073711,-34.8904874
9,382,1619,9_1619,INVEST CENTRO EDUCACIONAL,PORTO DA MADEIRA,AVENIDA BEBERIBE 3607,-8.0073711,-34.8904874
9,383,1619,9_1619,INVEST CENTRO EDUCACIONAL,PORTO DA MADEIRA,AVENIDA BEBERIBE 3607,-8.0073711,-34.8904874
9,384,1619,9_1619,INVEST CENTRO EDUCACIONAL,PORTO DA MADEIRA,AVENIDA BEBERIBE 3607,-8.0073711,-34.8904874
9,385,1619,9_1619,INVEST CENTRO EDUCACIONAL,PORTO DA MADEIRA,AVENIDA BEBERIBE 3607,-8.0073711,-34.8904874
9,386,1627,9_1627,ESCOLA ESTADUAL PEDRO CELSO,BEBERIBE,RUA URIEL DE HOLANDA SN,-8.0035202,-34.8984027
9,387,1627,9_1627,ESCOLA ESTADUAL PEDRO CELSO,BEBERIBE,RUA URIEL DE HOLANDA SN,-8.0035202,-34.8984027
9,388,1627,9_1627,ESCOLA ESTADUAL PEDRO CELSO,BEBERIBE,RUA URIEL DE HOLANDA SN,-8.0035202,-34.8984027
9,389,1627,9_1627,ESCOLA ESTADUAL PEDRO CELSO,BEBERIBE,RUA URIEL DE HOLANDA SN,-8.0035202,-34.8984027
9,390,1627,9_1627,ESCOLA ESTADUAL PEDRO CELSO,BEBERIBE,RUA URIEL DE HOLANDA SN,-8.0035202,-34.8984027
9,391,1627,9_1627,ESCOLA ESTADUAL PEDRO CELSO,BEBERIBE,RUA URIEL DE HOLANDA SN,-8.0035202,-34.8984027
9,392,1627,9_1627,ESCOLA ESTADUAL PEDRO CELSO,BEBERIBE,RUA URIEL DE HOLANDA SN,-8.0035202,-34.8984027
9,393,1627,9_1627,ESCOLA ESTADUAL PEDRO CELSO,BEBERIBE,RUA URIEL DE HOLANDA SN,-8.0035202,-34.8984027
9,394,1627,9_1627,ESCOLA ESTADUAL PEDRO CELSO,BEBERIBE,RUA URIEL DE HOLANDA SN,-8.0035202,-34.8984027
9,395,1627,9_1627,ESCOLA ESTADUAL PEDRO CELSO,BEBERIBE,RUA URIEL DE HOLANDA SN,-8.0035202,-34.8984027
9,396,1627,9_1627,ESCOLA ESTADUAL PEDRO CELSO,BEBERIBE,RUA URIEL DE HOLANDA SN,-8.0035202,-34.8984027
9,397,1627,9_1627,ESCOLA ESTADUAL PEDRO CELSO,BEBERIBE,RUA URIEL DE HOLANDA SN,-8.0035202,-34.8984027
9,398,1627,9_1627,ESCOLA ESTADUAL PEDRO CELSO,BEBERIBE,RUA URIEL DE HOLANDA SN,-8.0035202,-34.8984027
9,399,1627,9_1627,ESCOLA ESTADUAL PEDRO CELSO,BEBERIBE,RUA URIEL DE HOLANDA SN,-8.0035202,-34.8984027
9,400,1627,9_1627,ESCOLA ESTADUAL PEDRO CELSO,BEBERIBE,RUA URIEL DE HOLANDA SN,-8.0035202,-34.8984027
9,401,1627,9_1627,ESCOLA ESTADUAL PEDRO CELSO,BEBERIBE,RUA URIEL DE HOLANDA SN,-8.0035202,-34.8984027
9,402,1627,9_1627,ESCOLA ESTADUAL PEDRO CELSO,BEBERIBE,RUA URIEL DE HOLANDA SN,-8.0035202,-34.8984027
9,403,1627,9_1627,ESCOLA ESTADUAL PEDRO CELSO,BEBERIBE,RUA URIEL DE HOLANDA SN,-8.0035202,-34.8984027
9,404,1627,9_1627,ESCOLA ESTADUAL PEDRO CELSO,BEBERIBE,RUA URIEL DE HOLANDA SN,-8.0035202,-34.8984027
9,405,1627,9_1627,ESCOLA ESTADUAL PEDRO CELSO,BEBERIBE,RUA URIEL DE HOLANDA SN,-8.0035202,-34.8984027
9,406,1627,9_1627,ESCOLA ESTADUAL PEDRO CELSO,BEBERIBE,RUA URIEL DE HOLANDA SN,-8.0035202,-34.8984027
9,408,1627,9_1627,ESCOLA ESTADUAL PEDRO CELSO,BEBERIBE,RUA URIEL DE HOLANDA SN,-8.0035202,-34.8984027
9,415,1643,9_1643,ESCOLA ESTADUAL PROFESSOR JOSE DOS ANJOS,DOIS UNIDOS,AV HIDELBRANDO DE VASCONCELOS SN,-7.9893062,-34.9168646
9,416,1643,9_1643,ESCOLA ESTADUAL PROFESSOR JOSE DOS ANJOS,DOIS UNIDOS,AV HIDELBRANDO DE VASCONCELOS SN,-7.9893062,-34.9168646
9,417,1643,9_1643,ESCOLA ESTADUAL PROFESSOR JOSE DOS ANJOS,DOIS UNIDOS,AV HIDELBRANDO DE VASCONCELOS SN,-7.9893062,-34.9168646
9,418,1643,9_1643,ESCOLA ESTADUAL PROFESSOR JOSE DOS ANJOS,DOIS UNIDOS,AV HIDELBRANDO DE VASCONCELOS SN,-7.9893062,-34.9168646
9,419,1643,9_1643,ESCOLA ESTADUAL PROFESSOR JOSE DOS ANJOS,DOIS UNIDOS,AV HIDELBRANDO DE VASCONCELOS SN,-7.9893062,-34.9168646
9,420,1643,9_1643,ESCOLA ESTADUAL PROFESSOR JOSE DOS ANJOS,DOIS UNIDOS,AV HIDELBRANDO DE VASCONCELOS SN,-7.9893062,-34.9168646
9,421,1643,9_1643,ESCOLA ESTADUAL PROFESSOR JOSE DOS ANJOS,DOIS UNIDOS,AV HIDELBRANDO DE VASCONCELOS SN,-7.9893062,-34.9168646
9,422,1643,9_1643,ESCOLA ESTADUAL PROFESSOR JOSE DOS ANJOS,DOIS UNIDOS,AV HIDELBRANDO DE VASCONCELOS SN,-7.9893062,-34.9168646
9,423,1643,9_1643,ESCOLA ESTADUAL PROFESSOR JOSE DOS ANJOS,DOIS UNIDOS,AV HIDELBRANDO DE VASCONCELOS SN,-7.9893062,-34.9168646
9,424,1643,9_1643,ESCOLA ESTADUAL PROFESSOR JOSE DOS ANJOS,DOIS UNIDOS,AV HIDELBRANDO DE VASCONCELOS SN,-7.9893062,-34.9168646
9,537,1643,9_1643,ESCOLA ESTADUAL PROFESSOR JOSE DOS ANJOS,DOIS UNIDOS,AV HIDELBRANDO DE VASCONCELOS SN,-7.9893062,-34.9168646
9,425,1651,9_1651,ESCOLA MUNICIPAL PASTOR PAULO LEIVAS MACALAO,LINHA DO TIRO,"RUA ALTEROSA, S/N",-8.0121405,-34.9088785
9,426,1651,9_1651,ESCOLA MUNICIPAL PASTOR PAULO LEIVAS MACALAO,LINHA DO TIRO,"RUA ALTEROSA, S/N",-8.0121405,-34.9088785
9,427,1651,9_1651,ESCOLA MUNICIPAL PASTOR PAULO LEIVAS MACALAO,LINHA DO TIRO,"RUA ALTEROSA, S/N",-8.0121405,-34.9088785
9,428,1651,9_1651,ESCOLA MUNICIPAL PASTOR PAULO LEIVAS MACALAO,LINHA DO TIRO,"RUA ALTEROSA, S/N",-8.0121405,-34.9088785
9,429,1651,9_1651,ESCOLA MUNICIPAL PASTOR PAULO LEIVAS MACALAO,LINHA DO TIRO,"RUA ALTEROSA, S/N",-8.0121405,-34.9088785
9,430,1651,9_1651,ESCOLA MUNICIPAL PASTOR PAULO LEIVAS MACALAO,LINHA DO TIRO,"RUA ALTEROSA, S/N",-8.0121405,-34.9088785
9,431,1660,9_1660,ESCOLA ESTADUAL DR. FRANCISCO PESSOA DE QUEIROZ,DOIS UNIDOS,"AV. HIDELBRANDO DE VASCONCELOS, SN",-7.9944694,-34.9113297
9,432,1660,9_1660,ESCOLA ESTADUAL DR. FRANCISCO PESSOA DE QUEIROZ,DOIS UNIDOS,"AV. HIDELBRANDO DE VASCONCELOS, SN",-7.9944694,-34.9113297
9,433,1660,9_1660,ESCOLA ESTADUAL DR. FRANCISCO PESSOA DE QUEIROZ,DOIS UNIDOS,"AV. HIDELBRANDO DE VASCONCELOS, SN",-7.9944694,-34.9113297
9,434,1660,9_1660,ESCOLA ESTADUAL DR. FRANCISCO PESSOA DE QUEIROZ,DOIS UNIDOS,"AV. HIDELBRANDO DE VASCONCELOS, SN",-7.9944694,-34.9113297
9,435,1660,9_1660,ESCOLA ESTADUAL DR. FRANCISCO PESSOA DE QUEIROZ,DOIS UNIDOS,"AV. HIDELBRANDO DE VASCONCELOS, SN",-7.9944694,-34.9113297
9,436,1660,9_1660,ESCOLA ESTADUAL DR. FRANCISCO PESSOA DE QUEIROZ,DOIS UNIDOS,"AV. HIDELBRANDO DE VASCONCELOS, SN",-7.9944694,-34.9113297
9,437,1660,9_1660,ESCOLA ESTADUAL DR. FRANCISCO PESSOA DE QUEIROZ,DOIS UNIDOS,"AV. HIDELBRANDO DE VASCONCELOS, SN",-7.9944694,-34.9113297
9,438,1660,9_1660,ESCOLA ESTADUAL DR. FRANCISCO PESSOA DE QUEIROZ,DOIS UNIDOS,"AV. HIDELBRANDO DE VASCONCELOS, SN",-7.9944694,-34.9113297
9,439,1660,9_1660,ESCOLA ESTADUAL DR. FRANCISCO PESSOA DE QUEIROZ,DOIS UNIDOS,"AV. HIDELBRANDO DE VASCONCELOS, SN",-7.9944694,-34.9113297
9,440,1660,9_1660,ESCOLA ESTADUAL DR. FRANCISCO PESSOA DE QUEIROZ,DOIS UNIDOS,"AV. HIDELBRANDO DE VASCONCELOS, SN",-7.9944694,-34.9113297
9,441,1660,9_1660,ESCOLA ESTADUAL DR. FRANCISCO PESSOA DE QUEIROZ,DOIS UNIDOS,"AV. HIDELBRANDO DE VASCONCELOS, SN",-7.9944694,-34.9113297
9,442,1678,9_1678,ESCOLA MUNICIPAL PAULO VI,LINHA DO TIRO,"RUA GUAIRA , SN",-8.0076779,-34.9046548
9,443,1678,9_1678,ESCOLA MUNICIPAL PAULO VI,LINHA DO TIRO,"RUA GUAIRA , SN",-8.0076779,-34.9046548
9,444,1678,9_1678,ESCOLA MUNICIPAL PAULO VI,LINHA DO TIRO,"RUA GUAIRA , SN",-8.0076779,-34.9046548
9,445,1678,9_1678,ESCOLA MUNICIPAL PAULO VI,LINHA DO TIRO,"RUA GUAIRA , SN",-8.0076779,-34.9046548
9,446,1678,9_1678,ESCOLA MUNICIPAL PAULO VI,LINHA DO TIRO,"RUA GUAIRA , SN",-8.0076779,-34.9046548
9,447,1678,9_1678,ESCOLA MUNICIPAL PAULO VI,LINHA DO TIRO,"RUA GUAIRA , SN",-8.0076779,-34.9046548
9,448,1678,9_1678,ESCOLA MUNICIPAL PAULO VI,LINHA DO TIRO,"RUA GUAIRA , SN",-8.0076779,-34.9046548
9,449,1678,9_1678,ESCOLA MUNICIPAL PAULO VI,LINHA DO TIRO,"RUA GUAIRA , SN",-8.0076779,-34.9046548
9,450,1678,9_1678,ESCOLA MUNICIPAL PAULO VI,LINHA DO TIRO,"RUA GUAIRA , SN",-8.0076779,-34.9046548
9,451,1678,9_1678,ESCOLA MUNICIPAL PAULO VI,LINHA DO TIRO,"RUA GUAIRA , SN",-8.0076779,-34.9046548
9,452,1678,9_1678,ESCOLA MUNICIPAL PAULO VI,LINHA DO TIRO,"RUA GUAIRA , SN",-8.0076779,-34.9046548
9,453,1678,9_1678,ESCOLA MUNICIPAL PAULO VI,LINHA DO TIRO,"RUA GUAIRA , SN",-8.0076779,-34.9046548
9,454,1678,9_1678,ESCOLA MUNICIPAL PAULO VI,LINHA DO TIRO,"RUA GUAIRA , SN",-8.0076779,-34.9046548
9,455,1678,9_1678,ESCOLA MUNICIPAL PAULO VI,LINHA DO TIRO,"RUA GUAIRA , SN",-8.0076779,-34.9046548
9,460,1686,9_1686,ESCOLA MUNICIPAL MARLUCE SANTIAGO DA SILVA,PASSARINHO,ESTRADA DE PASSARINHO,-7.980366,-34.9177142
9,461,1686,9_1686,ESCOLA MUNICIPAL MARLUCE SANTIAGO DA SILVA,PASSARINHO,ESTRADA DE PASSARINHO,-7.980366,-34.9177142
9,462,1686,9_1686,ESCOLA MUNICIPAL MARLUCE SANTIAGO DA SILVA,PASSARINHO,ESTRADA DE PASSARINHO,-7.980366,-34.9177142
9,463,1686,9_1686,ESCOLA MUNICIPAL MARLUCE SANTIAGO DA SILVA,PASSARINHO,ESTRADA DE PASSARINHO,-7.980366,-34.9177142
9,464,1686,9_1686,ESCOLA MUNICIPAL MARLUCE SANTIAGO DA SILVA,PASSARINHO,ESTRADA DE PASSARINHO,-7.980366,-34.9177142
9,465,1686,9_1686,ESCOLA MUNICIPAL MARLUCE SANTIAGO DA SILVA,PASSARINHO,ESTRADA DE PASSARINHO,-7.980366,-34.9177142
9,534,1686,9_1686,ESCOLA MUNICIPAL MARLUCE SANTIAGO DA SILVA,PASSARINHO,ESTRADA DE PASSARINHO,-7.980366,-34.9177142
9,548,1686,9_1686,ESCOLA MUNICIPAL MARLUCE SANTIAGO DA SILVA,PASSARINHO,ESTRADA DE PASSARINHO,-7.980366,-34.9177142
9,466,1694,9_1694,ESCOLA MUNICIPAL DOM JOSÉ LAMARTINE SOARES,VASCO DA GAMA,"RUA ALTO DO EUCALIPTO, S/N",-8.0083365,-34.9194974
9,467,1694,9_1694,ESCOLA MUNICIPAL DOM JOSÉ LAMARTINE SOARES,VASCO DA GAMA,"RUA ALTO DO EUCALIPTO, S/N",-8.0083365,-34.9194974
9,468,1694,9_1694,ESCOLA MUNICIPAL DOM JOSÉ LAMARTINE SOARES,VASCO DA GAMA,"RUA ALTO DO EUCALIPTO, S/N",-8.0083365,-34.9194974
9,469,1694,9_1694,ESCOLA MUNICIPAL DOM JOSÉ LAMARTINE SOARES,VASCO DA GAMA,"RUA ALTO DO EUCALIPTO, S/N",-8.0083365,-34.9194974
9,470,1694,9_1694,ESCOLA MUNICIPAL DOM JOSÉ LAMARTINE SOARES,VASCO DA GAMA,"RUA ALTO DO EUCALIPTO, S/N",-8.0083365,-34.9194974
9,471,1694,9_1694,ESCOLA MUNICIPAL DOM JOSÉ LAMARTINE SOARES,VASCO DA GAMA,"RUA ALTO DO EUCALIPTO, S/N",-8.0083365,-34.9194974
9,472,1708,9_1708,ESCOLA MUNICIPAL OTÁVIO DE MEIRA LINS,VASCO DA GAMA,"RUA JOSÉ REBOUÇAS, 141",-8.0102267,-34.9163278
9,473,1708,9_1708,ESCOLA MUNICIPAL OTÁVIO DE MEIRA LINS,VASCO DA GAMA,"RUA JOSÉ REBOUÇAS, 141",-8.0102267,-34.9163278
9,474,1708,9_1708,ESCOLA MUNICIPAL OTÁVIO DE MEIRA LINS,VASCO DA GAMA,"RUA JOSÉ REBOUÇAS, 141",-8.0102267,-34.9163278
9,475,1708,9_1708,ESCOLA MUNICIPAL OTÁVIO DE MEIRA LINS,VASCO DA GAMA,"RUA JOSÉ REBOUÇAS, 141",-8.0102267,-34.9163278
9,476,1708,9_1708,ESCOLA MUNICIPAL OTÁVIO DE MEIRA LINS,VASCO DA GAMA,"RUA JOSÉ REBOUÇAS, 141",-8.0102267,-34.9163278
9,477,1708,9_1708,ESCOLA MUNICIPAL OTÁVIO DE MEIRA LINS,VASCO DA GAMA,"RUA JOSÉ REBOUÇAS, 141",-8.0102267,-34.9163278
9,531,1708,9_1708,ESCOLA MUNICIPAL OTÁVIO DE MEIRA LINS,VASCO DA GAMA,"RUA JOSÉ REBOUÇAS, 141",-8.0102267,-34.9163278
9,550,1708,9_1708,ESCOLA MUNICIPAL OTÁVIO DE MEIRA LINS,VASCO DA GAMA,"RUA JOSÉ REBOUÇAS, 141",-8.0102267,-34.9163278
9,485,1724,9_1724,EREM DE BEBERIBE,BEBERIBE,RUA URIEL DE HOLANDA 219,-8.0043784,-34.8994462
9,486,1724,9_1724,EREM DE BEBERIBE,BEBERIBE,RUA URIEL DE HOLANDA 219,-8.0043784,-34.8994462
9,487,1724,9_1724,EREM DE BEBERIBE,BEBERIBE,RUA URIEL DE HOLANDA 219,-8.0043784,-34.8994462
9,488,1724,9_1724,EREM DE BEBERIBE,BEBERIBE,RUA URIEL DE HOLANDA 219,-8.0043784,-34.8994462
9,489,1724,9_1724,EREM DE BEBERIBE,BEBERIBE,RUA URIEL DE HOLANDA 219,-8.0043784,-34.8994462
9,490,1724,9_1724,EREM DE BEBERIBE,BEBERIBE,RUA URIEL DE HOLANDA 219,-8.0043784,-34.8994462
9,491,1724,9_1724,EREM DE BEBERIBE,BEBERIBE,RUA URIEL DE HOLANDA 219,-8.0043784,-34.8994462
9,492,1724,9_1724,EREM DE BEBERIBE,BEBERIBE,RUA URIEL DE HOLANDA 219,-8.0043784,-34.8994462
9,493,1724,9_1724,EREM DE BEBERIBE,BEBERIBE,RUA URIEL DE HOLANDA 219,-8.0043784,-34.8994462
9,494,1724,9_1724,EREM DE BEBERIBE,BEBERIBE,RUA URIEL DE HOLANDA 219,-8.0043784,-34.8994462
9,495,1724,9_1724,EREM DE BEBERIBE,BEBERIBE,RUA URIEL DE HOLANDA 219,-8.0043784,-34.8994462
9,496,1724,9_1724,EREM DE BEBERIBE,BEBERIBE,RUA URIEL DE HOLANDA 219,-8.0043784,-34.8994462
9,497,1724,9_1724,EREM DE BEBERIBE,BEBERIBE,RUA URIEL DE HOLANDA 219,-8.0043784,-34.8994462
9,498,1724,9_1724,EREM DE BEBERIBE,BEBERIBE,RUA URIEL DE HOLANDA 219,-8.0043784,-34.8994462
9,499,1724,9_1724,EREM DE BEBERIBE,BEBERIBE,RUA URIEL DE HOLANDA 219,-8.0043784,-34.8994462
9,500,1732,9_1732,ESCOLA MUNICIPAL MONSENHOR VIANA,BEBERIBE,"RUA TAGUATINGA, S/N",-8.0046059,-34.8982269
9,501,1732,9_1732,ESCOLA MUNICIPAL MONSENHOR VIANA,BEBERIBE,"RUA TAGUATINGA, S/N",-8.0046059,-34.8982269
9,502,1732,9_1732,ESCOLA MUNICIPAL MONSENHOR VIANA,BEBERIBE,"RUA TAGUATINGA, S/N",-8.0046059,-34.8982269
9,503,1732,9_1732,ESCOLA MUNICIPAL MONSENHOR VIANA,BEBERIBE,"RUA TAGUATINGA, S/N",-8.0046059,-34.8982269
9,504,1732,9_1732,ESCOLA MUNICIPAL MONSENHOR VIANA,BEBERIBE,"RUA TAGUATINGA, S/N",-8.0046059,-34.8982269
9,505,1732,9_1732,ESCOLA MUNICIPAL MONSENHOR VIANA,BEBERIBE,"RUA TAGUATINGA, S/N",-8.0046059,-34.8982269
9,506,1732,9_1732,ESCOLA MUNICIPAL MONSENHOR VIANA,BEBERIBE,"RUA TAGUATINGA, S/N",-8.0046059,-34.8982269
9,507,1740,9_1740,ESCOLA MUNICIPAL OLINDINA MONTEIRO DE OLIVEIRA FRANCA,DOIS UNIDOS,"RUA DA BELA VISTA, S/N",-8.002735,-34.9061975
9,508,1740,9_1740,ESCOLA MUNICIPAL OLINDINA MONTEIRO DE OLIVEIRA FRANCA,DOIS UNIDOS,"RUA DA BELA VISTA, S/N",-8.002735,-34.9061975
9,509,1740,9_1740,ESCOLA MUNICIPAL OLINDINA MONTEIRO DE OLIVEIRA FRANCA,DOIS UNIDOS,"RUA DA BELA VISTA, S/N",-8.002735,-34.9061975
9,510,1740,9_1740,ESCOLA MUNICIPAL OLINDINA MONTEIRO DE OLIVEIRA FRANCA,DOIS UNIDOS,"RUA DA BELA VISTA, S/N",-8.002735,-34.9061975
9,511,1740,9_1740,ESCOLA MUNICIPAL OLINDINA MONTEIRO DE OLIVEIRA FRANCA,DOIS UNIDOS,"RUA DA BELA VISTA, S/N",-8.002735,-34.9061975
9,512,1740,9_1740,ESCOLA MUNICIPAL OLINDINA MONTEIRO DE OLIVEIRA FRANCA,DOIS UNIDOS,"RUA DA BELA VISTA, S/N",-8.002735,-34.9061975
9,513,1759,9_1759,EREM PADRE NERCIO RODRIGUES,LINHA DO TIRO,"RUA URIEL DE HOLANDA, SN",-8.0079007,-34.9076702
9,514,1759,9_1759,EREM PADRE NERCIO RODRIGUES,LINHA DO TIRO,"RUA URIEL DE HOLANDA, SN",-8.0079007,-34.9076702
9,515,1759,9_1759,EREM PADRE NERCIO RODRIGUES,LINHA DO TIRO,"RUA URIEL DE HOLANDA, SN",-8.0079007,-34.9076702
9,516,1759,9_1759,EREM PADRE NERCIO RODRIGUES,LINHA DO TIRO,"RUA URIEL DE HOLANDA, SN",-8.0079007,-34.9076702
9,517,1759,9_1759,EREM PADRE NERCIO RODRIGUES,LINHA DO TIRO,"RUA URIEL DE HOLANDA, SN",-8.0079007,-34.9076702
9,518,1759,9_1759,EREM PADRE NERCIO RODRIGUES,LINHA DO TIRO,"RUA URIEL DE HOLANDA, SN",-8.0079007,-34.9076702
9,533,1759,9_1759,EREM PADRE NERCIO RODRIGUES,LINHA DO TIRO,"RUA URIEL DE HOLANDA, SN",-8.0079007,-34.9076702
9,544,1759,9_1759,EREM PADRE NERCIO RODRIGUES,LINHA DO TIRO,"RUA URIEL DE HOLANDA, SN",-8.0079007,-34.9076702
9,519,1767,9_1767,ASSOCIAÇÃO CENTRO EDUCACIONAL MAGNO DELAMADRI - ANTIGO CEMA,LINHA DO TIRO,"RUA ESPINOSA, 361",-8.01222854,-34.90917639
9,520,1767,9_1767,ASSOCIAÇÃO CENTRO EDUCACIONAL MAGNO DELAMADRI - ANTIGO CEMA,LINHA DO TIRO,"RUA ESPINOSA, 361",-8.01222854,-34.90917639
9,528,1775,9_1775,COMPAZ - GOVERNADOR EDUARDO CAMPOS,AGUA FRIA,"AV. ANÍBAL BENÉVOLO, S/N",-8.0106084,-34.9029196
9,542,1775,9_1775,COMPAZ - GOVERNADOR EDUARDO CAMPOS,AGUA FRIA,"AV. ANÍBAL BENÉVOLO, S/N",-8.0106084,-34.9029196
9,478,1783,9_1783,ESCOLA COMANDANTE LUIZ GOMES - ANTIGA ESCOLA IRMÃ MAGNA,BREJO DE BEBERIBE,AV. VEREADOR OTACÍLIO DE AZEVEDO N. 2567,-7.998911,-34.9241446
9,479,1783,9_1783,ESCOLA COMANDANTE LUIZ GOMES - ANTIGA ESCOLA IRMÃ MAGNA,BREJO DE BEBERIBE,AV. VEREADOR OTACÍLIO DE AZEVEDO N. 2567,-7.998911,-34.9241446
9,480,1783,9_1783,ESCOLA COMANDANTE LUIZ GOMES - ANTIGA ESCOLA IRMÃ MAGNA,BREJO DE BEBERIBE,AV. VEREADOR OTACÍLIO DE AZEVEDO N. 2567,-7.998911,-34.9241446
9,481,1783,9_1783,ESCOLA COMANDANTE LUIZ GOMES - ANTIGA ESCOLA IRMÃ MAGNA,BREJO DE BEBERIBE,AV. VEREADOR OTACÍLIO DE AZEVEDO N. 2567,-7.998911,-34.9241446
9,482,1783,9_1783,ESCOLA COMANDANTE LUIZ GOMES - ANTIGA ESCOLA IRMÃ MAGNA,BREJO DE BEBERIBE,AV. VEREADOR OTACÍLIO DE AZEVEDO N. 2567,-7.998911,-34.9241446
9,483,1783,9_1783,ESCOLA COMANDANTE LUIZ GOMES - ANTIGA ESCOLA IRMÃ MAGNA,BREJO DE BEBERIBE,AV. VEREADOR OTACÍLIO DE AZEVEDO N. 2567,-7.998911,-34.9241446
9,484,1783,9_1783,ESCOLA COMANDANTE LUIZ GOMES - ANTIGA ESCOLA IRMÃ MAGNA,BREJO DE BEBERIBE,AV. VEREADOR OTACÍLIO DE AZEVEDO N. 2567,-7.998911,-34.9241446
9,539,1783,9_1783,ESCOLA COMANDANTE LUIZ GOMES - ANTIGA ESCOLA IRMÃ MAGNA,BREJO DE BEBERIBE,AV. VEREADOR OTACÍLIO DE AZEVEDO N. 2567,-7.998911,-34.9241446
9,545,1783,9_1783,ESCOLA COMANDANTE LUIZ GOMES - ANTIGA ESCOLA IRMÃ MAGNA,BREJO DE BEBERIBE,AV. VEREADOR OTACÍLIO DE AZEVEDO N. 2567,-7.998911,-34.9241446
9,549,1783,9_1783,ESCOLA COMANDANTE LUIZ GOMES - ANTIGA ESCOLA IRMÃ MAGNA,BREJO DE BEBERIBE,AV. VEREADOR OTACÍLIO DE AZEVEDO N. 2567,-7.998911,-34.9241446
9,409,1791,9_1791,ESCOLA MUNICIPAL DE BEBERIBE - ANTIGA ZULEIDE GOMES,BEBERIBE,RUA MELANIO DE BARROS CORREIA SN,-8.0033253,-34.898994
9,410,1791,9_1791,ESCOLA MUNICIPAL DE BEBERIBE - ANTIGA ZULEIDE GOMES,BEBERIBE,RUA MELANIO DE BARROS CORREIA SN,-8.0033253,-34.898994
9,411,1791,9_1791,ESCOLA MUNICIPAL DE BEBERIBE - ANTIGA ZULEIDE GOMES,BEBERIBE,RUA MELANIO DE BARROS CORREIA SN,-8.0033253,-34.898994
9,412,1791,9_1791,ESCOLA MUNICIPAL DE BEBERIBE - ANTIGA ZULEIDE GOMES,BEBERIBE,RUA MELANIO DE BARROS CORREIA SN,-8.0033253,-34.898994
9,413,1791,9_1791,ESCOLA MUNICIPAL DE BEBERIBE - ANTIGA ZULEIDE GOMES,BEBERIBE,RUA MELANIO DE BARROS CORREIA SN,-8.0033253,-34.898994
9,414,1791,9_1791,ESCOLA MUNICIPAL DE BEBERIBE - ANTIGA ZULEIDE GOMES,BEBERIBE,RUA MELANIO DE BARROS CORREIA SN,-8.0033253,-34.898994
9,540,1791,9_1791,ESCOLA MUNICIPAL DE BEBERIBE - ANTIGA ZULEIDE GOMES,BEBERIBE,RUA MELANIO DE BARROS CORREIA SN,-8.0033253,-34.898994
149,1,1015,149_1015,CENTRO INTERESCOLAR SANTOS DUMONT,BOA VIAGEM,"RUA BARÃO DE SOUZA LEÃO , SN",-8.1320579,-34.90687243
149,2,1015,149_1015,CENTRO INTERESCOLAR SANTOS DUMONT,BOA VIAGEM,"RUA BARÃO DE SOUZA LEÃO , SN",-8.1320579,-34.90687243
149,3,1015,149_1015,CENTRO INTERESCOLAR SANTOS DUMONT,BOA VIAGEM,"RUA BARÃO DE SOUZA LEÃO , SN",-8.1320579,-34.90687243
149,4,1015,149_1015,CENTRO INTERESCOLAR SANTOS DUMONT,BOA VIAGEM,"RUA BARÃO DE SOUZA LEÃO , SN",-8.1320579,-34.90687243
149,5,1015,149_1015,CENTRO INTERESCOLAR SANTOS DUMONT,BOA VIAGEM,"RUA BARÃO DE SOUZA LEÃO , SN",-8.1320579,-34.90687243
149,6,1015,149_1015,CENTRO INTERESCOLAR SANTOS DUMONT,BOA VIAGEM,"RUA BARÃO DE SOUZA LEÃO , SN",-8.1320579,-34.90687243
149,7,1015,149_1015,CENTRO INTERESCOLAR SANTOS DUMONT,BOA VIAGEM,"RUA BARÃO DE SOUZA LEÃO , SN",-8.1320579,-34.90687243
149,8,1015,149_1015,CENTRO INTERESCOLAR SANTOS DUMONT,BOA VIAGEM,"RUA BARÃO DE SOUZA LEÃO , SN",-8.1320579,-34.90687243
149,9,1015,149_1015,CENTRO INTERESCOLAR SANTOS DUMONT,BOA VIAGEM,"RUA BARÃO DE SOUZA LEÃO , SN",-8.1320579,-34.90687243
149,10,1015,149_1015,CENTRO INTERESCOLAR SANTOS DUMONT,BOA VIAGEM,"RUA BARÃO DE SOUZA LEÃO , SN",-8.1320579,-34.90687243
149,11,1015,149_1015,CENTRO INTERESCOLAR SANTOS DUMONT,BOA VIAGEM,"RUA BARÃO DE SOUZA LEÃO , SN",-8.1320579,-34.90687243
149,12,1015,149_1015,CENTRO INTERESCOLAR SANTOS DUMONT,BOA VIAGEM,"RUA BARÃO DE SOUZA LEÃO , SN",-8.1320579,-34.90687243
149,13,1015,149_1015,CENTRO INTERESCOLAR SANTOS DUMONT,BOA VIAGEM,"RUA BARÃO DE SOUZA LEÃO , SN",-8.1320579,-34.90687243
149,14,1015,149_1015,CENTRO INTERESCOLAR SANTOS DUMONT,BOA VIAGEM,"RUA BARÃO DE SOUZA LEÃO , SN",-8.1320579,-34.90687243
149,15,1015,149_1015,CENTRO INTERESCOLAR SANTOS DUMONT,BOA VIAGEM,"RUA BARÃO DE SOUZA LEÃO , SN",-8.1320579,-34.90687243
149,16,1015,149_1015,CENTRO INTERESCOLAR SANTOS DUMONT,BOA VIAGEM,"RUA BARÃO DE SOUZA LEÃO , SN",-8.1320579,-34.90687243
149,17,1015,149_1015,CENTRO INTERESCOLAR SANTOS DUMONT,BOA VIAGEM,"RUA BARÃO DE SOUZA LEÃO , SN",-8.1320579,-34.90687243
149,18,1015,149_1015,CENTRO INTERESCOLAR SANTOS DUMONT,BOA VIAGEM,"RUA BARÃO DE SOUZA LEÃO , SN",-8.1320579,-34.90687243
149,19,1015,149_1015,CENTRO INTERESCOLAR SANTOS DUMONT,BOA VIAGEM,"RUA BARÃO DE SOUZA LEÃO , SN",-8.1320579,-34.90687243
149,20,1015,149_1015,CENTRO INTERESCOLAR SANTOS DUMONT,BOA VIAGEM,"RUA BARÃO DE SOUZA LEÃO , SN",-8.1320579,-34.90687243
149,21,1023,149_1023,ESCOLA ESTADUAL PROFESSOR FERNANDO MOTA,BOA VIAGEM,"RUA COPACABANA, SN",-8.13615425,-34.91434268
149,22,1023,149_1023,ESCOLA ESTADUAL PROFESSOR FERNANDO MOTA,BOA VIAGEM,"RUA COPACABANA, SN",-8.13615425,-34.91434268
149,23,1023,149_1023,ESCOLA ESTADUAL PROFESSOR FERNANDO MOTA,BOA VIAGEM,"RUA COPACABANA, SN",-8.13615425,-34.91434268
149,24,1023,149_1023,ESCOLA ESTADUAL PROFESSOR FERNANDO MOTA,BOA VIAGEM,"RUA COPACABANA, SN",-8.13615425,-34.91434268
149,194,1023,149_1023,ESCOLA ESTADUAL PROFESSOR FERNANDO MOTA,BOA VIAGEM,"RUA COPACABANA, SN",-8.13615425,-34.91434268
149,202,1023,149_1023,ESCOLA ESTADUAL PROFESSOR FERNANDO MOTA,BOA VIAGEM,"RUA COPACABANA, SN",-8.13615425,-34.91434268
149,207,1023,149_1023,ESCOLA ESTADUAL PROFESSOR FERNANDO MOTA,BOA VIAGEM,"RUA COPACABANA, SN",-8.13615425,-34.91434268
149,211,1023,149_1023,ESCOLA ESTADUAL PROFESSOR FERNANDO MOTA,BOA VIAGEM,"RUA COPACABANA, SN",-8.13615425,-34.91434268
149,216,1023,149_1023,ESCOLA ESTADUAL PROFESSOR FERNANDO MOTA,BOA VIAGEM,"RUA COPACABANA, SN",-8.13615425,-34.91434268
149,41,1040,149_1040,ESCOLA ESTADUAL BRIGADEIRO EDUARDO GOMES,BOA VIAGEM,"RUA BARÃO DE SOUZA LEÃO , SN",-8.13203229,-34.90662529
149,42,1040,149_1040,ESCOLA ESTADUAL BRIGADEIRO EDUARDO GOMES,BOA VIAGEM,"RUA BARÃO DE SOUZA LEÃO , SN",-8.13203229,-34.90662529
149,43,1040,149_1040,ESCOLA ESTADUAL BRIGADEIRO EDUARDO GOMES,BOA VIAGEM,"RUA BARÃO DE SOUZA LEÃO , SN",-8.13203229,-34.90662529
149,44,1040,149_1040,ESCOLA ESTADUAL BRIGADEIRO EDUARDO GOMES,BOA VIAGEM,"RUA BARÃO DE SOUZA LEÃO , SN",-8.13203229,-34.90662529
149,45,1040,149_1040,ESCOLA ESTADUAL BRIGADEIRO EDUARDO GOMES,BOA VIAGEM,"RUA BARÃO DE SOUZA LEÃO , SN",-8.13203229,-34.90662529
149,46,1040,149_1040,ESCOLA ESTADUAL BRIGADEIRO EDUARDO GOMES,BOA VIAGEM,"RUA BARÃO DE SOUZA LEÃO , SN",-8.13203229,-34.90662529
149,47,1040,149_1040,ESCOLA ESTADUAL BRIGADEIRO EDUARDO GOMES,BOA VIAGEM,"RUA BARÃO DE SOUZA LEÃO , SN",-8.13203229,-34.90662529
149,48,1040,149_1040,ESCOLA ESTADUAL BRIGADEIRO EDUARDO GOMES,BOA VIAGEM,"RUA BARÃO DE SOUZA LEÃO , SN",-8.13203229,-34.90662529
149,49,1040,149_1040,ESCOLA ESTADUAL BRIGADEIRO EDUARDO GOMES,BOA VIAGEM,"RUA BARÃO DE SOUZA LEÃO , SN",-8.13203229,-34.90662529
149,50,1040,149_1040,ESCOLA ESTADUAL BRIGADEIRO EDUARDO GOMES,BOA VIAGEM,"RUA BARÃO DE SOUZA LEÃO , SN",-8.13203229,-34.90662529
149,51,1040,149_1040,ESCOLA ESTADUAL BRIGADEIRO EDUARDO GOMES,BOA VIAGEM,"RUA BARÃO DE SOUZA LEÃO , SN",-8.13203229,-34.90662529
149,52,1040,149_1040,ESCOLA ESTADUAL BRIGADEIRO EDUARDO GOMES,BOA VIAGEM,"RUA BARÃO DE SOUZA LEÃO , SN",-8.13203229,-34.90662529
149,53,1040,149_1040,ESCOLA ESTADUAL BRIGADEIRO EDUARDO GOMES,BOA VIAGEM,"RUA BARÃO DE SOUZA LEÃO , SN",-8.13203229,-34.90662529
149,54,1040,149_1040,ESCOLA ESTADUAL BRIGADEIRO EDUARDO GOMES,BOA VIAGEM,"RUA BARÃO DE SOUZA LEÃO , SN",-8.13203229,-34.90662529
149,55,1040,149_1040,ESCOLA ESTADUAL BRIGADEIRO EDUARDO GOMES,BOA VIAGEM,"RUA BARÃO DE SOUZA LEÃO , SN",-8.13203229,-34.90662529
149,56,1040,149_1040,ESCOLA ESTADUAL BRIGADEIRO EDUARDO GOMES,BOA VIAGEM,"RUA BARÃO DE SOUZA LEÃO , SN",-8.13203229,-34.90662529
149,57,1040,149_1040,ESCOLA ESTADUAL BRIGADEIRO EDUARDO GOMES,BOA VIAGEM,"RUA BARÃO DE SOUZA LEÃO , SN",-8.13203229,-34.90662529
149,58,1058,149_1058,COLÉGIO MARIA TEREZA,BOA VIAGEM,"RUA BARÃO DE SOUZA LEÃO ,1647",-8.13261271,-34.91488849
149,59,1058,149_1058,COLÉGIO MARIA TEREZA,BOA VIAGEM,"RUA BARÃO DE SOUZA LEÃO ,1647",-8.13261271,-34.91488849
149,60,1058,149_1058,COLÉGIO MARIA TEREZA,BOA VIAGEM,"RUA BARÃO DE SOUZA LEÃO ,1647",-8.13261271,-34.91488849
149,61,1058,149_1058,COLÉGIO MARIA TEREZA,BOA VIAGEM,"RUA BARÃO DE SOUZA LEÃO ,1647",-8.13261271,-34.91488849
149,62,1058,149_1058,COLÉGIO MARIA TEREZA,BOA VIAGEM,"RUA BARÃO DE SOUZA LEÃO ,1647",-8.13261271,-34.91488849
149,63,1058,149_1058,COLÉGIO MARIA TEREZA,BOA VIAGEM,"RUA BARÃO DE SOUZA LEÃO ,1647",-8.13261271,-34.91488849
149,64,1058,149_1058,COLÉGIO MARIA TEREZA,BOA VIAGEM,"RUA BARÃO DE SOUZA LEÃO ,1647",-8.13261271,-34.91488849
149,65,1058,149_1058,COLÉGIO MARIA TEREZA,BOA VIAGEM,"RUA BARÃO DE SOUZA LEÃO ,1647",-8.13261271,-34.91488849
149,66,1058,149_1058,COLÉGIO MARIA TEREZA,BOA VIAGEM,"RUA BARÃO DE SOUZA LEÃO ,1647",-8.13261271,-34.91488849
149,67,1058,149_1058,COLÉGIO MARIA TEREZA,BOA VIAGEM,"RUA BARÃO DE SOUZA LEÃO ,1647",-8.13261271,-34.91488849
149,68,1058,149_1058,COLÉGIO MARIA TEREZA,BOA VIAGEM,"RUA BARÃO DE SOUZA LEÃO ,1647",-8.13261271,-34.91488849
149,69,1058,149_1058,COLÉGIO MARIA TEREZA,BOA VIAGEM,"RUA BARÃO DE SOUZA LEÃO ,1647",-8.13261271,-34.91488849
149,70,1058,149_1058,COLÉGIO MARIA TEREZA,BOA VIAGEM,"RUA BARÃO DE SOUZA LEÃO ,1647",-8.13261271,-34.91488849
149,71,1058,149_1058,COLÉGIO MARIA TEREZA,BOA VIAGEM,"RUA BARÃO DE SOUZA LEÃO ,1647",-8.13261271,-34.91488849
149,72,1058,149_1058,COLÉGIO MARIA TEREZA,BOA VIAGEM,"RUA BARÃO DE SOUZA LEÃO ,1647",-8.13261271,-34.91488849
149,73,1058,149_1058,COLÉGIO MARIA TEREZA,BOA VIAGEM,"RUA BARÃO DE SOUZA LEÃO ,1647",-8.13261271,-34.91488849
149,237,1058,149_1058,COLÉGIO MARIA TEREZA,BOA VIAGEM,"RUA BARÃO DE SOUZA LEÃO ,1647",-8.13261271,-34.91488849
149,92,1074,149_1074,ELITE (ANTIGO COLÉGIO DOURADO),BOA VIAGEM,"AV. 20 DE JANEIRO, 1245",-8.14349008,-34.91507354
149,93,1074,149_1074,ELITE (ANTIGO COLÉGIO DOURADO),BOA VIAGEM,"AV. 20 DE JANEIRO, 1245",-8.14349008,-34.91507354
149,94,1074,149_1074,ELITE (ANTIGO COLÉGIO DOURADO),BOA VIAGEM,"AV. 20 DE JANEIRO, 1245",-8.14349008,-34.91507354
149,95,1074,149_1074,ELITE (ANTIGO COLÉGIO DOURADO),BOA VIAGEM,"AV. 20 DE JANEIRO, 1245",-8.14349008,-34.91507354
149,96,1074,149_1074,ELITE (ANTIGO COLÉGIO DOURADO),BOA VIAGEM,"AV. 20 DE JANEIRO, 1245",-8.14349008,-34.91507354
149,97,1074,149_1074,ELITE (ANTIGO COLÉGIO DOURADO),BOA VIAGEM,"AV. 20 DE JANEIRO, 1245",-8.14349008,-34.91507354
149,98,1074,149_1074,ELITE (ANTIGO COLÉGIO DOURADO),BOA VIAGEM,"AV. 20 DE JANEIRO, 1245",-8.14349008,-34.91507354
149,99,1074,149_1074,ELITE (ANTIGO COLÉGIO DOURADO),BOA VIAGEM,"AV. 20 DE JANEIRO, 1245",-8.14349008,-34.91507354
149,100,1074,149_1074,ELITE (ANTIGO COLÉGIO DOURADO),BOA VIAGEM,"AV. 20 DE JANEIRO, 1245",-8.14349008,-34.91507354
149,101,1074,149_1074,ELITE (ANTIGO COLÉGIO DOURADO),BOA VIAGEM,"AV. 20 DE JANEIRO, 1245",-8.14349008,-34.91507354
149,102,1074,149_1074,ELITE (ANTIGO COLÉGIO DOURADO),BOA VIAGEM,"AV. 20 DE JANEIRO, 1245",-8.14349008,-34.91507354
149,103,1074,149_1074,ELITE (ANTIGO COLÉGIO DOURADO),BOA VIAGEM,"AV. 20 DE JANEIRO, 1245",-8.14349008,-34.91507354
149,104,1074,149_1074,ELITE (ANTIGO COLÉGIO DOURADO),BOA VIAGEM,"AV. 20 DE JANEIRO, 1245",-8.14349008,-34.91507354
149,105,1074,149_1074,ELITE (ANTIGO COLÉGIO DOURADO),BOA VIAGEM,"AV. 20 DE JANEIRO, 1245",-8.14349008,-34.91507354
149,106,1074,149_1074,ELITE (ANTIGO COLÉGIO DOURADO),BOA VIAGEM,"AV. 20 DE JANEIRO, 1245",-8.14349008,-34.91507354
149,107,1074,149_1074,ELITE (ANTIGO COLÉGIO DOURADO),BOA VIAGEM,"AV. 20 DE JANEIRO, 1245",-8.14349008,-34.91507354
149,108,1074,149_1074,ELITE (ANTIGO COLÉGIO DOURADO),BOA VIAGEM,"AV. 20 DE JANEIRO, 1245",-8.14349008,-34.91507354
149,109,1074,149_1074,ELITE (ANTIGO COLÉGIO DOURADO),BOA VIAGEM,"AV. 20 DE JANEIRO, 1245",-8.14349008,-34.91507354
149,220,1198,149_1198,ESCOLA TÉCNICA ESTADUAL CÍCERO DIAS,BOA VIAGEM,"RUA MARQUES DE VALENÇA, 470",-8.12869517,-34.90756425
149,223,1198,149_1198,ESCOLA TÉCNICA ESTADUAL CÍCERO DIAS,BOA VIAGEM,"RUA MARQUES DE VALENÇA, 470",-8.12869517,-34.90756425
149,261,1198,149_1198,ESCOLA TÉCNICA ESTADUAL CÍCERO DIAS,BOA VIAGEM,"RUA MARQUES DE VALENÇA, 470",-8.12869517,-34.90756425
149,270,1198,149_1198,ESCOLA TÉCNICA ESTADUAL CÍCERO DIAS,BOA VIAGEM,"RUA MARQUES DE VALENÇA, 470",-8.12869517,-34.90756425
149,281,1198,149_1198,ESCOLA TÉCNICA ESTADUAL CÍCERO DIAS,BOA VIAGEM,"RUA MARQUES DE VALENÇA, 470",-8.12869517,-34.90756425
149,285,1198,149_1198,ESCOLA TÉCNICA ESTADUAL CÍCERO DIAS,BOA VIAGEM,"RUA MARQUES DE VALENÇA, 470",-8.12869517,-34.90756425
149,288,1198,149_1198,ESCOLA TÉCNICA ESTADUAL CÍCERO DIAS,BOA VIAGEM,"RUA MARQUES DE VALENÇA, 470",-8.12869517,-34.90756425
149,291,1198,149_1198,ESCOLA TÉCNICA ESTADUAL CÍCERO DIAS,BOA VIAGEM,"RUA MARQUES DE VALENÇA, 470",-8.12869517,-34.90756425
149,463,1198,149_1198,ESCOLA TÉCNICA ESTADUAL CÍCERO DIAS,BOA VIAGEM,"RUA MARQUES DE VALENÇA, 470",-8.12869517,-34.90756425
149,219,1201,149_1201,ACADEMIA CRISTÃ DE BOA VIAGEM,BOA VIAGEM,"AV. VISCONDE DE JEQUITINHONHA, 355",-8.12225189,-34.90391936
149,224,1201,149_1201,ACADEMIA CRISTÃ DE BOA VIAGEM,BOA VIAGEM,"AV. VISCONDE DE JEQUITINHONHA, 355",-8.12225189,-34.90391936
149,232,1201,149_1201,ACADEMIA CRISTÃ DE BOA VIAGEM,BOA VIAGEM,"AV. VISCONDE DE JEQUITINHONHA, 355",-8.12225189,-34.90391936
149,240,1201,149_1201,ACADEMIA CRISTÃ DE BOA VIAGEM,BOA VIAGEM,"AV. VISCONDE DE JEQUITINHONHA, 355",-8.12225189,-34.90391936
149,244,1201,149_1201,ACADEMIA CRISTÃ DE BOA VIAGEM,BOA VIAGEM,"AV. VISCONDE DE JEQUITINHONHA, 355",-8.12225189,-34.90391936
149,246,1201,149_1201,ACADEMIA CRISTÃ DE BOA VIAGEM,BOA VIAGEM,"AV. VISCONDE DE JEQUITINHONHA, 355",-8.12225189,-34.90391936
149,250,1201,149_1201,ACADEMIA CRISTÃ DE BOA VIAGEM,BOA VIAGEM,"AV. VISCONDE DE JEQUITINHONHA, 355",-8.12225189,-34.90391936
149,253,1201,149_1201,ACADEMIA CRISTÃ DE BOA VIAGEM,BOA VIAGEM,"AV. VISCONDE DE JEQUITINHONHA, 355",-8.12225189,-34.90391936
149,263,1201,149_1201,ACADEMIA CRISTÃ DE BOA VIAGEM,BOA VIAGEM,"AV. VISCONDE DE JEQUITINHONHA, 355",-8.12225189,-34.90391936
149,269,1201,149_1201,ACADEMIA CRISTÃ DE BOA VIAGEM,BOA VIAGEM,"AV. VISCONDE DE JEQUITINHONHA, 355",-8.12225189,-34.90391936
149,221,1210,149_1210,ESCOLA AMERICANA DO RECIFE,BOA VIAGEM,"RUA SÁ E SOUZA, 408",-8.13602576,-34.90603219
149,228,1210,149_1210,ESCOLA AMERICANA DO RECIFE,BOA VIAGEM,"RUA SÁ E SOUZA, 408",-8.13602576,-34.90603219
149,231,1210,149_1210,ESCOLA AMERICANA DO RECIFE,BOA VIAGEM,"RUA SÁ E SOUZA, 408",-8.13602576,-34.90603219
149,234,1210,149_1210,ESCOLA AMERICANA DO RECIFE,BOA VIAGEM,"RUA SÁ E SOUZA, 408",-8.13602576,-34.90603219
149,236,1210,149_1210,ESCOLA AMERICANA DO RECIFE,BOA VIAGEM,"RUA SÁ E SOUZA, 408",-8.13602576,-34.90603219
149,239,1210,149_1210,ESCOLA AMERICANA DO RECIFE,BOA VIAGEM,"RUA SÁ E SOUZA, 408",-8.13602576,-34.90603219
149,241,1210,149_1210,ESCOLA AMERICANA DO RECIFE,BOA VIAGEM,"RUA SÁ E SOUZA, 408",-8.13602576,-34.90603219
149,243,1210,149_1210,ESCOLA AMERICANA DO RECIFE,BOA VIAGEM,"RUA SÁ E SOUZA, 408",-8.13602576,-34.90603219
149,245,1210,149_1210,ESCOLA AMERICANA DO RECIFE,BOA VIAGEM,"RUA SÁ E SOUZA, 408",-8.13602576,-34.90603219
149,248,1210,149_1210,ESCOLA AMERICANA DO RECIFE,BOA VIAGEM,"RUA SÁ E SOUZA, 408",-8.13602576,-34.90603219
149,249,1210,149_1210,ESCOLA AMERICANA DO RECIFE,BOA VIAGEM,"RUA SÁ E SOUZA, 408",-8.13602576,-34.90603219
149,252,1210,149_1210,ESCOLA AMERICANA DO RECIFE,BOA VIAGEM,"RUA SÁ E SOUZA, 408",-8.13602576,-34.90603219
149,259,1210,149_1210,ESCOLA AMERICANA DO RECIFE,BOA VIAGEM,"RUA SÁ E SOUZA, 408",-8.13602576,-34.90603219
149,262,1210,149_1210,ESCOLA AMERICANA DO RECIFE,BOA VIAGEM,"RUA SÁ E SOUZA, 408",-8.13602576,-34.90603219
149,265,1210,149_1210,ESCOLA AMERICANA DO RECIFE,BOA VIAGEM,"RUA SÁ E SOUZA, 408",-8.13602576,-34.90603219
149,268,1210,149_1210,ESCOLA AMERICANA DO RECIFE,BOA VIAGEM,"RUA SÁ E SOUZA, 408",-8.13602576,-34.90603219
149,271,1210,149_1210,ESCOLA AMERICANA DO RECIFE,BOA VIAGEM,"RUA SÁ E SOUZA, 408",-8.13602576,-34.90603219
149,272,1210,149_1210,ESCOLA AMERICANA DO RECIFE,BOA VIAGEM,"RUA SÁ E SOUZA, 408",-8.13602576,-34.90603219
149,274,1210,149_1210,ESCOLA AMERICANA DO RECIFE,BOA VIAGEM,"RUA SÁ E SOUZA, 408",-8.13602576,-34.90603219
149,275,1244,149_1244,COLÉGIO GRANDE PASSO,BOA VIAGEM,"RUA PROF. AURELIO DE CASTRO CAVALCANTE, 511",-8.14147996,-34.91296649
149,276,1244,149_1244,COLÉGIO GRANDE PASSO,BOA VIAGEM,"RUA PROF. AURELIO DE CASTRO CAVALCANTE, 511",-8.14147996,-34.91296649
149,286,1244,149_1244,COLÉGIO GRANDE PASSO,BOA VIAGEM,"RUA PROF. AURELIO DE CASTRO CAVALCANTE, 511",-8.14147996,-34.91296649
149,289,1244,149_1244,COLÉGIO GRANDE PASSO,BOA VIAGEM,"RUA PROF. AURELIO DE CASTRO CAVALCANTE, 511",-8.14147996,-34.91296649
149,292,1244,149_1244,COLÉGIO GRANDE PASSO,BOA VIAGEM,"RUA PROF. AURELIO DE CASTRO CAVALCANTE, 511",-8.14147996,-34.91296649
149,446,1244,149_1244,COLÉGIO GRANDE PASSO,BOA VIAGEM,"RUA PROF. AURELIO DE CASTRO CAVALCANTE, 511",-8.14147996,-34.91296649
149,37,1287,149_1287,UNINASSAU - UNIDADE BOA VIAGEM,BOA VIAGEM,"RUA JÔNATAS VASCONCELOS, 92",-8.12354599,-34.90779866
149,38,1287,149_1287,UNINASSAU - UNIDADE BOA VIAGEM,BOA VIAGEM,"RUA JÔNATAS VASCONCELOS, 92",-8.12354599,-34.90779866
149,39,1287,149_1287,UNINASSAU - UNIDADE BOA VIAGEM,BOA VIAGEM,"RUA JÔNATAS VASCONCELOS, 92",-8.12354599,-34.90779866
149,40,1287,149_1287,UNINASSAU - UNIDADE BOA VIAGEM,BOA VIAGEM,"RUA JÔNATAS VASCONCELOS, 92",-8.12354599,-34.90779866
149,110,1287,149_1287,UNINASSAU - UNIDADE BOA VIAGEM,BOA VIAGEM,"RUA JÔNATAS VASCONCELOS, 92",-8.12354599,-34.90779866
149,111,1287,149_1287,UNINASSAU - UNIDADE BOA VIAGEM,BOA VIAGEM,"RUA JÔNATAS VASCONCELOS, 92",-8.12354599,-34.90779866
149,112,1287,149_1287,UNINASSAU - UNIDADE BOA VIAGEM,BOA VIAGEM,"RUA JÔNATAS VASCONCELOS, 92",-8.12354599,-34.90779866
149,113,1287,149_1287,UNINASSAU - UNIDADE BOA VIAGEM,BOA VIAGEM,"RUA JÔNATAS VASCONCELOS, 92",-8.12354599,-34.90779866
149,114,1287,149_1287,UNINASSAU - UNIDADE BOA VIAGEM,BOA VIAGEM,"RUA JÔNATAS VASCONCELOS, 92",-8.12354599,-34.90779866
149,115,1287,149_1287,UNINASSAU - UNIDADE BOA VIAGEM,BOA VIAGEM,"RUA JÔNATAS VASCONCELOS, 92",-8.12354599,-34.90779866
149,116,1287,149_1287,UNINASSAU - UNIDADE BOA VIAGEM,BOA VIAGEM,"RUA JÔNATAS VASCONCELOS, 92",-8.12354599,-34.90779866
149,117,1287,149_1287,UNINASSAU - UNIDADE BOA VIAGEM,BOA VIAGEM,"RUA JÔNATAS VASCONCELOS, 92",-8.12354599,-34.90779866
149,118,1287,149_1287,UNINASSAU - UNIDADE BOA VIAGEM,BOA VIAGEM,"RUA JÔNATAS VASCONCELOS, 92",-8.12354599,-34.90779866
149,119,1287,149_1287,UNINASSAU - UNIDADE BOA VIAGEM,BOA VIAGEM,"RUA JÔNATAS VASCONCELOS, 92",-8.12354599,-34.90779866
149,120,1287,149_1287,UNINASSAU - UNIDADE BOA VIAGEM,BOA VIAGEM,"RUA JÔNATAS VASCONCELOS, 92",-8.12354599,-34.90779866
149,121,1287,149_1287,UNINASSAU - UNIDADE BOA VIAGEM,BOA VIAGEM,"RUA JÔNATAS VASCONCELOS, 92",-8.12354599,-34.90779866
149,122,1287,149_1287,UNINASSAU - UNIDADE BOA VIAGEM,BOA VIAGEM,"RUA JÔNATAS VASCONCELOS, 92",-8.12354599,-34.90779866
149,123,1287,149_1287,UNINASSAU - UNIDADE BOA VIAGEM,BOA VIAGEM,"RUA JÔNATAS VASCONCELOS, 92",-8.12354599,-34.90779866
149,124,1287,149_1287,UNINASSAU - UNIDADE BOA VIAGEM,BOA VIAGEM,"RUA JÔNATAS VASCONCELOS, 92",-8.12354599,-34.90779866
149,196,1287,149_1287,UNINASSAU - UNIDADE BOA VIAGEM,BOA VIAGEM,"RUA JÔNATAS VASCONCELOS, 92",-8.12354599,-34.90779866
149,198,1287,149_1287,UNINASSAU - UNIDADE BOA VIAGEM,BOA VIAGEM,"RUA JÔNATAS VASCONCELOS, 92",-8.12354599,-34.90779866
149,199,1287,149_1287,UNINASSAU - UNIDADE BOA VIAGEM,BOA VIAGEM,"RUA JÔNATAS VASCONCELOS, 92",-8.12354599,-34.90779866
149,287,1287,149_1287,UNINASSAU - UNIDADE BOA VIAGEM,BOA VIAGEM,"RUA JÔNATAS VASCONCELOS, 92",-8.12354599,-34.90779866
149,445,1295,149_1295,COLÉGIO ELO,BOA VIAGEM,RUA JOSÉ PARAISO 189,-8.13519839,-34.90458789
149,450,1295,149_1295,COLÉGIO ELO,BOA VIAGEM,RUA JOSÉ PARAISO 189,-8.13519839,-34.90458789
149,455,1295,149_1295,COLÉGIO ELO,BOA VIAGEM,RUA JOSÉ PARAISO 189,-8.13519839,-34.90458789
149,462,1295,149_1295,COLÉGIO ELO,BOA VIAGEM,RUA JOSÉ PARAISO 189,-8.13519839,-34.90458789
149,294,1309,149_1309,INSTITUTO SANTA RITA DE CÁSSIA,IBURA,"RUA RIO CHUY, 115",-8.11603221,-34.9394106
149,295,1309,149_1309,INSTITUTO SANTA RITA DE CÁSSIA,IBURA,"RUA RIO CHUY, 115",-8.11603221,-34.9394106
149,296,1317,149_1317,ESCOLA MAESTRO NELSON FERREIRA,IBURA,"RUA AVELINO CHAVES, 176",-8.12534399,-34.93575077
149,454,1317,149_1317,ESCOLA MAESTRO NELSON FERREIRA,IBURA,"RUA AVELINO CHAVES, 176",-8.12534399,-34.93575077
149,297,1325,149_1325,ESCOLA MUNICIPAL SIMOES BARBOSA,IBURA,"RUA ECOPORANGA, S/N",-8.11522451,-34.93989904
149,298,1325,149_1325,ESCOLA MUNICIPAL SIMOES BARBOSA,IBURA,"RUA ECOPORANGA, S/N",-8.11522451,-34.93989904
149,299,1325,149_1325,ESCOLA MUNICIPAL SIMOES BARBOSA,IBURA,"RUA ECOPORANGA, S/N",-8.11522451,-34.93989904
149,300,1325,149_1325,ESCOLA MUNICIPAL SIMOES BARBOSA,IBURA,"RUA ECOPORANGA, S/N",-8.11522451,-34.93989904
149,301,1325,149_1325,ESCOLA MUNICIPAL SIMOES BARBOSA,IBURA,"RUA ECOPORANGA, S/N",-8.11522451,-34.93989904
149,302,1325,149_1325,ESCOLA MUNICIPAL SIMOES BARBOSA,IBURA,"RUA ECOPORANGA, S/N",-8.11522451,-34.93989904
149,303,1325,149_1325,ESCOLA MUNICIPAL SIMOES BARBOSA,IBURA,"RUA ECOPORANGA, S/N",-8.11522451,-34.93989904
149,304,1333,149_1333,ESCOLA MUNICIPAL DE  DOIS RIOS,COHAB,RUA IRMA MARIA EVANGELISTA 83,-8.12704202,-34.94458782
149,305,1333,149_1333,ESCOLA MUNICIPAL DE  DOIS RIOS,COHAB,RUA IRMA MARIA EVANGELISTA 83,-8.12704202,-34.94458782
149,306,1333,149_1333,ESCOLA MUNICIPAL DE  DOIS RIOS,COHAB,RUA IRMA MARIA EVANGELISTA 83,-8.12704202,-34.94458782
149,307,1333,149_1333,ESCOLA MUNICIPAL DE  DOIS RIOS,COHAB,RUA IRMA MARIA EVANGELISTA 83,-8.12704202,-34.94458782
149,308,1333,149_1333,ESCOLA MUNICIPAL DE  DOIS RIOS,COHAB,RUA IRMA MARIA EVANGELISTA 83,-8.12704202,-34.94458782
149,309,1333,149_1333,ESCOLA MUNICIPAL DE  DOIS RIOS,COHAB,RUA IRMA MARIA EVANGELISTA 83,-8.12704202,-34.94458782
149,310,1333,149_1333,ESCOLA MUNICIPAL DE  DOIS RIOS,COHAB,RUA IRMA MARIA EVANGELISTA 83,-8.12704202,-34.94458782
149,311,1333,149_1333,ESCOLA MUNICIPAL DE  DOIS RIOS,COHAB,RUA IRMA MARIA EVANGELISTA 83,-8.12704202,-34.94458782
149,312,1341,149_1341,ESCOLA MUNICIPAL PROF. ENALDO MANOEL DE SOUZA,JORDAO,"RUA JURACY CAMARGO, S/N",-8.13520231,-34.94029947
149,313,1341,149_1341,ESCOLA MUNICIPAL PROF. ENALDO MANOEL DE SOUZA,JORDAO,"RUA JURACY CAMARGO, S/N",-8.13520231,-34.94029947
149,314,1341,149_1341,ESCOLA MUNICIPAL PROF. ENALDO MANOEL DE SOUZA,JORDAO,"RUA JURACY CAMARGO, S/N",-8.13520231,-34.94029947
149,315,1350,149_1350,ESCOLA MUNICIPAL PASTOR MUNGUBA SOBRINHO,IBURA,"RUA SILVA JARDIM, 145",-8.13939059,-34.92878157
149,316,1350,149_1350,ESCOLA MUNICIPAL PASTOR MUNGUBA SOBRINHO,IBURA,"RUA SILVA JARDIM, 145",-8.13939059,-34.92878157
149,317,1350,149_1350,ESCOLA MUNICIPAL PASTOR MUNGUBA SOBRINHO,IBURA,"RUA SILVA JARDIM, 145",-8.13939059,-34.92878157
149,318,1350,149_1350,ESCOLA MUNICIPAL PASTOR MUNGUBA SOBRINHO,IBURA,"RUA SILVA JARDIM, 145",-8.13939059,-34.92878157
149,319,1350,149_1350,ESCOLA MUNICIPAL PASTOR MUNGUBA SOBRINHO,IBURA,"RUA SILVA JARDIM, 145",-8.13939059,-34.92878157
149,320,1350,149_1350,ESCOLA MUNICIPAL PASTOR MUNGUBA SOBRINHO,IBURA,"RUA SILVA JARDIM, 145",-8.13939059,-34.92878157
149,322,1376,149_1376,ESCOLA ROBERTO SILVEIRA,JORDAO,RUA GOVERNADOR ROBERTO SILVEIRA SN,-8.13659354,-34.93662353
149,323,1376,149_1376,ESCOLA ROBERTO SILVEIRA,JORDAO,RUA GOVERNADOR ROBERTO SILVEIRA SN,-8.13659354,-34.93662353
149,324,1376,149_1376,ESCOLA ROBERTO SILVEIRA,JORDAO,RUA GOVERNADOR ROBERTO SILVEIRA SN,-8.13659354,-34.93662353
149,325,1376,149_1376,ESCOLA ROBERTO SILVEIRA,JORDAO,RUA GOVERNADOR ROBERTO SILVEIRA SN,-8.13659354,-34.93662353
149,326,1376,149_1376,ESCOLA ROBERTO SILVEIRA,JORDAO,RUA GOVERNADOR ROBERTO SILVEIRA SN,-8.13659354,-34.93662353
149,327,1384,149_1384,ESCOLA MUNICIPAL DEPUTADO EDSON CANTARELLI,IBURA,"RUA RUBINEIA, N. 49",-8.12986295,-34.93868818
149,328,1384,149_1384,ESCOLA MUNICIPAL DEPUTADO EDSON CANTARELLI,IBURA,"RUA RUBINEIA, N. 49",-8.12986295,-34.93868818
149,329,1384,149_1384,ESCOLA MUNICIPAL DEPUTADO EDSON CANTARELLI,IBURA,"RUA RUBINEIA, N. 49",-8.12986295,-34.93868818
149,330,1384,149_1384,ESCOLA MUNICIPAL DEPUTADO EDSON CANTARELLI,IBURA,"RUA RUBINEIA, N. 49",-8.12986295,-34.93868818
149,331,1384,149_1384,ESCOLA MUNICIPAL DEPUTADO EDSON CANTARELLI,IBURA,"RUA RUBINEIA, N. 49",-8.12986295,-34.93868818
149,332,1392,149_1392,SESI - SERVICO SOCIAL DA INDUSTRIA,IBURA,"AVENIDA DOIS RIOS, 228",-8.11019512,-34.93717534
149,333,1392,149_1392,SESI - SERVICO SOCIAL DA INDUSTRIA,IBURA,"AVENIDA DOIS RIOS, 228",-8.11019512,-34.93717534
149,334,1392,149_1392,SESI - SERVICO SOCIAL DA INDUSTRIA,IBURA,"AVENIDA DOIS RIOS, 228",-8.11019512,-34.93717534
149,335,1392,149_1392,SESI - SERVICO SOCIAL DA INDUSTRIA,IBURA,"AVENIDA DOIS RIOS, 228",-8.11019512,-34.93717534
149,336,1392,149_1392,SESI - SERVICO SOCIAL DA INDUSTRIA,IBURA,"AVENIDA DOIS RIOS, 228",-8.11019512,-34.93717534
149,337,1392,149_1392,SESI - SERVICO SOCIAL DA INDUSTRIA,IBURA,"AVENIDA DOIS RIOS, 228",-8.11019512,-34.93717534
149,338,1392,149_1392,SESI - SERVICO SOCIAL DA INDUSTRIA,IBURA,"AVENIDA DOIS RIOS, 228",-8.11019512,-34.93717534
149,339,1392,149_1392,SESI - SERVICO SOCIAL DA INDUSTRIA,IBURA,"AVENIDA DOIS RIOS, 228",-8.11019512,-34.93717534
149,340,1392,149_1392,SESI - SERVICO SOCIAL DA INDUSTRIA,IBURA,"AVENIDA DOIS RIOS, 228",-8.11019512,-34.93717534
149,341,1392,149_1392,SESI - SERVICO SOCIAL DA INDUSTRIA,IBURA,"AVENIDA DOIS RIOS, 228",-8.11019512,-34.93717534
149,342,1392,149_1392,SESI - SERVICO SOCIAL DA INDUSTRIA,IBURA,"AVENIDA DOIS RIOS, 228",-8.11019512,-34.93717534
149,343,1392,149_1392,SESI - SERVICO SOCIAL DA INDUSTRIA,IBURA,"AVENIDA DOIS RIOS, 228",-8.11019512,-34.93717534
149,344,1392,149_1392,SESI - SERVICO SOCIAL DA INDUSTRIA,IBURA,"AVENIDA DOIS RIOS, 228",-8.11019512,-34.93717534
149,345,1392,149_1392,SESI - SERVICO SOCIAL DA INDUSTRIA,IBURA,"AVENIDA DOIS RIOS, 228",-8.11019512,-34.93717534
149,346,1392,149_1392,SESI - SERVICO SOCIAL DA INDUSTRIA,IBURA,"AVENIDA DOIS RIOS, 228",-8.11019512,-34.93717534
149,347,1392,149_1392,SESI - SERVICO SOCIAL DA INDUSTRIA,IBURA,"AVENIDA DOIS RIOS, 228",-8.11019512,-34.93717534
149,348,1392,149_1392,SESI - SERVICO SOCIAL DA INDUSTRIA,IBURA,"AVENIDA DOIS RIOS, 228",-8.11019512,-34.93717534
149,349,1392,149_1392,SESI - SERVICO SOCIAL DA INDUSTRIA,IBURA,"AVENIDA DOIS RIOS, 228",-8.11019512,-34.93717534
149,350,1406,149_1406,ESCOLA MUNICIPAL IBURA DE BAIXO,IBURA,"RUA RIO NOVO DO SUL, 498",-8.11480274,-34.94258729
149,351,1406,149_1406,ESCOLA MUNICIPAL IBURA DE BAIXO,IBURA,"RUA RIO NOVO DO SUL, 498",-8.11480274,-34.94258729
149,352,1406,149_1406,ESCOLA MUNICIPAL IBURA DE BAIXO,IBURA,"RUA RIO NOVO DO SUL, 498",-8.11480274,-34.94258729
149,353,1406,149_1406,ESCOLA MUNICIPAL IBURA DE BAIXO,IBURA,"RUA RIO NOVO DO SUL, 498",-8.11480274,-34.94258729
149,354,1406,149_1406,ESCOLA MUNICIPAL IBURA DE BAIXO,IBURA,"RUA RIO NOVO DO SUL, 498",-8.11480274,-34.94258729
149,355,1406,149_1406,ESCOLA MUNICIPAL IBURA DE BAIXO,IBURA,"RUA RIO NOVO DO SUL, 498",-8.11480274,-34.94258729
149,356,1414,149_1414,CRECHE SONHO DE CRIANCA,IBURA,"RUA TEOTONIO DE MELO FILHO, 297",-8.11253105,-34.93508753
149,357,1414,149_1414,CRECHE SONHO DE CRIANCA,IBURA,"RUA TEOTONIO DE MELO FILHO, 297",-8.11253105,-34.93508753
149,358,1414,149_1414,CRECHE SONHO DE CRIANCA,IBURA,"RUA TEOTONIO DE MELO FILHO, 297",-8.11253105,-34.93508753
149,359,1422,149_1422,ESCOLA JORNALISTA COSTA PORTO,JORDAO,"RUA BAHIA, SN",-8.13371578,-34.93559527
149,360,1422,149_1422,ESCOLA JORNALISTA COSTA PORTO,JORDAO,"RUA BAHIA, SN",-8.13371578,-34.93559527
149,361,1422,149_1422,ESCOLA JORNALISTA COSTA PORTO,JORDAO,"RUA BAHIA, SN",-8.13371578,-34.93559527
149,362,1422,149_1422,ESCOLA JORNALISTA COSTA PORTO,JORDAO,"RUA BAHIA, SN",-8.13371578,-34.93559527
149,363,1422,149_1422,ESCOLA JORNALISTA COSTA PORTO,JORDAO,"RUA BAHIA, SN",-8.13371578,-34.93559527
149,364,1422,149_1422,ESCOLA JORNALISTA COSTA PORTO,JORDAO,"RUA BAHIA, SN",-8.13371578,-34.93559527
149,365,1422,149_1422,ESCOLA JORNALISTA COSTA PORTO,JORDAO,"RUA BAHIA, SN",-8.13371578,-34.93559527
149,366,1422,149_1422,ESCOLA JORNALISTA COSTA PORTO,JORDAO,"RUA BAHIA, SN",-8.13371578,-34.93559527
149,367,1422,149_1422,ESCOLA JORNALISTA COSTA PORTO,JORDAO,"RUA BAHIA, SN",-8.13371578,-34.93559527
149,368,1422,149_1422,ESCOLA JORNALISTA COSTA PORTO,JORDAO,"RUA BAHIA, SN",-8.13371578,-34.93559527
149,369,1422,149_1422,ESCOLA JORNALISTA COSTA PORTO,JORDAO,"RUA BAHIA, SN",-8.13371578,-34.93559527
149,370,1422,149_1422,ESCOLA JORNALISTA COSTA PORTO,JORDAO,"RUA BAHIA, SN",-8.13371578,-34.93559527
149,371,1422,149_1422,ESCOLA JORNALISTA COSTA PORTO,JORDAO,"RUA BAHIA, SN",-8.13371578,-34.93559527
149,372,1422,149_1422,ESCOLA JORNALISTA COSTA PORTO,JORDAO,"RUA BAHIA, SN",-8.13371578,-34.93559527
149,373,1422,149_1422,ESCOLA JORNALISTA COSTA PORTO,JORDAO,"RUA BAHIA, SN",-8.13371578,-34.93559527
149,374,1430,149_1430,ESCOLA MARIA RITA DA SILVA LESSA,JORDAO,AVENIDA MENDES SAMPAIO SN,-8.13599766,-34.93835243
149,375,1430,149_1430,ESCOLA MARIA RITA DA SILVA LESSA,JORDAO,AVENIDA MENDES SAMPAIO SN,-8.13599766,-34.93835243
149,376,1430,149_1430,ESCOLA MARIA RITA DA SILVA LESSA,JORDAO,AVENIDA MENDES SAMPAIO SN,-8.13599766,-34.93835243
149,377,1430,149_1430,ESCOLA MARIA RITA DA SILVA LESSA,JORDAO,AVENIDA MENDES SAMPAIO SN,-8.13599766,-34.93835243
149,378,1430,149_1430,ESCOLA MARIA RITA DA SILVA LESSA,JORDAO,AVENIDA MENDES SAMPAIO SN,-8.13599766,-34.93835243
149,379,1430,149_1430,ESCOLA MARIA RITA DA SILVA LESSA,JORDAO,AVENIDA MENDES SAMPAIO SN,-8.13599766,-34.93835243
149,380,1430,149_1430,ESCOLA MARIA RITA DA SILVA LESSA,JORDAO,AVENIDA MENDES SAMPAIO SN,-8.13599766,-34.93835243
149,381,1430,149_1430,ESCOLA MARIA RITA DA SILVA LESSA,JORDAO,AVENIDA MENDES SAMPAIO SN,-8.13599766,-34.93835243
149,382,1430,149_1430,ESCOLA MARIA RITA DA SILVA LESSA,JORDAO,AVENIDA MENDES SAMPAIO SN,-8.13599766,-34.93835243
149,321,1449,149_1449,ESCOLA MUNICIPAL FERNANDO SANTA CRUZ,JORDAO,"RUA BOANERGES PEREIRA, 437",-8.13716793,-34.94137716
149,383,1449,149_1449,ESCOLA MUNICIPAL FERNANDO SANTA CRUZ,JORDAO,"RUA BOANERGES PEREIRA, 437",-8.13716793,-34.94137716
149,384,1449,149_1449,ESCOLA MUNICIPAL FERNANDO SANTA CRUZ,JORDAO,"RUA BOANERGES PEREIRA, 437",-8.13716793,-34.94137716
149,385,1457,149_1457,ESCOLA MUNICIPAL PINTOR LULA CARDOSO AYRES,JORDAO,"RUA DESEMBARGADOR EVANDRO NETO, S/N",-8.13131528,-34.93804488
149,386,1457,149_1457,ESCOLA MUNICIPAL PINTOR LULA CARDOSO AYRES,JORDAO,"RUA DESEMBARGADOR EVANDRO NETO, S/N",-8.13131528,-34.93804488
149,387,1457,149_1457,ESCOLA MUNICIPAL PINTOR LULA CARDOSO AYRES,JORDAO,"RUA DESEMBARGADOR EVANDRO NETO, S/N",-8.13131528,-34.93804488
149,388,1457,149_1457,ESCOLA MUNICIPAL PINTOR LULA CARDOSO AYRES,JORDAO,"RUA DESEMBARGADOR EVANDRO NETO, S/N",-8.13131528,-34.93804488
149,389,1457,149_1457,ESCOLA MUNICIPAL PINTOR LULA CARDOSO AYRES,JORDAO,"RUA DESEMBARGADOR EVANDRO NETO, S/N",-8.13131528,-34.93804488
149,390,1465,149_1465,ESCOLA MUNICIPAL FLORESTAN FERNANDES,IBURA,RUA RIO NOVO DO SUL SN,-8.11559425,-34.94243722
149,391,1465,149_1465,ESCOLA MUNICIPAL FLORESTAN FERNANDES,IBURA,RUA RIO NOVO DO SUL SN,-8.11559425,-34.94243722
149,392,1465,149_1465,ESCOLA MUNICIPAL FLORESTAN FERNANDES,IBURA,RUA RIO NOVO DO SUL SN,-8.11559425,-34.94243722
149,393,1465,149_1465,ESCOLA MUNICIPAL FLORESTAN FERNANDES,IBURA,RUA RIO NOVO DO SUL SN,-8.11559425,-34.94243722
149,394,1465,149_1465,ESCOLA MUNICIPAL FLORESTAN FERNANDES,IBURA,RUA RIO NOVO DO SUL SN,-8.11559425,-34.94243722
149,395,1465,149_1465,ESCOLA MUNICIPAL FLORESTAN FERNANDES,IBURA,RUA RIO NOVO DO SUL SN,-8.11559425,-34.94243722
149,396,1465,149_1465,ESCOLA MUNICIPAL FLORESTAN FERNANDES,IBURA,RUA RIO NOVO DO SUL SN,-8.11559425,-34.94243722
149,397,1465,149_1465,ESCOLA MUNICIPAL FLORESTAN FERNANDES,IBURA,RUA RIO NOVO DO SUL SN,-8.11559425,-34.94243722
149,398,1465,149_1465,ESCOLA MUNICIPAL FLORESTAN FERNANDES,IBURA,RUA RIO NOVO DO SUL SN,-8.11559425,-34.94243722
149,399,1465,149_1465,ESCOLA MUNICIPAL FLORESTAN FERNANDES,IBURA,RUA RIO NOVO DO SUL SN,-8.11559425,-34.94243722
149,400,1473,149_1473,ESCOLA MUNICIPAL VILA OPERÁRIA RECIFE,IBURA,"RUA EMÍLIO MONTEIRO DA FONSECA, 1530",-8.12435848,-34.93624171
149,401,1473,149_1473,ESCOLA MUNICIPAL VILA OPERÁRIA RECIFE,IBURA,"RUA EMÍLIO MONTEIRO DA FONSECA, 1530",-8.12435848,-34.93624171
149,402,1473,149_1473,ESCOLA MUNICIPAL VILA OPERÁRIA RECIFE,IBURA,"RUA EMÍLIO MONTEIRO DA FONSECA, 1530",-8.12435848,-34.93624171
149,403,1473,149_1473,ESCOLA MUNICIPAL VILA OPERÁRIA RECIFE,IBURA,"RUA EMÍLIO MONTEIRO DA FONSECA, 1530",-8.12435848,-34.93624171
149,404,1473,149_1473,ESCOLA MUNICIPAL VILA OPERÁRIA RECIFE,IBURA,"RUA EMÍLIO MONTEIRO DA FONSECA, 1530",-8.12435848,-34.93624171
149,405,1473,149_1473,ESCOLA MUNICIPAL VILA OPERÁRIA RECIFE,IBURA,"RUA EMÍLIO MONTEIRO DA FONSECA, 1530",-8.12435848,-34.93624171
149,406,1481,149_1481,ESCOLA APOLONIO SALES,IBURA,"RUA PROF. JOSÉ BRASILEIRO VILA NOVA, 38 - IBURA DE BAIXO - RECIFE/PE",-8.10992133,-34.93284965
149,407,1481,149_1481,ESCOLA APOLONIO SALES,IBURA,"RUA PROF. JOSÉ BRASILEIRO VILA NOVA, 38 - IBURA DE BAIXO - RECIFE/PE",-8.10992133,-34.93284965
149,408,1481,149_1481,ESCOLA APOLONIO SALES,IBURA,"RUA PROF. JOSÉ BRASILEIRO VILA NOVA, 38 - IBURA DE BAIXO - RECIFE/PE",-8.10992133,-34.93284965
149,409,1481,149_1481,ESCOLA APOLONIO SALES,IBURA,"RUA PROF. JOSÉ BRASILEIRO VILA NOVA, 38 - IBURA DE BAIXO - RECIFE/PE",-8.10992133,-34.93284965
149,410,1481,149_1481,ESCOLA APOLONIO SALES,IBURA,"RUA PROF. JOSÉ BRASILEIRO VILA NOVA, 38 - IBURA DE BAIXO - RECIFE/PE",-8.10992133,-34.93284965
149,411,1481,149_1481,ESCOLA APOLONIO SALES,IBURA,"RUA PROF. JOSÉ BRASILEIRO VILA NOVA, 38 - IBURA DE BAIXO - RECIFE/PE",-8.10992133,-34.93284965
149,412,1481,149_1481,ESCOLA APOLONIO SALES,IBURA,"RUA PROF. JOSÉ BRASILEIRO VILA NOVA, 38 - IBURA DE BAIXO - RECIFE/PE",-8.10992133,-34.93284965
149,413,1481,149_1481,ESCOLA APOLONIO SALES,IBURA,"RUA PROF. JOSÉ BRASILEIRO VILA NOVA, 38 - IBURA DE BAIXO - RECIFE/PE",-8.10992133,-34.93284965
149,414,1481,149_1481,ESCOLA APOLONIO SALES,IBURA,"RUA PROF. JOSÉ BRASILEIRO VILA NOVA, 38 - IBURA DE BAIXO - RECIFE/PE",-8.10992133,-34.93284965
149,415,1481,149_1481,ESCOLA APOLONIO SALES,IBURA,"RUA PROF. JOSÉ BRASILEIRO VILA NOVA, 38 - IBURA DE BAIXO - RECIFE/PE",-8.10992133,-34.93284965
149,416,1481,149_1481,ESCOLA APOLONIO SALES,IBURA,"RUA PROF. JOSÉ BRASILEIRO VILA NOVA, 38 - IBURA DE BAIXO - RECIFE/PE",-8.10992133,-34.93284965
149,417,1481,149_1481,ESCOLA APOLONIO SALES,IBURA,"RUA PROF. JOSÉ BRASILEIRO VILA NOVA, 38 - IBURA DE BAIXO - RECIFE/PE",-8.10992133,-34.93284965
149,418,1481,149_1481,ESCOLA APOLONIO SALES,IBURA,"RUA PROF. JOSÉ BRASILEIRO VILA NOVA, 38 - IBURA DE BAIXO - RECIFE/PE",-8.10992133,-34.93284965
149,419,1481,149_1481,ESCOLA APOLONIO SALES,IBURA,"RUA PROF. JOSÉ BRASILEIRO VILA NOVA, 38 - IBURA DE BAIXO - RECIFE/PE",-8.10992133,-34.93284965
149,423,1490,149_1490,ESCOLA ENEIDA RABELO,JORDAO,RUA DONA CARENTINA SN,-8.13420882,-34.94136226
149,424,1490,149_1490,ESCOLA ENEIDA RABELO,JORDAO,RUA DONA CARENTINA SN,-8.13420882,-34.94136226
149,425,1490,149_1490,ESCOLA ENEIDA RABELO,JORDAO,RUA DONA CARENTINA SN,-8.13420882,-34.94136226
149,426,1490,149_1490,ESCOLA ENEIDA RABELO,JORDAO,RUA DONA CARENTINA SN,-8.13420882,-34.94136226
149,427,1490,149_1490,ESCOLA ENEIDA RABELO,JORDAO,RUA DONA CARENTINA SN,-8.13420882,-34.94136226
149,428,1490,149_1490,ESCOLA ENEIDA RABELO,JORDAO,RUA DONA CARENTINA SN,-8.13420882,-34.94136226
149,429,1490,149_1490,ESCOLA ENEIDA RABELO,JORDAO,RUA DONA CARENTINA SN,-8.13420882,-34.94136226
149,430,1490,149_1490,ESCOLA ENEIDA RABELO,JORDAO,RUA DONA CARENTINA SN,-8.13420882,-34.94136226
149,431,1490,149_1490,ESCOLA ENEIDA RABELO,JORDAO,RUA DONA CARENTINA SN,-8.13420882,-34.94136226
149,432,1490,149_1490,ESCOLA ENEIDA RABELO,JORDAO,RUA DONA CARENTINA SN,-8.13420882,-34.94136226
149,433,1490,149_1490,ESCOLA ENEIDA RABELO,JORDAO,RUA DONA CARENTINA SN,-8.13420882,-34.94136226
149,434,1490,149_1490,ESCOLA ENEIDA RABELO,JORDAO,RUA DONA CARENTINA SN,-8.13420882,-34.94136226
149,435,1490,149_1490,ESCOLA ENEIDA RABELO,JORDAO,RUA DONA CARENTINA SN,-8.13420882,-34.94136226
149,436,1503,149_1503,ESCOLA MUNICIPAL PROFESSOR ADAUTO PONTES,JORDAO,"RUA SERTANIA, SN",-8.13529293,-34.94483994
149,437,1503,149_1503,ESCOLA MUNICIPAL PROFESSOR ADAUTO PONTES,JORDAO,"RUA SERTANIA, SN",-8.13529293,-34.94483994
149,438,1503,149_1503,ESCOLA MUNICIPAL PROFESSOR ADAUTO PONTES,JORDAO,"RUA SERTANIA, SN",-8.13529293,-34.94483994
149,439,1503,149_1503,ESCOLA MUNICIPAL PROFESSOR ADAUTO PONTES,JORDAO,"RUA SERTANIA, SN",-8.13529293,-34.94483994
149,440,1503,149_1503,ESCOLA MUNICIPAL PROFESSOR ADAUTO PONTES,JORDAO,"RUA SERTANIA, SN",-8.13529293,-34.94483994
149,441,1503,149_1503,ESCOLA MUNICIPAL PROFESSOR ADAUTO PONTES,JORDAO,"RUA SERTANIA, SN",-8.13529293,-34.94483994
149,442,1511,149_1511,ESCOLA MUNICIPAL DO JORDAO,IBURA,"RUA SILVA JARDIM, 175",-8.13902054,-34.92892417
149,443,1511,149_1511,ESCOLA MUNICIPAL DO JORDAO,IBURA,"RUA SILVA JARDIM, 175",-8.13902054,-34.92892417
149,444,1511,149_1511,ESCOLA MUNICIPAL DO JORDAO,IBURA,"RUA SILVA JARDIM, 175",-8.13902054,-34.92892417
149,447,1520,149_1520,AEROPORTO INTERNACIONAL DOS GUARARAPES - VOTO EM TRÂNSITO,IBURA,"AVENIDA MASCARENHAS DE MORAIS, S/N, PRAÇA MINISTRO SALGADO FILHO",-8.1264,-34.9228
149,448,1520,149_1520,AEROPORTO INTERNACIONAL DOS GUARARAPES - VOTO EM TRÂNSITO,IBURA,"AVENIDA MASCARENHAS DE MORAIS, S/N, PRAÇA MINISTRO SALGADO FILHO",-8.1264,-34.9228
149,456,1520,149_1520,AEROPORTO INTERNACIONAL DOS GUARARAPES - VOTO EM TRÂNSITO,IBURA,"AVENIDA MASCARENHAS DE MORAIS, S/N, PRAÇA MINISTRO SALGADO FILHO",-8.1264,-34.9228
149,457,1520,149_1520,AEROPORTO INTERNACIONAL DOS GUARARAPES - VOTO EM TRÂNSITO,IBURA,"AVENIDA MASCARENHAS DE MORAIS, S/N, PRAÇA MINISTRO SALGADO FILHO",-8.1264,-34.9228
149,449,1546,149_1546,ESCOLA CECÍLIA MEIRELES,IBURA,"RUA DOURO, 49",-8.1172182,-34.9409454
149,452,1554,149_1554,ESCOLA MUNICIPAL PROFESSOR JOSÉ LOURENÇO,IBURA,"RUA NOVA AMÉRICA, 168",-8.1231801,-34.941986
149,278,1562,149_1562,ESCOLA MUNICIPAL PROFESSOR MANOEL TORRES,IMBIRIBEIRA,"RUA JOAQUIM PINHEIRO, 1-115",-8.1264081,-34.9114134
149,451,1562,149_1562,ESCOLA MUNICIPAL PROFESSOR MANOEL TORRES,IMBIRIBEIRA,"RUA JOAQUIM PINHEIRO, 1-115",-8.1264081,-34.9114134
149,461,1562,149_1562,ESCOLA MUNICIPAL PROFESSOR MANOEL TORRES,IMBIRIBEIRA,"RUA JOAQUIM PINHEIRO, 1-115",-8.1264081,-34.9114134
149,460,1570,149_1570,ESCOLA MANOEL BORBA (DENTRO DO PARQUE SANTOS DUMONT),BOA VIAGEM,"R. ALM. NELSON FERNANDES, S/N - BOA VIAGEM",-8.1308686,-34.9078215
149,25,1589,149_1589,ACBV -  NINHO EDUCAÇÃO INFANTIL,BOA VIAGEM,"RUA HÉLIO FALCÃO,139",-8.1221605,-34.9027802
149,26,1589,149_1589,ACBV -  NINHO EDUCAÇÃO INFANTIL,BOA VIAGEM,"RUA HÉLIO FALCÃO,139",-8.1221605,-34.9027802
149,27,1589,149_1589,ACBV -  NINHO EDUCAÇÃO INFANTIL,BOA VIAGEM,"RUA HÉLIO FALCÃO,139",-8.1221605,-34.9027802
149,28,1597,149_1597,ESCOLA PROFESSORA INALDA SPINELLI,BOA VIAGEM,"R. JORGE COUCEIRO DA COSTA EIRAS, SN",-8.1219172,-34.9082667
149,29,1597,149_1597,ESCOLA PROFESSORA INALDA SPINELLI,BOA VIAGEM,"R. JORGE COUCEIRO DA COSTA EIRAS, SN",-8.1219172,-34.9082667
149,30,1597,149_1597,ESCOLA PROFESSORA INALDA SPINELLI,BOA VIAGEM,"R. JORGE COUCEIRO DA COSTA EIRAS, SN",-8.1219172,-34.9082667
149,31,1597,149_1597,ESCOLA PROFESSORA INALDA SPINELLI,BOA VIAGEM,"R. JORGE COUCEIRO DA COSTA EIRAS, SN",-8.1219172,-34.9082667
149,32,1597,149_1597,ESCOLA PROFESSORA INALDA SPINELLI,BOA VIAGEM,"R. JORGE COUCEIRO DA COSTA EIRAS, SN",-8.1219172,-34.9082667
149,420,1619,149_1619,ESCOLA MUNICIPAL PAZ E AMOR,IBURA,"RUA JORNALISTA EDSON REGIS,216",-8.1152038,-34.929919
149,421,1619,149_1619,ESCOLA MUNICIPAL PAZ E AMOR,IBURA,"RUA JORNALISTA EDSON REGIS,216",-8.1152038,-34.929919
149,422,1619,149_1619,ESCOLA MUNICIPAL PAZ E AMOR,IBURA,"RUA JORNALISTA EDSON REGIS,216",-8.1152038,-34.929919
149,33,1643,149_1643,ESCOLA MUNICIPAL ABÍLIO GOMES,BOA VIAGEM,"RUA JORGE COUCEIRO DA COSTA EIRAS, SN",-8.1219633,-34.9079595
149,34,1643,149_1643,ESCOLA MUNICIPAL ABÍLIO GOMES,BOA VIAGEM,"RUA JORGE COUCEIRO DA COSTA EIRAS, SN",-8.1219633,-34.9079595
149,35,1643,149_1643,ESCOLA MUNICIPAL ABÍLIO GOMES,BOA VIAGEM,"RUA JORGE COUCEIRO DA COSTA EIRAS, SN",-8.1219633,-34.9079595
149,36,1643,149_1643,ESCOLA MUNICIPAL ABÍLIO GOMES,BOA VIAGEM,"RUA JORGE COUCEIRO DA COSTA EIRAS, SN",-8.1219633,-34.9079595
150,1,1015,150_1015,ESCOLA DIARIO DE PERNAMBUCO,ENGENHO DO MEIO,"RUA COSTA SEPULVEDA, SN",-8.0542829,-34.9400843
150,2,1015,150_1015,ESCOLA DIARIO DE PERNAMBUCO,ENGENHO DO MEIO,"RUA COSTA SEPULVEDA, SN",-8.0542829,-34.9400843
150,3,1015,150_1015,ESCOLA DIARIO DE PERNAMBUCO,ENGENHO DO MEIO,"RUA COSTA SEPULVEDA, SN",-8.0542829,-34.9400843
150,4,1015,150_1015,ESCOLA DIARIO DE PERNAMBUCO,ENGENHO DO MEIO,"RUA COSTA SEPULVEDA, SN",-8.0542829,-34.9400843
150,5,1015,150_1015,ESCOLA DIARIO DE PERNAMBUCO,ENGENHO DO MEIO,"RUA COSTA SEPULVEDA, SN",-8.0542829,-34.9400843
150,6,1015,150_1015,ESCOLA DIARIO DE PERNAMBUCO,ENGENHO DO MEIO,"RUA COSTA SEPULVEDA, SN",-8.0542829,-34.9400843
150,7,1015,150_1015,ESCOLA DIARIO DE PERNAMBUCO,ENGENHO DO MEIO,"RUA COSTA SEPULVEDA, SN",-8.0542829,-34.9400843
150,8,1015,150_1015,ESCOLA DIARIO DE PERNAMBUCO,ENGENHO DO MEIO,"RUA COSTA SEPULVEDA, SN",-8.0542829,-34.9400843
150,9,1015,150_1015,ESCOLA DIARIO DE PERNAMBUCO,ENGENHO DO MEIO,"RUA COSTA SEPULVEDA, SN",-8.0542829,-34.9400843
150,10,1015,150_1015,ESCOLA DIARIO DE PERNAMBUCO,ENGENHO DO MEIO,"RUA COSTA SEPULVEDA, SN",-8.0542829,-34.9400843
150,11,1015,150_1015,ESCOLA DIARIO DE PERNAMBUCO,ENGENHO DO MEIO,"RUA COSTA SEPULVEDA, SN",-8.0542829,-34.9400843
150,12,1015,150_1015,ESCOLA DIARIO DE PERNAMBUCO,ENGENHO DO MEIO,"RUA COSTA SEPULVEDA, SN",-8.0542829,-34.9400843
150,13,1015,150_1015,ESCOLA DIARIO DE PERNAMBUCO,ENGENHO DO MEIO,"RUA COSTA SEPULVEDA, SN",-8.0542829,-34.9400843
150,14,1015,150_1015,ESCOLA DIARIO DE PERNAMBUCO,ENGENHO DO MEIO,"RUA COSTA SEPULVEDA, SN",-8.0542829,-34.9400843
150,15,1015,150_1015,ESCOLA DIARIO DE PERNAMBUCO,ENGENHO DO MEIO,"RUA COSTA SEPULVEDA, SN",-8.0542829,-34.9400843
150,16,1015,150_1015,ESCOLA DIARIO DE PERNAMBUCO,ENGENHO DO MEIO,"RUA COSTA SEPULVEDA, SN",-8.0542829,-34.9400843
150,212,1015,150_1015,ESCOLA DIARIO DE PERNAMBUCO,ENGENHO DO MEIO,"RUA COSTA SEPULVEDA, SN",-8.0542829,-34.9400843
150,27,1031,150_1031,ESCOLA PROFESSOR LEAL DE BARROS,ENGENHO DO MEIO,RUA ANTONIO BORGES UCHOA SN,-8.0562502,-34.9438508
150,28,1031,150_1031,ESCOLA PROFESSOR LEAL DE BARROS,ENGENHO DO MEIO,RUA ANTONIO BORGES UCHOA SN,-8.0562502,-34.9438508
150,29,1031,150_1031,ESCOLA PROFESSOR LEAL DE BARROS,ENGENHO DO MEIO,RUA ANTONIO BORGES UCHOA SN,-8.0562502,-34.9438508
150,30,1031,150_1031,ESCOLA PROFESSOR LEAL DE BARROS,ENGENHO DO MEIO,RUA ANTONIO BORGES UCHOA SN,-8.0562502,-34.9438508
150,31,1031,150_1031,ESCOLA PROFESSOR LEAL DE BARROS,ENGENHO DO MEIO,RUA ANTONIO BORGES UCHOA SN,-8.0562502,-34.9438508
150,32,1031,150_1031,ESCOLA PROFESSOR LEAL DE BARROS,ENGENHO DO MEIO,RUA ANTONIO BORGES UCHOA SN,-8.0562502,-34.9438508
150,33,1031,150_1031,ESCOLA PROFESSOR LEAL DE BARROS,ENGENHO DO MEIO,RUA ANTONIO BORGES UCHOA SN,-8.0562502,-34.9438508
150,34,1031,150_1031,ESCOLA PROFESSOR LEAL DE BARROS,ENGENHO DO MEIO,RUA ANTONIO BORGES UCHOA SN,-8.0562502,-34.9438508
150,35,1031,150_1031,ESCOLA PROFESSOR LEAL DE BARROS,ENGENHO DO MEIO,RUA ANTONIO BORGES UCHOA SN,-8.0562502,-34.9438508
150,36,1031,150_1031,ESCOLA PROFESSOR LEAL DE BARROS,ENGENHO DO MEIO,RUA ANTONIO BORGES UCHOA SN,-8.0562502,-34.9438508
150,375,1031,150_1031,ESCOLA PROFESSOR LEAL DE BARROS,ENGENHO DO MEIO,RUA ANTONIO BORGES UCHOA SN,-8.0562502,-34.9438508
150,87,1066,150_1066,ESCOLA FERNANDES VIEIRA,IPUTINGA,"AVENIDA CAXANGA , 3595",-8.0411402,-34.9380077
150,88,1066,150_1066,ESCOLA FERNANDES VIEIRA,IPUTINGA,"AVENIDA CAXANGA , 3595",-8.0411402,-34.9380077
150,89,1066,150_1066,ESCOLA FERNANDES VIEIRA,IPUTINGA,"AVENIDA CAXANGA , 3595",-8.0411402,-34.9380077
150,90,1066,150_1066,ESCOLA FERNANDES VIEIRA,IPUTINGA,"AVENIDA CAXANGA , 3595",-8.0411402,-34.9380077
150,369,1082,150_1082,COLONIA PENAL FEMININA BOM PASTOR,ENGENHO DO MEIO,"RUA BOM PASTOR, SN",-8.04959212,-34.93957499
150,115,1104,150_1104,ESCOLA JORNALISTA TRAJANO CHACON,CORDEIRO,"AV DO FORTE DO ARRAIAL DO BOM JESUS, 140",-8.0484132,-34.9260646
150,116,1104,150_1104,ESCOLA JORNALISTA TRAJANO CHACON,CORDEIRO,"AV DO FORTE DO ARRAIAL DO BOM JESUS, 140",-8.0484132,-34.9260646
150,117,1104,150_1104,ESCOLA JORNALISTA TRAJANO CHACON,CORDEIRO,"AV DO FORTE DO ARRAIAL DO BOM JESUS, 140",-8.0484132,-34.9260646
150,118,1104,150_1104,ESCOLA JORNALISTA TRAJANO CHACON,CORDEIRO,"AV DO FORTE DO ARRAIAL DO BOM JESUS, 140",-8.0484132,-34.9260646
150,119,1104,150_1104,ESCOLA JORNALISTA TRAJANO CHACON,CORDEIRO,"AV DO FORTE DO ARRAIAL DO BOM JESUS, 140",-8.0484132,-34.9260646
150,120,1104,150_1104,ESCOLA JORNALISTA TRAJANO CHACON,CORDEIRO,"AV DO FORTE DO ARRAIAL DO BOM JESUS, 140",-8.0484132,-34.9260646
150,121,1104,150_1104,ESCOLA JORNALISTA TRAJANO CHACON,CORDEIRO,"AV DO FORTE DO ARRAIAL DO BOM JESUS, 140",-8.0484132,-34.9260646
150,122,1104,150_1104,ESCOLA JORNALISTA TRAJANO CHACON,CORDEIRO,"AV DO FORTE DO ARRAIAL DO BOM JESUS, 140",-8.0484132,-34.9260646
150,123,1104,150_1104,ESCOLA JORNALISTA TRAJANO CHACON,CORDEIRO,"AV DO FORTE DO ARRAIAL DO BOM JESUS, 140",-8.0484132,-34.9260646
150,124,1104,150_1104,ESCOLA JORNALISTA TRAJANO CHACON,CORDEIRO,"AV DO FORTE DO ARRAIAL DO BOM JESUS, 140",-8.0484132,-34.9260646
150,125,1104,150_1104,ESCOLA JORNALISTA TRAJANO CHACON,CORDEIRO,"AV DO FORTE DO ARRAIAL DO BOM JESUS, 140",-8.0484132,-34.9260646
150,126,1104,150_1104,ESCOLA JORNALISTA TRAJANO CHACON,CORDEIRO,"AV DO FORTE DO ARRAIAL DO BOM JESUS, 140",-8.0484132,-34.9260646
150,127,1104,150_1104,ESCOLA JORNALISTA TRAJANO CHACON,CORDEIRO,"AV DO FORTE DO ARRAIAL DO BOM JESUS, 140",-8.0484132,-34.9260646
150,128,1104,150_1104,ESCOLA JORNALISTA TRAJANO CHACON,CORDEIRO,"AV DO FORTE DO ARRAIAL DO BOM JESUS, 140",-8.0484132,-34.9260646
150,129,1112,150_1112,COLEGIO PADRE JOSE DE ANCHIETA,MUSTARDINHA,"RUA MOCAMBIQUE, 165",-8.0732049,-34.9178671
150,130,1112,150_1112,COLEGIO PADRE JOSE DE ANCHIETA,MUSTARDINHA,"RUA MOCAMBIQUE, 165",-8.0732049,-34.9178671
150,131,1112,150_1112,COLEGIO PADRE JOSE DE ANCHIETA,MUSTARDINHA,"RUA MOCAMBIQUE, 165",-8.0732049,-34.9178671
150,132,1112,150_1112,COLEGIO PADRE JOSE DE ANCHIETA,MUSTARDINHA,"RUA MOCAMBIQUE, 165",-8.0732049,-34.9178671
150,133,1112,150_1112,COLEGIO PADRE JOSE DE ANCHIETA,MUSTARDINHA,"RUA MOCAMBIQUE, 165",-8.0732049,-34.9178671
150,216,1112,150_1112,COLEGIO PADRE JOSE DE ANCHIETA,MUSTARDINHA,"RUA MOCAMBIQUE, 165",-8.0732049,-34.9178671
150,226,1112,150_1112,COLEGIO PADRE JOSE DE ANCHIETA,MUSTARDINHA,"RUA MOCAMBIQUE, 165",-8.0732049,-34.9178671
150,230,1112,150_1112,COLEGIO PADRE JOSE DE ANCHIETA,MUSTARDINHA,"RUA MOCAMBIQUE, 165",-8.0732049,-34.9178671
150,240,1112,150_1112,COLEGIO PADRE JOSE DE ANCHIETA,MUSTARDINHA,"RUA MOCAMBIQUE, 165",-8.0732049,-34.9178671
150,278,1112,150_1112,COLEGIO PADRE JOSE DE ANCHIETA,MUSTARDINHA,"RUA MOCAMBIQUE, 165",-8.0732049,-34.9178671
150,134,1120,150_1120,ESCOLA OTHON PARAISO,BONGI,AV MANOEL GONCALVES DA LUZ 140,-8.0660922,-34.9170033
150,135,1120,150_1120,ESCOLA OTHON PARAISO,BONGI,AV MANOEL GONCALVES DA LUZ 140,-8.0660922,-34.9170033
150,136,1120,150_1120,ESCOLA OTHON PARAISO,BONGI,AV MANOEL GONCALVES DA LUZ 140,-8.0660922,-34.9170033
150,137,1120,150_1120,ESCOLA OTHON PARAISO,BONGI,AV MANOEL GONCALVES DA LUZ 140,-8.0660922,-34.9170033
150,138,1120,150_1120,ESCOLA OTHON PARAISO,BONGI,AV MANOEL GONCALVES DA LUZ 140,-8.0660922,-34.9170033
150,139,1120,150_1120,ESCOLA OTHON PARAISO,BONGI,AV MANOEL GONCALVES DA LUZ 140,-8.0660922,-34.9170033
150,140,1120,150_1120,ESCOLA OTHON PARAISO,BONGI,AV MANOEL GONCALVES DA LUZ 140,-8.0660922,-34.9170033
150,141,1120,150_1120,ESCOLA OTHON PARAISO,BONGI,AV MANOEL GONCALVES DA LUZ 140,-8.0660922,-34.9170033
150,142,1120,150_1120,ESCOLA OTHON PARAISO,BONGI,AV MANOEL GONCALVES DA LUZ 140,-8.0660922,-34.9170033
150,143,1120,150_1120,ESCOLA OTHON PARAISO,BONGI,AV MANOEL GONCALVES DA LUZ 140,-8.0660922,-34.9170033
150,144,1120,150_1120,ESCOLA OTHON PARAISO,BONGI,AV MANOEL GONCALVES DA LUZ 140,-8.0660922,-34.9170033
150,145,1120,150_1120,ESCOLA OTHON PARAISO,BONGI,AV MANOEL GONCALVES DA LUZ 140,-8.0660922,-34.9170033
150,372,1120,150_1120,ESCOLA OTHON PARAISO,BONGI,AV MANOEL GONCALVES DA LUZ 140,-8.0660922,-34.9170033
150,146,1139,150_1139,ESCOLA DOM BOSCO,SAN MARTIN,"AVENIDA ENG ABDIAS DE CARVALHO, 1855, PRADO, RECIFE-PE",-8.0618728,-34.9238289
150,147,1139,150_1139,ESCOLA DOM BOSCO,SAN MARTIN,"AVENIDA ENG ABDIAS DE CARVALHO, 1855, PRADO, RECIFE-PE",-8.0618728,-34.9238289
150,148,1139,150_1139,ESCOLA DOM BOSCO,SAN MARTIN,"AVENIDA ENG ABDIAS DE CARVALHO, 1855, PRADO, RECIFE-PE",-8.0618728,-34.9238289
150,149,1139,150_1139,ESCOLA DOM BOSCO,SAN MARTIN,"AVENIDA ENG ABDIAS DE CARVALHO, 1855, PRADO, RECIFE-PE",-8.0618728,-34.9238289
150,150,1139,150_1139,ESCOLA DOM BOSCO,SAN MARTIN,"AVENIDA ENG ABDIAS DE CARVALHO, 1855, PRADO, RECIFE-PE",-8.0618728,-34.9238289
150,151,1139,150_1139,ESCOLA DOM BOSCO,SAN MARTIN,"AVENIDA ENG ABDIAS DE CARVALHO, 1855, PRADO, RECIFE-PE",-8.0618728,-34.9238289
150,152,1139,150_1139,ESCOLA DOM BOSCO,SAN MARTIN,"AVENIDA ENG ABDIAS DE CARVALHO, 1855, PRADO, RECIFE-PE",-8.0618728,-34.9238289
150,153,1139,150_1139,ESCOLA DOM BOSCO,SAN MARTIN,"AVENIDA ENG ABDIAS DE CARVALHO, 1855, PRADO, RECIFE-PE",-8.0618728,-34.9238289
150,154,1139,150_1139,ESCOLA DOM BOSCO,SAN MARTIN,"AVENIDA ENG ABDIAS DE CARVALHO, 1855, PRADO, RECIFE-PE",-8.0618728,-34.9238289
150,155,1139,150_1139,ESCOLA DOM BOSCO,SAN MARTIN,"AVENIDA ENG ABDIAS DE CARVALHO, 1855, PRADO, RECIFE-PE",-8.0618728,-34.9238289
150,156,1139,150_1139,ESCOLA DOM BOSCO,SAN MARTIN,"AVENIDA ENG ABDIAS DE CARVALHO, 1855, PRADO, RECIFE-PE",-8.0618728,-34.9238289
150,157,1139,150_1139,ESCOLA DOM BOSCO,SAN MARTIN,"AVENIDA ENG ABDIAS DE CARVALHO, 1855, PRADO, RECIFE-PE",-8.0618728,-34.9238289
150,166,1147,150_1147,ESCOLA PROFESSOR ANTONIO DE BRITO ALVES,MUSTARDINHA,"RUA ERNESTO CAVALCANTI, S/N",-8.0740214,-34.9180042
150,167,1147,150_1147,ESCOLA PROFESSOR ANTONIO DE BRITO ALVES,MUSTARDINHA,"RUA ERNESTO CAVALCANTI, S/N",-8.0740214,-34.9180042
150,168,1147,150_1147,ESCOLA PROFESSOR ANTONIO DE BRITO ALVES,MUSTARDINHA,"RUA ERNESTO CAVALCANTI, S/N",-8.0740214,-34.9180042
150,169,1147,150_1147,ESCOLA PROFESSOR ANTONIO DE BRITO ALVES,MUSTARDINHA,"RUA ERNESTO CAVALCANTI, S/N",-8.0740214,-34.9180042
150,170,1147,150_1147,ESCOLA PROFESSOR ANTONIO DE BRITO ALVES,MUSTARDINHA,"RUA ERNESTO CAVALCANTI, S/N",-8.0740214,-34.9180042
150,171,1147,150_1147,ESCOLA PROFESSOR ANTONIO DE BRITO ALVES,MUSTARDINHA,"RUA ERNESTO CAVALCANTI, S/N",-8.0740214,-34.9180042
150,172,1147,150_1147,ESCOLA PROFESSOR ANTONIO DE BRITO ALVES,MUSTARDINHA,"RUA ERNESTO CAVALCANTI, S/N",-8.0740214,-34.9180042
150,173,1147,150_1147,ESCOLA PROFESSOR ANTONIO DE BRITO ALVES,MUSTARDINHA,"RUA ERNESTO CAVALCANTI, S/N",-8.0740214,-34.9180042
150,174,1147,150_1147,ESCOLA PROFESSOR ANTONIO DE BRITO ALVES,MUSTARDINHA,"RUA ERNESTO CAVALCANTI, S/N",-8.0740214,-34.9180042
150,175,1147,150_1147,ESCOLA PROFESSOR ANTONIO DE BRITO ALVES,MUSTARDINHA,"RUA ERNESTO CAVALCANTI, S/N",-8.0740214,-34.9180042
150,176,1147,150_1147,ESCOLA PROFESSOR ANTONIO DE BRITO ALVES,MUSTARDINHA,"RUA ERNESTO CAVALCANTI, S/N",-8.0740214,-34.9180042
150,177,1147,150_1147,ESCOLA PROFESSOR ANTONIO DE BRITO ALVES,MUSTARDINHA,"RUA ERNESTO CAVALCANTI, S/N",-8.0740214,-34.9180042
150,178,1147,150_1147,ESCOLA PROFESSOR ANTONIO DE BRITO ALVES,MUSTARDINHA,"RUA ERNESTO CAVALCANTI, S/N",-8.0740214,-34.9180042
150,179,1155,150_1155,ESCOLA PRESIDENTE ARTUR DA COSTA E SILVA,MUSTARDINHA,"RUA TEJUCUPAPO, 536",-8.0725579,-34.9229045
150,180,1155,150_1155,ESCOLA PRESIDENTE ARTUR DA COSTA E SILVA,MUSTARDINHA,"RUA TEJUCUPAPO, 536",-8.0725579,-34.9229045
150,181,1155,150_1155,ESCOLA PRESIDENTE ARTUR DA COSTA E SILVA,MUSTARDINHA,"RUA TEJUCUPAPO, 536",-8.0725579,-34.9229045
150,182,1155,150_1155,ESCOLA PRESIDENTE ARTUR DA COSTA E SILVA,MUSTARDINHA,"RUA TEJUCUPAPO, 536",-8.0725579,-34.9229045
150,183,1155,150_1155,ESCOLA PRESIDENTE ARTUR DA COSTA E SILVA,MUSTARDINHA,"RUA TEJUCUPAPO, 536",-8.0725579,-34.9229045
150,184,1155,150_1155,ESCOLA PRESIDENTE ARTUR DA COSTA E SILVA,MUSTARDINHA,"RUA TEJUCUPAPO, 536",-8.0725579,-34.9229045
150,185,1155,150_1155,ESCOLA PRESIDENTE ARTUR DA COSTA E SILVA,MUSTARDINHA,"RUA TEJUCUPAPO, 536",-8.0725579,-34.9229045
150,186,1155,150_1155,ESCOLA PRESIDENTE ARTUR DA COSTA E SILVA,MUSTARDINHA,"RUA TEJUCUPAPO, 536",-8.0725579,-34.9229045
150,187,1155,150_1155,ESCOLA PRESIDENTE ARTUR DA COSTA E SILVA,MUSTARDINHA,"RUA TEJUCUPAPO, 536",-8.0725579,-34.9229045
150,208,1155,150_1155,ESCOLA PRESIDENTE ARTUR DA COSTA E SILVA,MUSTARDINHA,"RUA TEJUCUPAPO, 536",-8.0725579,-34.9229045
150,188,1163,150_1163,ESCOLA GENERAL SAN MARTIN,SAN MARTIN,"AV. GAL. SAN MARTIN, 864",-8.0673881,-34.9278914
150,189,1163,150_1163,ESCOLA GENERAL SAN MARTIN,SAN MARTIN,"AV. GAL. SAN MARTIN, 864",-8.0673881,-34.9278914
150,190,1163,150_1163,ESCOLA GENERAL SAN MARTIN,SAN MARTIN,"AV. GAL. SAN MARTIN, 864",-8.0673881,-34.9278914
150,191,1163,150_1163,ESCOLA GENERAL SAN MARTIN,SAN MARTIN,"AV. GAL. SAN MARTIN, 864",-8.0673881,-34.9278914
150,211,1163,150_1163,ESCOLA GENERAL SAN MARTIN,SAN MARTIN,"AV. GAL. SAN MARTIN, 864",-8.0673881,-34.9278914
150,213,1163,150_1163,ESCOLA GENERAL SAN MARTIN,SAN MARTIN,"AV. GAL. SAN MARTIN, 864",-8.0673881,-34.9278914
150,218,1163,150_1163,ESCOLA GENERAL SAN MARTIN,SAN MARTIN,"AV. GAL. SAN MARTIN, 864",-8.0673881,-34.9278914
150,377,1163,150_1163,ESCOLA GENERAL SAN MARTIN,SAN MARTIN,"AV. GAL. SAN MARTIN, 864",-8.0673881,-34.9278914
150,203,1180,150_1180,CLUBE SARGENTO WOLF,AFOGADOS,"RUA SARGENTO WOLF, 113",-8.0715443,-34.9115018
150,204,1180,150_1180,CLUBE SARGENTO WOLF,AFOGADOS,"RUA SARGENTO WOLF, 113",-8.0715443,-34.9115018
150,205,1180,150_1180,CLUBE SARGENTO WOLF,AFOGADOS,"RUA SARGENTO WOLF, 113",-8.0715443,-34.9115018
150,206,1180,150_1180,CLUBE SARGENTO WOLF,AFOGADOS,"RUA SARGENTO WOLF, 113",-8.0715443,-34.9115018
150,207,1180,150_1180,CLUBE SARGENTO WOLF,AFOGADOS,"RUA SARGENTO WOLF, 113",-8.0715443,-34.9115018
150,217,1180,150_1180,CLUBE SARGENTO WOLF,AFOGADOS,"RUA SARGENTO WOLF, 113",-8.0715443,-34.9115018
150,222,1180,150_1180,CLUBE SARGENTO WOLF,AFOGADOS,"RUA SARGENTO WOLF, 113",-8.0715443,-34.9115018
150,225,1180,150_1180,CLUBE SARGENTO WOLF,AFOGADOS,"RUA SARGENTO WOLF, 113",-8.0715443,-34.9115018
150,246,1180,150_1180,CLUBE SARGENTO WOLF,AFOGADOS,"RUA SARGENTO WOLF, 113",-8.0715443,-34.9115018
150,257,1180,150_1180,CLUBE SARGENTO WOLF,AFOGADOS,"RUA SARGENTO WOLF, 113",-8.0715443,-34.9115018
150,373,1180,150_1180,CLUBE SARGENTO WOLF,AFOGADOS,"RUA SARGENTO WOLF, 113",-8.0715443,-34.9115018
150,381,1180,150_1180,CLUBE SARGENTO WOLF,AFOGADOS,"RUA SARGENTO WOLF, 113",-8.0715443,-34.9115018
150,101,1198,150_1198,ESCOLA MUNICIPAL ENGENHO DO MEIO,ENGENHO DO MEIO,"RUA BOM PASTOR, S/Nº",-8.0497194,-34.9396189
150,215,1198,150_1198,ESCOLA MUNICIPAL ENGENHO DO MEIO,ENGENHO DO MEIO,"RUA BOM PASTOR, S/Nº",-8.0497194,-34.9396189
150,220,1198,150_1198,ESCOLA MUNICIPAL ENGENHO DO MEIO,ENGENHO DO MEIO,"RUA BOM PASTOR, S/Nº",-8.0497194,-34.9396189
150,223,1198,150_1198,ESCOLA MUNICIPAL ENGENHO DO MEIO,ENGENHO DO MEIO,"RUA BOM PASTOR, S/Nº",-8.0497194,-34.9396189
150,237,1198,150_1198,ESCOLA MUNICIPAL ENGENHO DO MEIO,ENGENHO DO MEIO,"RUA BOM PASTOR, S/Nº",-8.0497194,-34.9396189
150,248,1198,150_1198,ESCOLA MUNICIPAL ENGENHO DO MEIO,ENGENHO DO MEIO,"RUA BOM PASTOR, S/Nº",-8.0497194,-34.9396189
150,268,1198,150_1198,ESCOLA MUNICIPAL ENGENHO DO MEIO,ENGENHO DO MEIO,"RUA BOM PASTOR, S/Nº",-8.0497194,-34.9396189
150,214,1201,150_1201,ESCOLA PINTOR LAURO VILLARES,TORROES,"RUA CLARICE LISPECTOR, S/N - RODA DE FOGO",-8.0604874,-34.9381145
150,219,1201,150_1201,ESCOLA PINTOR LAURO VILLARES,TORROES,"RUA CLARICE LISPECTOR, S/N - RODA DE FOGO",-8.0604874,-34.9381145
150,224,1201,150_1201,ESCOLA PINTOR LAURO VILLARES,TORROES,"RUA CLARICE LISPECTOR, S/N - RODA DE FOGO",-8.0604874,-34.9381145
150,232,1201,150_1201,ESCOLA PINTOR LAURO VILLARES,TORROES,"RUA CLARICE LISPECTOR, S/N - RODA DE FOGO",-8.0604874,-34.9381145
150,238,1201,150_1201,ESCOLA PINTOR LAURO VILLARES,TORROES,"RUA CLARICE LISPECTOR, S/N - RODA DE FOGO",-8.0604874,-34.9381145
150,241,1201,150_1201,ESCOLA PINTOR LAURO VILLARES,TORROES,"RUA CLARICE LISPECTOR, S/N - RODA DE FOGO",-8.0604874,-34.9381145
150,243,1201,150_1201,ESCOLA PINTOR LAURO VILLARES,TORROES,"RUA CLARICE LISPECTOR, S/N - RODA DE FOGO",-8.0604874,-34.9381145
150,379,1201,150_1201,ESCOLA PINTOR LAURO VILLARES,TORROES,"RUA CLARICE LISPECTOR, S/N - RODA DE FOGO",-8.0604874,-34.9381145
150,382,1201,150_1201,ESCOLA PINTOR LAURO VILLARES,TORROES,"RUA CLARICE LISPECTOR, S/N - RODA DE FOGO",-8.0604874,-34.9381145
150,17,1210,150_1210,ASSOCIAÇÃO DOS SERVIDORES CLUBE DA SUDENE,ENGENHO DO MEIO,"RUA ANTÔNIO CURADO, S/N",-8.0540027,-34.9414623
150,18,1210,150_1210,ASSOCIAÇÃO DOS SERVIDORES CLUBE DA SUDENE,ENGENHO DO MEIO,"RUA ANTÔNIO CURADO, S/N",-8.0540027,-34.9414623
150,19,1210,150_1210,ASSOCIAÇÃO DOS SERVIDORES CLUBE DA SUDENE,ENGENHO DO MEIO,"RUA ANTÔNIO CURADO, S/N",-8.0540027,-34.9414623
150,20,1210,150_1210,ASSOCIAÇÃO DOS SERVIDORES CLUBE DA SUDENE,ENGENHO DO MEIO,"RUA ANTÔNIO CURADO, S/N",-8.0540027,-34.9414623
150,21,1210,150_1210,ASSOCIAÇÃO DOS SERVIDORES CLUBE DA SUDENE,ENGENHO DO MEIO,"RUA ANTÔNIO CURADO, S/N",-8.0540027,-34.9414623
150,22,1210,150_1210,ASSOCIAÇÃO DOS SERVIDORES CLUBE DA SUDENE,ENGENHO DO MEIO,"RUA ANTÔNIO CURADO, S/N",-8.0540027,-34.9414623
150,23,1210,150_1210,ASSOCIAÇÃO DOS SERVIDORES CLUBE DA SUDENE,ENGENHO DO MEIO,"RUA ANTÔNIO CURADO, S/N",-8.0540027,-34.9414623
150,24,1210,150_1210,ASSOCIAÇÃO DOS SERVIDORES CLUBE DA SUDENE,ENGENHO DO MEIO,"RUA ANTÔNIO CURADO, S/N",-8.0540027,-34.9414623
150,25,1210,150_1210,ASSOCIAÇÃO DOS SERVIDORES CLUBE DA SUDENE,ENGENHO DO MEIO,"RUA ANTÔNIO CURADO, S/N",-8.0540027,-34.9414623
150,26,1210,150_1210,ASSOCIAÇÃO DOS SERVIDORES CLUBE DA SUDENE,ENGENHO DO MEIO,"RUA ANTÔNIO CURADO, S/N",-8.0540027,-34.9414623
150,359,1244,150_1244,EDUCANDÁRIO SANTA TERESINHA,AFOGADOS,"RUA DESEMBARGADOR MEDEIROS CORREIA, 95",-8.0743504,-34.91707803
150,360,1244,150_1244,EDUCANDÁRIO SANTA TERESINHA,AFOGADOS,"RUA DESEMBARGADOR MEDEIROS CORREIA, 95",-8.0743504,-34.91707803
150,361,1244,150_1244,EDUCANDÁRIO SANTA TERESINHA,AFOGADOS,"RUA DESEMBARGADOR MEDEIROS CORREIA, 95",-8.0743504,-34.91707803
150,362,1244,150_1244,EDUCANDÁRIO SANTA TERESINHA,AFOGADOS,"RUA DESEMBARGADOR MEDEIROS CORREIA, 95",-8.0743504,-34.91707803
150,363,1244,150_1244,EDUCANDÁRIO SANTA TERESINHA,AFOGADOS,"RUA DESEMBARGADOR MEDEIROS CORREIA, 95",-8.0743504,-34.91707803
150,371,1244,150_1244,EDUCANDÁRIO SANTA TERESINHA,AFOGADOS,"RUA DESEMBARGADOR MEDEIROS CORREIA, 95",-8.0743504,-34.91707803
150,231,1252,150_1252,CRECHE MUNICIPAL DA MANGUEIRA,MANGUEIRA,"RUA 21 DE ABRIL, 1559",-8.0747505,-34.9212926
150,255,1252,150_1252,CRECHE MUNICIPAL DA MANGUEIRA,MANGUEIRA,"RUA 21 DE ABRIL, 1559",-8.0747505,-34.9212926
150,269,1252,150_1252,CRECHE MUNICIPAL DA MANGUEIRA,MANGUEIRA,"RUA 21 DE ABRIL, 1559",-8.0747505,-34.9212926
150,233,1287,150_1287,COLÉGIO ANGLO LÍDER,CORDEIRO,"RUA DR. EDINALDO CAMPELO, 136",-8.0532064,-34.9279681
150,239,1287,150_1287,COLÉGIO ANGLO LÍDER,CORDEIRO,"RUA DR. EDINALDO CAMPELO, 136",-8.0532064,-34.9279681
150,244,1287,150_1287,COLÉGIO ANGLO LÍDER,CORDEIRO,"RUA DR. EDINALDO CAMPELO, 136",-8.0532064,-34.9279681
150,250,1287,150_1287,COLÉGIO ANGLO LÍDER,CORDEIRO,"RUA DR. EDINALDO CAMPELO, 136",-8.0532064,-34.9279681
150,252,1287,150_1287,COLÉGIO ANGLO LÍDER,CORDEIRO,"RUA DR. EDINALDO CAMPELO, 136",-8.0532064,-34.9279681
150,258,1287,150_1287,COLÉGIO ANGLO LÍDER,CORDEIRO,"RUA DR. EDINALDO CAMPELO, 136",-8.0532064,-34.9279681
150,265,1287,150_1287,COLÉGIO ANGLO LÍDER,CORDEIRO,"RUA DR. EDINALDO CAMPELO, 136",-8.0532064,-34.9279681
150,270,1287,150_1287,COLÉGIO ANGLO LÍDER,CORDEIRO,"RUA DR. EDINALDO CAMPELO, 136",-8.0532064,-34.9279681
150,275,1287,150_1287,COLÉGIO ANGLO LÍDER,CORDEIRO,"RUA DR. EDINALDO CAMPELO, 136",-8.0532064,-34.9279681
150,282,1287,150_1287,COLÉGIO ANGLO LÍDER,CORDEIRO,"RUA DR. EDINALDO CAMPELO, 136",-8.0532064,-34.9279681
150,290,1287,150_1287,COLÉGIO ANGLO LÍDER,CORDEIRO,"RUA DR. EDINALDO CAMPELO, 136",-8.0532064,-34.9279681
150,298,1287,150_1287,COLÉGIO ANGLO LÍDER,CORDEIRO,"RUA DR. EDINALDO CAMPELO, 136",-8.0532064,-34.9279681
150,364,1287,150_1287,COLÉGIO ANGLO LÍDER,CORDEIRO,"RUA DR. EDINALDO CAMPELO, 136",-8.0532064,-34.9279681
150,235,1295,150_1295,ESCOLA SOUZA VERAS,ENGENHO DO MEIO,"AV. GOVERNADOR GARRO LOPO, 875",-8.0514608,-34.9426332
150,254,1295,150_1295,ESCOLA SOUZA VERAS,ENGENHO DO MEIO,"AV. GOVERNADOR GARRO LOPO, 875",-8.0514608,-34.9426332
150,273,1295,150_1295,ESCOLA SOUZA VERAS,ENGENHO DO MEIO,"AV. GOVERNADOR GARRO LOPO, 875",-8.0514608,-34.9426332
150,283,1295,150_1295,ESCOLA SOUZA VERAS,ENGENHO DO MEIO,"AV. GOVERNADOR GARRO LOPO, 875",-8.0514608,-34.9426332
150,301,1295,150_1295,ESCOLA SOUZA VERAS,ENGENHO DO MEIO,"AV. GOVERNADOR GARRO LOPO, 875",-8.0514608,-34.9426332
150,91,1325,150_1325,ESCOLA PROFESSORA HELENA PUGÓ,SAN MARTIN,RUA QUINZE DE MARÇO - S/N,-8.0677746,-34.9319254
150,92,1325,150_1325,ESCOLA PROFESSORA HELENA PUGÓ,SAN MARTIN,RUA QUINZE DE MARÇO - S/N,-8.0677746,-34.9319254
150,93,1325,150_1325,ESCOLA PROFESSORA HELENA PUGÓ,SAN MARTIN,RUA QUINZE DE MARÇO - S/N,-8.0677746,-34.9319254
150,94,1325,150_1325,ESCOLA PROFESSORA HELENA PUGÓ,SAN MARTIN,RUA QUINZE DE MARÇO - S/N,-8.0677746,-34.9319254
150,95,1325,150_1325,ESCOLA PROFESSORA HELENA PUGÓ,SAN MARTIN,RUA QUINZE DE MARÇO - S/N,-8.0677746,-34.9319254
150,96,1325,150_1325,ESCOLA PROFESSORA HELENA PUGÓ,SAN MARTIN,RUA QUINZE DE MARÇO - S/N,-8.0677746,-34.9319254
150,97,1325,150_1325,ESCOLA PROFESSORA HELENA PUGÓ,SAN MARTIN,RUA QUINZE DE MARÇO - S/N,-8.0677746,-34.9319254
150,98,1325,150_1325,ESCOLA PROFESSORA HELENA PUGÓ,SAN MARTIN,RUA QUINZE DE MARÇO - S/N,-8.0677746,-34.9319254
150,99,1325,150_1325,ESCOLA PROFESSORA HELENA PUGÓ,SAN MARTIN,RUA QUINZE DE MARÇO - S/N,-8.0677746,-34.9319254
150,100,1325,150_1325,ESCOLA PROFESSORA HELENA PUGÓ,SAN MARTIN,RUA QUINZE DE MARÇO - S/N,-8.0677746,-34.9319254
150,227,1325,150_1325,ESCOLA PROFESSORA HELENA PUGÓ,SAN MARTIN,RUA QUINZE DE MARÇO - S/N,-8.0677746,-34.9319254
150,242,1325,150_1325,ESCOLA PROFESSORA HELENA PUGÓ,SAN MARTIN,RUA QUINZE DE MARÇO - S/N,-8.0677746,-34.9319254
150,249,1325,150_1325,ESCOLA PROFESSORA HELENA PUGÓ,SAN MARTIN,RUA QUINZE DE MARÇO - S/N,-8.0677746,-34.9319254
150,253,1325,150_1325,ESCOLA PROFESSORA HELENA PUGÓ,SAN MARTIN,RUA QUINZE DE MARÇO - S/N,-8.0677746,-34.9319254
150,261,1325,150_1325,ESCOLA PROFESSORA HELENA PUGÓ,SAN MARTIN,RUA QUINZE DE MARÇO - S/N,-8.0677746,-34.9319254
150,262,1325,150_1325,ESCOLA PROFESSORA HELENA PUGÓ,SAN MARTIN,RUA QUINZE DE MARÇO - S/N,-8.0677746,-34.9319254
150,271,1325,150_1325,ESCOLA PROFESSORA HELENA PUGÓ,SAN MARTIN,RUA QUINZE DE MARÇO - S/N,-8.0677746,-34.9319254
150,276,1325,150_1325,ESCOLA PROFESSORA HELENA PUGÓ,SAN MARTIN,RUA QUINZE DE MARÇO - S/N,-8.0677746,-34.9319254
150,284,1325,150_1325,ESCOLA PROFESSORA HELENA PUGÓ,SAN MARTIN,RUA QUINZE DE MARÇO - S/N,-8.0677746,-34.9319254
150,285,1325,150_1325,ESCOLA PROFESSORA HELENA PUGÓ,SAN MARTIN,RUA QUINZE DE MARÇO - S/N,-8.0677746,-34.9319254
150,287,1325,150_1325,ESCOLA PROFESSORA HELENA PUGÓ,SAN MARTIN,RUA QUINZE DE MARÇO - S/N,-8.0677746,-34.9319254
150,294,1325,150_1325,ESCOLA PROFESSORA HELENA PUGÓ,SAN MARTIN,RUA QUINZE DE MARÇO - S/N,-8.0677746,-34.9319254
150,367,1325,150_1325,ESCOLA PROFESSORA HELENA PUGÓ,SAN MARTIN,RUA QUINZE DE MARÇO - S/N,-8.0677746,-34.9319254
150,370,1325,150_1325,ESCOLA PROFESSORA HELENA PUGÓ,SAN MARTIN,RUA QUINZE DE MARÇO - S/N,-8.0677746,-34.9319254
150,296,1350,150_1350,ESCOLA MUNICIPAL CREUSA DE FREITAS CAVALCANTI,TORROES,"RUA EPAMINONDAS CRISTOVÃO DE OLIVEIRA, S/N - TORRÕES",-8.0614742,-34.9356116
150,302,1350,150_1350,ESCOLA MUNICIPAL CREUSA DE FREITAS CAVALCANTI,TORROES,"RUA EPAMINONDAS CRISTOVÃO DE OLIVEIRA, S/N - TORRÕES",-8.0614742,-34.9356116
150,368,1350,150_1350,ESCOLA MUNICIPAL CREUSA DE FREITAS CAVALCANTI,TORROES,"RUA EPAMINONDAS CRISTOVÃO DE OLIVEIRA, S/N - TORRÕES",-8.0614742,-34.9356116
150,303,1384,150_1384,ESCOLA PROFESSORA FONTAINHA DE ABREU,CORDEIRO,"RUA ANTÔNIO CARLOS, S/N",-8.0520234,-34.9373661
150,365,1384,150_1384,ESCOLA PROFESSORA FONTAINHA DE ABREU,CORDEIRO,"RUA ANTÔNIO CARLOS, S/N",-8.0520234,-34.9373661
150,304,1430,150_1430,ESCOLA MUNICIPAL PROFESSOR POTIGUAR MATOS,SAN MARTIN,"AVENIDA VINTE E UM DE ABRIL, 2191, SAN MARTIN, RECIFE-PE",-8.0724019,-34.9256886
150,305,1430,150_1430,ESCOLA MUNICIPAL PROFESSOR POTIGUAR MATOS,SAN MARTIN,"AVENIDA VINTE E UM DE ABRIL, 2191, SAN MARTIN, RECIFE-PE",-8.0724019,-34.9256886
150,306,1430,150_1430,ESCOLA MUNICIPAL PROFESSOR POTIGUAR MATOS,SAN MARTIN,"AVENIDA VINTE E UM DE ABRIL, 2191, SAN MARTIN, RECIFE-PE",-8.0724019,-34.9256886
150,307,1430,150_1430,ESCOLA MUNICIPAL PROFESSOR POTIGUAR MATOS,SAN MARTIN,"AVENIDA VINTE E UM DE ABRIL, 2191, SAN MARTIN, RECIFE-PE",-8.0724019,-34.9256886
150,308,1430,150_1430,ESCOLA MUNICIPAL PROFESSOR POTIGUAR MATOS,SAN MARTIN,"AVENIDA VINTE E UM DE ABRIL, 2191, SAN MARTIN, RECIFE-PE",-8.0724019,-34.9256886
150,309,1430,150_1430,ESCOLA MUNICIPAL PROFESSOR POTIGUAR MATOS,SAN MARTIN,"AVENIDA VINTE E UM DE ABRIL, 2191, SAN MARTIN, RECIFE-PE",-8.0724019,-34.9256886
150,310,1430,150_1430,ESCOLA MUNICIPAL PROFESSOR POTIGUAR MATOS,SAN MARTIN,"AVENIDA VINTE E UM DE ABRIL, 2191, SAN MARTIN, RECIFE-PE",-8.0724019,-34.9256886
150,311,1449,150_1449,ESCOLA CARMELA DUTRA,AFOGADOS,"RUA GENERAL SOUZA DOCA, S/N",-8.0785692,-34.9144185
150,312,1449,150_1449,ESCOLA CARMELA DUTRA,AFOGADOS,"RUA GENERAL SOUZA DOCA, S/N",-8.0785692,-34.9144185
150,313,1449,150_1449,ESCOLA CARMELA DUTRA,AFOGADOS,"RUA GENERAL SOUZA DOCA, S/N",-8.0785692,-34.9144185
150,314,1449,150_1449,ESCOLA CARMELA DUTRA,AFOGADOS,"RUA GENERAL SOUZA DOCA, S/N",-8.0785692,-34.9144185
150,315,1449,150_1449,ESCOLA CARMELA DUTRA,AFOGADOS,"RUA GENERAL SOUZA DOCA, S/N",-8.0785692,-34.9144185
150,316,1449,150_1449,ESCOLA CARMELA DUTRA,AFOGADOS,"RUA GENERAL SOUZA DOCA, S/N",-8.0785692,-34.9144185
150,328,1465,150_1465,ESCOLA ANTONIO FARIAS FILHO,SAN MARTIN,"RUA 21 DE ABRIL, S/N",-8.0723236,-34.925852
150,329,1465,150_1465,ESCOLA ANTONIO FARIAS FILHO,SAN MARTIN,"RUA 21 DE ABRIL, S/N",-8.0723236,-34.925852
150,330,1465,150_1465,ESCOLA ANTONIO FARIAS FILHO,SAN MARTIN,"RUA 21 DE ABRIL, S/N",-8.0723236,-34.925852
150,331,1465,150_1465,ESCOLA ANTONIO FARIAS FILHO,SAN MARTIN,"RUA 21 DE ABRIL, S/N",-8.0723236,-34.925852
150,332,1465,150_1465,ESCOLA ANTONIO FARIAS FILHO,SAN MARTIN,"RUA 21 DE ABRIL, S/N",-8.0723236,-34.925852
150,333,1465,150_1465,ESCOLA ANTONIO FARIAS FILHO,SAN MARTIN,"RUA 21 DE ABRIL, S/N",-8.0723236,-34.925852
150,334,1465,150_1465,ESCOLA ANTONIO FARIAS FILHO,SAN MARTIN,"RUA 21 DE ABRIL, S/N",-8.0723236,-34.925852
150,335,1465,150_1465,ESCOLA ANTONIO FARIAS FILHO,SAN MARTIN,"RUA 21 DE ABRIL, S/N",-8.0723236,-34.925852
150,336,1465,150_1465,ESCOLA ANTONIO FARIAS FILHO,SAN MARTIN,"RUA 21 DE ABRIL, S/N",-8.0723236,-34.925852
150,337,1465,150_1465,ESCOLA ANTONIO FARIAS FILHO,SAN MARTIN,"RUA 21 DE ABRIL, S/N",-8.0723236,-34.925852
150,338,1465,150_1465,ESCOLA ANTONIO FARIAS FILHO,SAN MARTIN,"RUA 21 DE ABRIL, S/N",-8.0723236,-34.925852
150,339,1465,150_1465,ESCOLA ANTONIO FARIAS FILHO,SAN MARTIN,"RUA 21 DE ABRIL, S/N",-8.0723236,-34.925852
150,340,1465,150_1465,ESCOLA ANTONIO FARIAS FILHO,SAN MARTIN,"RUA 21 DE ABRIL, S/N",-8.0723236,-34.925852
150,341,1465,150_1465,ESCOLA ANTONIO FARIAS FILHO,SAN MARTIN,"RUA 21 DE ABRIL, S/N",-8.0723236,-34.925852
150,342,1465,150_1465,ESCOLA ANTONIO FARIAS FILHO,SAN MARTIN,"RUA 21 DE ABRIL, S/N",-8.0723236,-34.925852
150,374,1465,150_1465,ESCOLA ANTONIO FARIAS FILHO,SAN MARTIN,"RUA 21 DE ABRIL, S/N",-8.0723236,-34.925852
150,343,1473,150_1473,ESCOLA MUNICIPAL EDITE BRAGA,AFOGADOS,"RUA NICOLAU PEREIRA, 85",-8.0790561,-34.904918
150,344,1473,150_1473,ESCOLA MUNICIPAL EDITE BRAGA,AFOGADOS,"RUA NICOLAU PEREIRA, 85",-8.0790561,-34.904918
150,345,1473,150_1473,ESCOLA MUNICIPAL EDITE BRAGA,AFOGADOS,"RUA NICOLAU PEREIRA, 85",-8.0790561,-34.904918
150,346,1481,150_1481,ESCOLA VIDAL DE NEGREIROS,AFOGADOS,"RUA BEZERRA DA PALMA ,SN",-8.077181,-34.9137707
150,347,1481,150_1481,ESCOLA VIDAL DE NEGREIROS,AFOGADOS,"RUA BEZERRA DA PALMA ,SN",-8.077181,-34.9137707
150,348,1481,150_1481,ESCOLA VIDAL DE NEGREIROS,AFOGADOS,"RUA BEZERRA DA PALMA ,SN",-8.077181,-34.9137707
150,349,1481,150_1481,ESCOLA VIDAL DE NEGREIROS,AFOGADOS,"RUA BEZERRA DA PALMA ,SN",-8.077181,-34.9137707
150,350,1481,150_1481,ESCOLA VIDAL DE NEGREIROS,AFOGADOS,"RUA BEZERRA DA PALMA ,SN",-8.077181,-34.9137707
150,351,1481,150_1481,ESCOLA VIDAL DE NEGREIROS,AFOGADOS,"RUA BEZERRA DA PALMA ,SN",-8.077181,-34.9137707
150,352,1481,150_1481,ESCOLA VIDAL DE NEGREIROS,AFOGADOS,"RUA BEZERRA DA PALMA ,SN",-8.077181,-34.9137707
150,353,1481,150_1481,ESCOLA VIDAL DE NEGREIROS,AFOGADOS,"RUA BEZERRA DA PALMA ,SN",-8.077181,-34.9137707
150,354,1481,150_1481,ESCOLA VIDAL DE NEGREIROS,AFOGADOS,"RUA BEZERRA DA PALMA ,SN",-8.077181,-34.9137707
150,355,1481,150_1481,ESCOLA VIDAL DE NEGREIROS,AFOGADOS,"RUA BEZERRA DA PALMA ,SN",-8.077181,-34.9137707
150,356,1481,150_1481,ESCOLA VIDAL DE NEGREIROS,AFOGADOS,"RUA BEZERRA DA PALMA ,SN",-8.077181,-34.9137707
150,357,1481,150_1481,ESCOLA VIDAL DE NEGREIROS,AFOGADOS,"RUA BEZERRA DA PALMA ,SN",-8.077181,-34.9137707
150,358,1481,150_1481,ESCOLA VIDAL DE NEGREIROS,AFOGADOS,"RUA BEZERRA DA PALMA ,SN",-8.077181,-34.9137707
150,37,1503,150_1503,FACULDADE IMACULADA CONCEIÇÃO DO RECIFE,IPUTINGA,"AV. CAXANGÁ, 3841",-8.0402581,-34.9399408
150,38,1503,150_1503,FACULDADE IMACULADA CONCEIÇÃO DO RECIFE,IPUTINGA,"AV. CAXANGÁ, 3841",-8.0402581,-34.9399408
150,39,1503,150_1503,FACULDADE IMACULADA CONCEIÇÃO DO RECIFE,IPUTINGA,"AV. CAXANGÁ, 3841",-8.0402581,-34.9399408
150,40,1503,150_1503,FACULDADE IMACULADA CONCEIÇÃO DO RECIFE,IPUTINGA,"AV. CAXANGÁ, 3841",-8.0402581,-34.9399408
150,41,1503,150_1503,FACULDADE IMACULADA CONCEIÇÃO DO RECIFE,IPUTINGA,"AV. CAXANGÁ, 3841",-8.0402581,-34.9399408
150,42,1503,150_1503,FACULDADE IMACULADA CONCEIÇÃO DO RECIFE,IPUTINGA,"AV. CAXANGÁ, 3841",-8.0402581,-34.9399408
150,43,1503,150_1503,FACULDADE IMACULADA CONCEIÇÃO DO RECIFE,IPUTINGA,"AV. CAXANGÁ, 3841",-8.0402581,-34.9399408
150,44,1503,150_1503,FACULDADE IMACULADA CONCEIÇÃO DO RECIFE,IPUTINGA,"AV. CAXANGÁ, 3841",-8.0402581,-34.9399408
150,45,1503,150_1503,FACULDADE IMACULADA CONCEIÇÃO DO RECIFE,IPUTINGA,"AV. CAXANGÁ, 3841",-8.0402581,-34.9399408
150,46,1503,150_1503,FACULDADE IMACULADA CONCEIÇÃO DO RECIFE,IPUTINGA,"AV. CAXANGÁ, 3841",-8.0402581,-34.9399408
150,47,1503,150_1503,FACULDADE IMACULADA CONCEIÇÃO DO RECIFE,IPUTINGA,"AV. CAXANGÁ, 3841",-8.0402581,-34.9399408
150,48,1503,150_1503,FACULDADE IMACULADA CONCEIÇÃO DO RECIFE,IPUTINGA,"AV. CAXANGÁ, 3841",-8.0402581,-34.9399408
150,49,1503,150_1503,FACULDADE IMACULADA CONCEIÇÃO DO RECIFE,IPUTINGA,"AV. CAXANGÁ, 3841",-8.0402581,-34.9399408
150,50,1503,150_1503,FACULDADE IMACULADA CONCEIÇÃO DO RECIFE,IPUTINGA,"AV. CAXANGÁ, 3841",-8.0402581,-34.9399408
150,51,1503,150_1503,FACULDADE IMACULADA CONCEIÇÃO DO RECIFE,IPUTINGA,"AV. CAXANGÁ, 3841",-8.0402581,-34.9399408
150,52,1503,150_1503,FACULDADE IMACULADA CONCEIÇÃO DO RECIFE,IPUTINGA,"AV. CAXANGÁ, 3841",-8.0402581,-34.9399408
150,53,1503,150_1503,FACULDADE IMACULADA CONCEIÇÃO DO RECIFE,IPUTINGA,"AV. CAXANGÁ, 3841",-8.0402581,-34.9399408
150,54,1503,150_1503,FACULDADE IMACULADA CONCEIÇÃO DO RECIFE,IPUTINGA,"AV. CAXANGÁ, 3841",-8.0402581,-34.9399408
150,55,1503,150_1503,FACULDADE IMACULADA CONCEIÇÃO DO RECIFE,IPUTINGA,"AV. CAXANGÁ, 3841",-8.0402581,-34.9399408
150,56,1503,150_1503,FACULDADE IMACULADA CONCEIÇÃO DO RECIFE,IPUTINGA,"AV. CAXANGÁ, 3841",-8.0402581,-34.9399408
150,57,1503,150_1503,FACULDADE IMACULADA CONCEIÇÃO DO RECIFE,IPUTINGA,"AV. CAXANGÁ, 3841",-8.0402581,-34.9399408
150,58,1503,150_1503,FACULDADE IMACULADA CONCEIÇÃO DO RECIFE,IPUTINGA,"AV. CAXANGÁ, 3841",-8.0402581,-34.9399408
150,59,1503,150_1503,FACULDADE IMACULADA CONCEIÇÃO DO RECIFE,IPUTINGA,"AV. CAXANGÁ, 3841",-8.0402581,-34.9399408
150,60,1503,150_1503,FACULDADE IMACULADA CONCEIÇÃO DO RECIFE,IPUTINGA,"AV. CAXANGÁ, 3841",-8.0402581,-34.9399408
150,61,1503,150_1503,FACULDADE IMACULADA CONCEIÇÃO DO RECIFE,IPUTINGA,"AV. CAXANGÁ, 3841",-8.0402581,-34.9399408
150,62,1503,150_1503,FACULDADE IMACULADA CONCEIÇÃO DO RECIFE,IPUTINGA,"AV. CAXANGÁ, 3841",-8.0402581,-34.9399408
150,63,1503,150_1503,FACULDADE IMACULADA CONCEIÇÃO DO RECIFE,IPUTINGA,"AV. CAXANGÁ, 3841",-8.0402581,-34.9399408
150,194,1511,150_1511,CENTRO MUNICIPAL DA EDUCAÇÃO INFANTIL DO BONGI,BONGI,"RUA MAJOR MARIO PORTELA, 560 - BONGI",-8.0666117,-34.9153278
150,195,1511,150_1511,CENTRO MUNICIPAL DA EDUCAÇÃO INFANTIL DO BONGI,BONGI,"RUA MAJOR MARIO PORTELA, 560 - BONGI",-8.0666117,-34.9153278
150,196,1511,150_1511,CENTRO MUNICIPAL DA EDUCAÇÃO INFANTIL DO BONGI,BONGI,"RUA MAJOR MARIO PORTELA, 560 - BONGI",-8.0666117,-34.9153278
150,197,1511,150_1511,CENTRO MUNICIPAL DA EDUCAÇÃO INFANTIL DO BONGI,BONGI,"RUA MAJOR MARIO PORTELA, 560 - BONGI",-8.0666117,-34.9153278
150,199,1511,150_1511,CENTRO MUNICIPAL DA EDUCAÇÃO INFANTIL DO BONGI,BONGI,"RUA MAJOR MARIO PORTELA, 560 - BONGI",-8.0666117,-34.9153278
150,202,1520,150_1520,ESCOLA MARIA GORETTI,AFOGADOS,RUA PADRE TEOFILO TWORZ,-8.0649546,-34.9098732
150,229,1520,150_1520,ESCOLA MARIA GORETTI,AFOGADOS,RUA PADRE TEOFILO TWORZ,-8.0649546,-34.9098732
150,236,1520,150_1520,ESCOLA MARIA GORETTI,AFOGADOS,RUA PADRE TEOFILO TWORZ,-8.0649546,-34.9098732
150,263,1520,150_1520,ESCOLA MARIA GORETTI,AFOGADOS,RUA PADRE TEOFILO TWORZ,-8.0649546,-34.9098732
150,277,1520,150_1520,ESCOLA MARIA GORETTI,AFOGADOS,RUA PADRE TEOFILO TWORZ,-8.0649546,-34.9098732
150,280,1520,150_1520,ESCOLA MARIA GORETTI,AFOGADOS,RUA PADRE TEOFILO TWORZ,-8.0649546,-34.9098732
150,292,1520,150_1520,ESCOLA MARIA GORETTI,AFOGADOS,RUA PADRE TEOFILO TWORZ,-8.0649546,-34.9098732
150,299,1520,150_1520,ESCOLA MARIA GORETTI,AFOGADOS,RUA PADRE TEOFILO TWORZ,-8.0649546,-34.9098732
150,378,1520,150_1520,ESCOLA MARIA GORETTI,AFOGADOS,RUA PADRE TEOFILO TWORZ,-8.0649546,-34.9098732
150,251,1538,150_1538,CRECHE ESCOLA RECIFE MIGUEL ARRAES(ATRÁS DA ESC PINTOR LAURO VILLARES),TORROES,"RUA PINTOR HELIO FEIJÓ, S/N",-8.0598276,-34.9375792
150,256,1538,150_1538,CRECHE ESCOLA RECIFE MIGUEL ARRAES(ATRÁS DA ESC PINTOR LAURO VILLARES),TORROES,"RUA PINTOR HELIO FEIJÓ, S/N",-8.0598276,-34.9375792
150,264,1538,150_1538,CRECHE ESCOLA RECIFE MIGUEL ARRAES(ATRÁS DA ESC PINTOR LAURO VILLARES),TORROES,"RUA PINTOR HELIO FEIJÓ, S/N",-8.0598276,-34.9375792
150,267,1538,150_1538,CRECHE ESCOLA RECIFE MIGUEL ARRAES(ATRÁS DA ESC PINTOR LAURO VILLARES),TORROES,"RUA PINTOR HELIO FEIJÓ, S/N",-8.0598276,-34.9375792
150,274,1538,150_1538,CRECHE ESCOLA RECIFE MIGUEL ARRAES(ATRÁS DA ESC PINTOR LAURO VILLARES),TORROES,"RUA PINTOR HELIO FEIJÓ, S/N",-8.0598276,-34.9375792
150,376,1538,150_1538,CRECHE ESCOLA RECIFE MIGUEL ARRAES(ATRÁS DA ESC PINTOR LAURO VILLARES),TORROES,"RUA PINTOR HELIO FEIJÓ, S/N",-8.0598276,-34.9375792
150,158,1546,150_1546,ESCOLA EDUCADOR PAULO FREIRE,SAN MARTIN,"AV. ENGENHEIRO ABDIAS DE CARVALHO, S/N",-8.061762,-34.9236329
150,159,1546,150_1546,ESCOLA EDUCADOR PAULO FREIRE,SAN MARTIN,"AV. ENGENHEIRO ABDIAS DE CARVALHO, S/N",-8.061762,-34.9236329
150,160,1546,150_1546,ESCOLA EDUCADOR PAULO FREIRE,SAN MARTIN,"AV. ENGENHEIRO ABDIAS DE CARVALHO, S/N",-8.061762,-34.9236329
150,161,1546,150_1546,ESCOLA EDUCADOR PAULO FREIRE,SAN MARTIN,"AV. ENGENHEIRO ABDIAS DE CARVALHO, S/N",-8.061762,-34.9236329
150,162,1546,150_1546,ESCOLA EDUCADOR PAULO FREIRE,SAN MARTIN,"AV. ENGENHEIRO ABDIAS DE CARVALHO, S/N",-8.061762,-34.9236329
150,163,1546,150_1546,ESCOLA EDUCADOR PAULO FREIRE,SAN MARTIN,"AV. ENGENHEIRO ABDIAS DE CARVALHO, S/N",-8.061762,-34.9236329
150,164,1546,150_1546,ESCOLA EDUCADOR PAULO FREIRE,SAN MARTIN,"AV. ENGENHEIRO ABDIAS DE CARVALHO, S/N",-8.061762,-34.9236329
150,165,1546,150_1546,ESCOLA EDUCADOR PAULO FREIRE,SAN MARTIN,"AV. ENGENHEIRO ABDIAS DE CARVALHO, S/N",-8.061762,-34.9236329
150,234,1554,150_1554,CRECHE MUNICIPAL WALDIR SAVLUCHINSKE,ENGENHO DO MEIO,RUA ALVARO TEIXEIRA DE MESQUITA,-8.050649,-34.9394413
150,245,1554,150_1554,CRECHE MUNICIPAL WALDIR SAVLUCHINSKE,ENGENHO DO MEIO,RUA ALVARO TEIXEIRA DE MESQUITA,-8.050649,-34.9394413
150,259,1554,150_1554,CRECHE MUNICIPAL WALDIR SAVLUCHINSKE,ENGENHO DO MEIO,RUA ALVARO TEIXEIRA DE MESQUITA,-8.050649,-34.9394413
150,272,1554,150_1554,CRECHE MUNICIPAL WALDIR SAVLUCHINSKE,ENGENHO DO MEIO,RUA ALVARO TEIXEIRA DE MESQUITA,-8.050649,-34.9394413
150,281,1554,150_1554,CRECHE MUNICIPAL WALDIR SAVLUCHINSKE,ENGENHO DO MEIO,RUA ALVARO TEIXEIRA DE MESQUITA,-8.050649,-34.9394413
150,288,1554,150_1554,CRECHE MUNICIPAL WALDIR SAVLUCHINSKE,ENGENHO DO MEIO,RUA ALVARO TEIXEIRA DE MESQUITA,-8.050649,-34.9394413
150,260,1562,150_1562,CRECHE MUNICIPAL CEAPE,ENGENHO DO MEIO,"RUA COSTA SEPULVEDA, 415-A",-8.0539306,-34.9406992
150,286,1562,150_1562,CRECHE MUNICIPAL CEAPE,ENGENHO DO MEIO,"RUA COSTA SEPULVEDA, 415-A",-8.0539306,-34.9406992
150,293,1562,150_1562,CRECHE MUNICIPAL CEAPE,ENGENHO DO MEIO,"RUA COSTA SEPULVEDA, 415-A",-8.0539306,-34.9406992
150,300,1562,150_1562,CRECHE MUNICIPAL CEAPE,ENGENHO DO MEIO,"RUA COSTA SEPULVEDA, 415-A",-8.0539306,-34.9406992
150,228,1570,150_1570,ESCOLA ARCA DE NOÉ,AFOGADOS,"RUA DR. ADELINO, 289 - AFOGADOS",-8.0757863,-34.9099689
150,247,1570,150_1570,ESCOLA ARCA DE NOÉ,AFOGADOS,"RUA DR. ADELINO, 289 - AFOGADOS",-8.0757863,-34.9099689
150,266,1570,150_1570,ESCOLA ARCA DE NOÉ,AFOGADOS,"RUA DR. ADELINO, 289 - AFOGADOS",-8.0757863,-34.9099689
150,279,1570,150_1570,ESCOLA ARCA DE NOÉ,AFOGADOS,"RUA DR. ADELINO, 289 - AFOGADOS",-8.0757863,-34.9099689
150,289,1570,150_1570,ESCOLA ARCA DE NOÉ,AFOGADOS,"RUA DR. ADELINO, 289 - AFOGADOS",-8.0757863,-34.9099689
150,291,1597,150_1597,ESCOLA CHAVE DO SABER,AFOGADOS,"RUA JOSÉ MIRANDA, 172 - AFOGADOS",-8.0748663,-34.9101764
150,297,1597,150_1597,ESCOLA CHAVE DO SABER,AFOGADOS,"RUA JOSÉ MIRANDA, 172 - AFOGADOS",-8.0748663,-34.9101764
150,317,1597,150_1597,ESCOLA CHAVE DO SABER,AFOGADOS,"RUA JOSÉ MIRANDA, 172 - AFOGADOS",-8.0748663,-34.9101764
150,318,1600,150_1600,CLUBE BATUTAS DE SÃO JOSÉ,AFOGADOS,"RUA CABEDELO, 60 - AFOGADOS",-8.0761605,-34.9108833
150,319,1600,150_1600,CLUBE BATUTAS DE SÃO JOSÉ,AFOGADOS,"RUA CABEDELO, 60 - AFOGADOS",-8.0761605,-34.9108833
150,320,1600,150_1600,CLUBE BATUTAS DE SÃO JOSÉ,AFOGADOS,"RUA CABEDELO, 60 - AFOGADOS",-8.0761605,-34.9108833
150,321,1600,150_1600,CLUBE BATUTAS DE SÃO JOSÉ,AFOGADOS,"RUA CABEDELO, 60 - AFOGADOS",-8.0761605,-34.9108833
150,322,1600,150_1600,CLUBE BATUTAS DE SÃO JOSÉ,AFOGADOS,"RUA CABEDELO, 60 - AFOGADOS",-8.0761605,-34.9108833
150,323,1600,150_1600,CLUBE BATUTAS DE SÃO JOSÉ,AFOGADOS,"RUA CABEDELO, 60 - AFOGADOS",-8.0761605,-34.9108833
150,324,1600,150_1600,CLUBE BATUTAS DE SÃO JOSÉ,AFOGADOS,"RUA CABEDELO, 60 - AFOGADOS",-8.0761605,-34.9108833
150,325,1600,150_1600,CLUBE BATUTAS DE SÃO JOSÉ,AFOGADOS,"RUA CABEDELO, 60 - AFOGADOS",-8.0761605,-34.9108833
150,326,1600,150_1600,CLUBE BATUTAS DE SÃO JOSÉ,AFOGADOS,"RUA CABEDELO, 60 - AFOGADOS",-8.0761605,-34.9108833
150,327,1600,150_1600,CLUBE BATUTAS DE SÃO JOSÉ,AFOGADOS,"RUA CABEDELO, 60 - AFOGADOS",-8.0761605,-34.9108833
